{"type": "FeatureCollection", "features": [{"type": "Feature", "properties": {"stop_id": "5010786347", "name": "Tse Addo"}, "geometry": {"type": "Point", "coordinates": [-0.1385354, 5.5876178]}}, {"type": "Feature", "properties": {"stop_id": "5030747563", "name": "Bostal"}, "geometry": {"type": "Point", "coordinates": [-0.1887972, 5.6064145]}}, {"type": "Feature", "properties": {"stop_id": "5010786348", "name": "Second Juction"}, "geometry": {"type": "Point", "coordinates": [-0.1416218, 5.5856485]}}, {"type": "Feature", "properties": {"stop_id": "5010786349", "name": "Junction"}, "geometry": {"type": "Point", "coordinates": [-0.1426688, 5.5843281]}}, {"type": "Feature", "properties": {"stop_id": "SA4990070170", "name": "Fadama"}, "geometry": {"type": "Point", "coordinates": [-0.2407929, 5.601748]}}, {"type": "Feature", "properties": {"stop_id": "SA5092998363", "name": "White Wall"}, "geometry": {"type": "Point", "coordinates": [-0.1962331, 5.6135692]}}, {"type": "Feature", "properties": {"stop_id": "SA5064268099", "name": "Drug Store"}, "geometry": {"type": "Point", "coordinates": [-0.2326527, 5.590827]}}, {"type": "Feature", "properties": {"stop_id": "SA5092998364", "name": "Kokomlemle (Pro Credit)"}, "geometry": {"type": "Point", "coordinates": [-0.2114448, 5.5783627]}}, {"type": "Feature", "properties": {"stop_id": "SA5039895714", "name": "Mallam Attah Market"}, "geometry": {"type": "Point", "coordinates": [-0.2095848, 5.5863151]}}, {"type": "Feature", "properties": {"stop_id": "SA5040917093", "name": "Yellow House"}, "geometry": {"type": "Point", "coordinates": [-0.2690014, 5.6382209]}}, {"type": "Feature", "properties": {"stop_id": "4990070168", "name": "Free Pipe"}, "geometry": {"type": "Point", "coordinates": [-0.2376645, 5.5998619]}}, {"type": "Feature", "properties": {"stop_id": "SA5036738889", "name": "Lapaz Station"}, "geometry": {"type": "Point", "coordinates": [-0.2082377, 5.5840866]}}, {"type": "Feature", "properties": {"stop_id": "SA5064268097", "name": "Welfare"}, "geometry": {"type": "Point", "coordinates": [-0.234168, 5.5691119]}}, {"type": "Feature", "properties": {"stop_id": "30730108", "name": "Home touch"}, "geometry": {"type": "Point", "coordinates": [-0.1675613, 5.587401]}}, {"type": "Feature", "properties": {"stop_id": "5039970963", "name": "Top Class"}, "geometry": {"type": "Point", "coordinates": [-0.1994135, 5.5964991]}}, {"type": "Feature", "properties": {"stop_id": "5041783471", "name": "Omanjor Main station"}, "geometry": {"type": "Point", "coordinates": [-0.2970056, 5.6388414]}}, {"type": "Feature", "properties": {"stop_id": "5041783470", "name": "School Junction"}, "geometry": {"type": "Point", "coordinates": [-0.2935256, 5.6367199]}}, {"type": "Feature", "properties": {"stop_id": "5102890841", "name": "Curve Shiabu"}, "geometry": {"type": "Point", "coordinates": [-0.25466, 5.5258184]}}, {"type": "Feature", "properties": {"stop_id": "5102890840", "name": "Shiabu"}, "geometry": {"type": "Point", "coordinates": [-0.2567437, 5.5253602]}}, {"type": "Feature", "properties": {"stop_id": "5041783474", "name": "Omanjor"}, "geometry": {"type": "Point", "coordinates": [-0.298025, 5.6477198]}}, {"type": "Feature", "properties": {"stop_id": "SA5039839197", "name": "Casajan"}, "geometry": {"type": "Point", "coordinates": [-0.2236549, 5.5816196]}}, {"type": "Feature", "properties": {"stop_id": "SA5039839196", "name": "Immesco Rice"}, "geometry": {"type": "Point", "coordinates": [-0.231307, 5.5899273]}}, {"type": "Feature", "properties": {"stop_id": "SA5039839199", "name": "Latex Foam"}, "geometry": {"type": "Point", "coordinates": [-0.223065, 5.5762839]}}, {"type": "Feature", "properties": {"stop_id": "SA5039839198", "name": "SSB"}, "geometry": {"type": "Point", "coordinates": [-0.2232712, 5.5780506]}}, {"type": "Feature", "properties": {"stop_id": "5039970961", "name": "Master Chef"}, "geometry": {"type": "Point", "coordinates": [-0.2073193, 5.5890703]}}, {"type": "Feature", "properties": {"stop_id": "5010252541", "name": "Roman"}, "geometry": {"type": "Point", "coordinates": [-0.250826, 5.6341761]}}, {"type": "Feature", "properties": {"stop_id": "5040173329", "name": "PTC"}, "geometry": {"type": "Point", "coordinates": [-0.2151494, 5.567761]}}, {"type": "Feature", "properties": {"stop_id": "5111784811", "name": "Mataheko"}, "geometry": {"type": "Point", "coordinates": [-0.257078, 5.5556049]}}, {"type": "Feature", "properties": {"stop_id": "SA5113398166", "name": "Ashaiman Market"}, "geometry": {"type": "Point", "coordinates": [-0.0301026, 5.6878209]}}, {"type": "Feature", "properties": {"stop_id": "SA5024136432", "name": "Sergeant Adjettey"}, "geometry": {"type": "Point", "coordinates": [-0.1611295, 5.5585986]}}, {"type": "Feature", "properties": {"stop_id": "5026822852", "name": "Electricity"}, "geometry": {"type": "Point", "coordinates": [-0.2334234, 5.534641]}}, {"type": "Feature", "properties": {"stop_id": "5051365823", "name": "Fan-Milk"}, "geometry": {"type": "Point", "coordinates": [-0.2981107, 5.6360717]}}, {"type": "Feature", "properties": {"stop_id": "5051365822", "name": "White House"}, "geometry": {"type": "Point", "coordinates": [-0.2981503, 5.6330175]}}, {"type": "Feature", "properties": {"stop_id": "SA4981090368", "name": "GIMPA"}, "geometry": {"type": "Point", "coordinates": [-0.2052399, 5.6413781]}}, {"type": "Feature", "properties": {"stop_id": "SA5024136430", "name": "Vet"}, "geometry": {"type": "Point", "coordinates": [-0.1677564, 5.5562514]}}, {"type": "Feature", "properties": {"stop_id": "SA4981090369", "name": "Golf Park"}, "geometry": {"type": "Point", "coordinates": [-0.2194433, 5.6301744]}}, {"type": "Feature", "properties": {"stop_id": "SA5113398164", "name": "Immigration"}, "geometry": {"type": "Point", "coordinates": [-0.1918167, 5.5693854]}}, {"type": "Feature", "properties": {"stop_id": "SA5113398162", "name": "Ministries"}, "geometry": {"type": "Point", "coordinates": [-0.1989184, 5.5516431]}}, {"type": "Feature", "properties": {"stop_id": "5031322654", "name": "Tigo Office"}, "geometry": {"type": "Point", "coordinates": [-0.205726, 5.5576005]}}, {"type": "Feature", "properties": {"stop_id": "5014716659", "name": "Abeka Total"}, "geometry": {"type": "Point", "coordinates": [-0.2335625, 5.597953]}}, {"type": "Feature", "properties": {"stop_id": "5014716658", "name": "Mesco"}, "geometry": {"type": "Point", "coordinates": [-0.2299199, 5.5907051]}}, {"type": "Feature", "properties": {"stop_id": "5014716655", "name": "Fan Milk Junction"}, "geometry": {"type": "Point", "coordinates": [-0.2228472, 5.5731943]}}, {"type": "Feature", "properties": {"stop_id": "5040597421", "name": "Lomnava First Curve"}, "geometry": {"type": "Point", "coordinates": [-0.2714589, 5.631602]}}, {"type": "Feature", "properties": {"stop_id": "5014716657", "name": "Melcom"}, "geometry": {"type": "Point", "coordinates": [-0.2269332, 5.5879449]}}, {"type": "Feature", "properties": {"stop_id": "4990070163", "name": "CAT"}, "geometry": {"type": "Point", "coordinates": [-0.2219576, 5.5951809]}}, {"type": "Feature", "properties": {"stop_id": "5040597424", "name": "Israel Junction"}, "geometry": {"type": "Point", "coordinates": [-0.2638615, 5.6308505]}}, {"type": "Feature", "properties": {"stop_id": "5040597425", "name": "Alhaji Station"}, "geometry": {"type": "Point", "coordinates": [-0.2617423, 5.6282898]}}, {"type": "Feature", "properties": {"stop_id": "5009934973", "name": "Satellite"}, "geometry": {"type": "Point", "coordinates": [-0.3186102, 5.7466844]}}, {"type": "Feature", "properties": {"stop_id": "5039908071", "name": "Kotobabi Down (Polo Park)"}, "geometry": {"type": "Point", "coordinates": [-0.2091993, 5.5958129]}}, {"type": "Feature", "properties": {"stop_id": "5039908070", "name": "Five five"}, "geometry": {"type": "Point", "coordinates": [-0.2073006, 5.5900474]}}, {"type": "Feature", "properties": {"stop_id": "5021041724", "name": "Chairman"}, "geometry": {"type": "Point", "coordinates": [-0.2861678, 5.648865]}}, {"type": "Feature", "properties": {"stop_id": "5022640050", "name": "Ridge"}, "geometry": {"type": "Point", "coordinates": [-0.1966421, 5.5600459]}}, {"type": "Feature", "properties": {"stop_id": "SA5035642560", "name": "K Fori"}, "geometry": {"type": "Point", "coordinates": [-0.2334387, 5.6907308]}}, {"type": "Feature", "properties": {"stop_id": "5028942307", "name": "Nima Roundabout"}, "geometry": {"type": "Point", "coordinates": [-0.2008583, 5.5774841]}}, {"type": "Feature", "properties": {"stop_id": "5111502567", "name": "Abase"}, "geometry": {"type": "Point", "coordinates": [-0.2033473, 5.6165985]}}, {"type": "Feature", "properties": {"stop_id": "5111502568", "name": "Tullow"}, "geometry": {"type": "Point", "coordinates": [-0.1808284, 5.6217735]}}, {"type": "Feature", "properties": {"stop_id": "5028942308", "name": "Traffic"}, "geometry": {"type": "Point", "coordinates": [-0.1982492, 5.5826358]}}, {"type": "Feature", "properties": {"stop_id": "SA5030980189", "name": "Alaska (Nima Maamobi)"}, "geometry": {"type": "Point", "coordinates": [-0.1972468, 5.5861405]}}, {"type": "Feature", "properties": {"stop_id": "2961513338", "name": "Labone"}, "geometry": {"type": "Point", "coordinates": [-0.1735575, 5.5629928]}}, {"type": "Feature", "properties": {"stop_id": "4996742720", "name": "JT"}, "geometry": {"type": "Point", "coordinates": [-0.2454452, 5.5626042]}}, {"type": "Feature", "properties": {"stop_id": "SA5040597423", "name": "Masalaashi Israel"}, "geometry": {"type": "Point", "coordinates": [-0.2666686, 5.6309433]}}, {"type": "Feature", "properties": {"stop_id": "4985315422", "name": "Accra Royal"}, "geometry": {"type": "Point", "coordinates": [-0.2217799, 5.5380444]}}, {"type": "Feature", "properties": {"stop_id": "2961513337", "name": "Labone"}, "geometry": {"type": "Point", "coordinates": [-0.1725142, 5.5621452]}}, {"type": "Feature", "properties": {"stop_id": "5025334219", "name": "Salaga Market"}, "geometry": {"type": "Point", "coordinates": [-0.2090679, 5.5397822]}}, {"type": "Feature", "properties": {"stop_id": "SA5023802897", "name": "Add a name to the stop with JungleBus app"}, "geometry": {"type": "Point", "coordinates": [-0.2435332, 5.5819888]}}, {"type": "Feature", "properties": {"stop_id": "SA5004961004", "name": "Multi Choice"}, "geometry": {"type": "Point", "coordinates": [-0.2031773, 5.5725479]}}, {"type": "Feature", "properties": {"stop_id": "5022509201", "name": "UTC"}, "geometry": {"type": "Point", "coordinates": [-0.2172129, 5.5380858]}}, {"type": "Feature", "properties": {"stop_id": "5022509200", "name": "Agbado"}, "geometry": {"type": "Point", "coordinates": [-0.2158582, 5.5386122]}}, {"type": "Feature", "properties": {"stop_id": "5022509207", "name": "Akoshi Junction Mamprobi"}, "geometry": {"type": "Point", "coordinates": [-0.2463636, 5.5355357]}}, {"type": "Feature", "properties": {"stop_id": "5022509206", "name": "Mamprobi Methodist"}, "geometry": {"type": "Point", "coordinates": [-0.2438564, 5.535064]}}, {"type": "Feature", "properties": {"stop_id": "SA5004961003", "name": "GBC First"}, "geometry": {"type": "Point", "coordinates": [-0.1937479, 5.5738953]}}, {"type": "Feature", "properties": {"stop_id": "SA5004961002", "name": "GBC Second"}, "geometry": {"type": "Point", "coordinates": [-0.1922124, 5.5730129]}}, {"type": "Feature", "properties": {"stop_id": "5022509209", "name": "Banana Inn Transformer"}, "geometry": {"type": "Point", "coordinates": [-0.2532018, 5.5408294]}}, {"type": "Feature", "properties": {"stop_id": "5022509208", "name": "St.Marys"}, "geometry": {"type": "Point", "coordinates": [-0.2490921, 5.5386984]}}, {"type": "Feature", "properties": {"stop_id": "SA5025972752", "name": "Presby"}, "geometry": {"type": "Point", "coordinates": [-0.1840365, 5.5592716]}}, {"type": "Feature", "properties": {"stop_id": "5015015387", "name": "Lapaz Community Hospital"}, "geometry": {"type": "Point", "coordinates": [-0.2540407, 5.6088407]}}, {"type": "Feature", "properties": {"stop_id": "3785166428", "name": "Rawlings Junction"}, "geometry": {"type": "Point", "coordinates": [-0.1292828, 5.6512389]}}, {"type": "Feature", "properties": {"stop_id": "SA5025972754", "name": "Ama"}, "geometry": {"type": "Point", "coordinates": [-0.2038321, 5.54482]}}, {"type": "Feature", "properties": {"stop_id": "SA5035412452", "name": "Presby"}, "geometry": {"type": "Point", "coordinates": [-0.2329899, 5.574691]}}, {"type": "Feature", "properties": {"stop_id": "SA5040089798", "name": "Jehova junction"}, "geometry": {"type": "Point", "coordinates": [-0.2076699, 5.5903019]}}, {"type": "Feature", "properties": {"stop_id": "SA5035412451", "name": "Alhadji"}, "geometry": {"type": "Point", "coordinates": [-0.2389863, 5.5846894]}}, {"type": "Feature", "properties": {"stop_id": "5015015388", "name": "Tabora Number2"}, "geometry": {"type": "Point", "coordinates": [-0.2598571, 5.6060456]}}, {"type": "Feature", "properties": {"stop_id": "5015015389", "name": "Dega Junction"}, "geometry": {"type": "Point", "coordinates": [-0.2756813, 5.615243]}}, {"type": "Feature", "properties": {"stop_id": "4990644967", "name": "Sakumono"}, "geometry": {"type": "Point", "coordinates": [-0.0694091, 5.6226239]}}, {"type": "Feature", "properties": {"stop_id": "5064189141", "name": "Rafiki"}, "geometry": {"type": "Point", "coordinates": [-0.3496052, 5.7449102]}}, {"type": "Feature", "properties": {"stop_id": "5022942957", "name": "Mamprobi Shell"}, "geometry": {"type": "Point", "coordinates": [-0.2378132, 5.5337434]}}, {"type": "Feature", "properties": {"stop_id": "4990644969", "name": "Parakuo"}, "geometry": {"type": "Point", "coordinates": [-0.073187, 5.6233422]}}, {"type": "Feature", "properties": {"stop_id": "5041783473", "name": "Dwenewoho Station"}, "geometry": {"type": "Point", "coordinates": [-0.2980604, 5.6454289]}}, {"type": "Feature", "properties": {"stop_id": "5040135021", "name": "Shangrila"}, "geometry": {"type": "Point", "coordinates": [-0.1770963, 5.6170869]}}, {"type": "Feature", "properties": {"stop_id": "SA3109291911", "name": "Circle"}, "geometry": {"type": "Point", "coordinates": [-0.2132665, 5.569608]}}, {"type": "Feature", "properties": {"stop_id": "5041783472", "name": "Washing Base"}, "geometry": {"type": "Point", "coordinates": [-0.2980681, 5.6402947]}}, {"type": "Feature", "properties": {"stop_id": "SA5051364313", "name": "Bridge"}, "geometry": {"type": "Point", "coordinates": [-0.2965362, 5.6139177]}}, {"type": "Feature", "properties": {"stop_id": "4990251217", "name": "Dome New Station"}, "geometry": {"type": "Point", "coordinates": [-0.2373407, 5.6605076]}}, {"type": "Feature", "properties": {"stop_id": "SA5035412454", "name": "Accra"}, "geometry": {"type": "Point", "coordinates": [-0.2140185, 5.552383]}}, {"type": "Feature", "properties": {"stop_id": "SA5051364310", "name": "Mallam"}, "geometry": {"type": "Point", "coordinates": [-0.277084, 5.5855914]}}, {"type": "Feature", "properties": {"stop_id": "SA5155607283", "name": "Anyah"}, "geometry": {"type": "Point", "coordinates": [-0.2966621, 5.6073548]}}, {"type": "Feature", "properties": {"stop_id": "5082556331", "name": "Merciful Hotel"}, "geometry": {"type": "Point", "coordinates": [-0.2135911, 5.5985535]}}, {"type": "Feature", "properties": {"stop_id": "SA5047020128", "name": "Bayere Junction"}, "geometry": {"type": "Point", "coordinates": [-0.2003886, 5.6113178]}}, {"type": "Feature", "properties": {"stop_id": "4997374747", "name": "Airport First"}, "geometry": {"type": "Point", "coordinates": [-0.1772453, 5.6080818]}}, {"type": "Feature", "properties": {"stop_id": "SA5116037042", "name": "Trasacco"}, "geometry": {"type": "Point", "coordinates": [-0.1134111, 5.6471725]}}, {"type": "Feature", "properties": {"stop_id": "4997374744", "name": "37 Water Works"}, "geometry": {"type": "Point", "coordinates": [-0.1854895, 5.5825313]}}, {"type": "Feature", "properties": {"stop_id": "SA5113124882", "name": "Cemetry"}, "geometry": {"type": "Point", "coordinates": [-0.2004833, 5.6940987]}}, {"type": "Feature", "properties": {"stop_id": "SA5028483798", "name": "Boola ho"}, "geometry": {"type": "Point", "coordinates": [-0.1187405, 5.6047662]}}, {"type": "Feature", "properties": {"stop_id": "SA5028483799", "name": "Lekma"}, "geometry": {"type": "Point", "coordinates": [-0.1200311, 5.6041248]}}, {"type": "Feature", "properties": {"stop_id": "SA5023708438", "name": "Mtn office / Kaneshie Roundabout"}, "geometry": {"type": "Point", "coordinates": [-0.2274073, 5.5602898]}}, {"type": "Feature", "properties": {"stop_id": "4997374745", "name": "37"}, "geometry": {"type": "Point", "coordinates": [-0.1810542, 5.5911748]}}, {"type": "Feature", "properties": {"stop_id": "5049651138", "name": "Old Melcom"}, "geometry": {"type": "Point", "coordinates": [-0.2264412, 5.5876185]}}, {"type": "Feature", "properties": {"stop_id": "SA5051364314", "name": "Fan milk junction"}, "geometry": {"type": "Point", "coordinates": [-0.2981971, 5.6229631]}}, {"type": "Feature", "properties": {"stop_id": "SA5038307546", "name": "Lebo"}, "geometry": {"type": "Point", "coordinates": [-0.2263295, 5.645769]}}, {"type": "Feature", "properties": {"stop_id": "SA4980974763", "name": "Hotel Junction"}, "geometry": {"type": "Point", "coordinates": [-0.2342577, 5.5280014]}}, {"type": "Feature", "properties": {"stop_id": "4739843023", "name": "McCarthy Junction"}, "geometry": {"type": "Point", "coordinates": [-0.288941, 5.5655092]}}, {"type": "Feature", "properties": {"stop_id": "5111702008", "name": "Mataheko"}, "geometry": {"type": "Point", "coordinates": [-0.2390114, 5.5604305]}}, {"type": "Feature", "properties": {"stop_id": "5049651137", "name": "Ashongman"}, "geometry": {"type": "Point", "coordinates": [-0.2166703, 5.5742577]}}, {"type": "Feature", "properties": {"stop_id": "SA5028483797", "name": "Tsui Bleoo"}, "geometry": {"type": "Point", "coordinates": [-0.1154929, 5.606019]}}, {"type": "Feature", "properties": {"stop_id": "SA5051364320", "name": "Ice water junction"}, "geometry": {"type": "Point", "coordinates": [-0.2981119, 5.6314742]}}, {"type": "Feature", "properties": {"stop_id": "SA4977864532", "name": "Ecobank"}, "geometry": {"type": "Point", "coordinates": [-0.1812075, 5.5899463]}}, {"type": "Feature", "properties": {"stop_id": "SA5045157926", "name": "School Junction"}, "geometry": {"type": "Point", "coordinates": [-0.2288011, 5.5676914]}}, {"type": "Feature", "properties": {"stop_id": "SA4988349723", "name": "UPS"}, "geometry": {"type": "Point", "coordinates": [-0.1666827, 5.6598598]}}, {"type": "Feature", "properties": {"stop_id": "SA5087268451", "name": "First Gate"}, "geometry": {"type": "Point", "coordinates": [-0.2695391, 5.5613939]}}, {"type": "Feature", "properties": {"stop_id": "5054364800", "name": "Overhead Second Stop"}, "geometry": {"type": "Point", "coordinates": [-0.2130924, 5.5711445]}}, {"type": "Feature", "properties": {"stop_id": "SA5020021367", "name": "Add a name to the stop with JungleBus app"}, "geometry": {"type": "Point", "coordinates": [-0.3103452, 5.7231592]}}, {"type": "Feature", "properties": {"stop_id": "SA5020021366", "name": "Pobiman"}, "geometry": {"type": "Point", "coordinates": [-0.3138179, 5.7352477]}}, {"type": "Feature", "properties": {"stop_id": "5043423430", "name": "Kwashieman"}, "geometry": {"type": "Point", "coordinates": [-0.2685937, 5.5921722]}}, {"type": "Feature", "properties": {"stop_id": "5043423431", "name": "A Lang"}, "geometry": {"type": "Point", "coordinates": [-0.2781679, 5.5977924]}}, {"type": "Feature", "properties": {"stop_id": "SA5020021369", "name": "ABC Junction"}, "geometry": {"type": "Point", "coordinates": [-0.2362948, 5.6291763]}}, {"type": "Feature", "properties": {"stop_id": "SA5020021368", "name": "Mile 7"}, "geometry": {"type": "Point", "coordinates": [-0.2396654, 5.6344511]}}, {"type": "Feature", "properties": {"stop_id": "5040742577", "name": "Walaako"}, "geometry": {"type": "Point", "coordinates": [-0.2619972, 5.6256768]}}, {"type": "Feature", "properties": {"stop_id": "4990070162", "name": "Alajo"}, "geometry": {"type": "Point", "coordinates": [-0.2181552, 5.5879415]}}, {"type": "Feature", "properties": {"stop_id": "5040742579", "name": "Israel Junction"}, "geometry": {"type": "Point", "coordinates": [-0.2637628, 5.6306672]}}, {"type": "Feature", "properties": {"stop_id": "SA5047059648", "name": "Sadisco"}, "geometry": {"type": "Point", "coordinates": [-0.2133875, 5.5756979]}}, {"type": "Feature", "properties": {"stop_id": "5097648858", "name": "Community 6"}, "geometry": {"type": "Point", "coordinates": [-0.0143521, 5.6577598]}}, {"type": "Feature", "properties": {"stop_id": "SA4995095759", "name": "Post Office"}, "geometry": {"type": "Point", "coordinates": [-0.1761758, 5.5853445]}}, {"type": "Feature", "properties": {"stop_id": "SA2961513337", "name": "Labone"}, "geometry": {"type": "Point", "coordinates": [-0.1725142, 5.5621452]}}, {"type": "Feature", "properties": {"stop_id": "4980841295", "name": "Abelenkpe Junction"}, "geometry": {"type": "Point", "coordinates": [-0.2109196, 5.6099334]}}, {"type": "Feature", "properties": {"stop_id": "5097648859", "name": "Community 4"}, "geometry": {"type": "Point", "coordinates": [-0.0134427, 5.6554354]}}, {"type": "Feature", "properties": {"stop_id": "4972575680", "name": "Power House"}, "geometry": {"type": "Point", "coordinates": [-0.1801477, 5.6560636]}}, {"type": "Feature", "properties": {"stop_id": "4997374749", "name": "UPS"}, "geometry": {"type": "Point", "coordinates": [-0.1789525, 5.6590934]}}, {"type": "Feature", "properties": {"stop_id": "SA4980974735", "name": "Zongo Junction"}, "geometry": {"type": "Point", "coordinates": [-0.2397888, 5.5577934]}}, {"type": "Feature", "properties": {"stop_id": "SA5047059647", "name": "Presby"}, "geometry": {"type": "Point", "coordinates": [-0.1958124, 5.6139249]}}, {"type": "Feature", "properties": {"stop_id": "SA5026530816", "name": "Light House"}, "geometry": {"type": "Point", "coordinates": [-0.2289623, 5.5864284]}}, {"type": "Feature", "properties": {"stop_id": "SA5026530818", "name": "Access Bank"}, "geometry": {"type": "Point", "coordinates": [-0.2245083, 5.5842414]}}, {"type": "Feature", "properties": {"stop_id": "SA5026530819", "name": "Ashfoam"}, "geometry": {"type": "Point", "coordinates": [-0.2233723, 5.5788208]}}, {"type": "Feature", "properties": {"stop_id": "SA5064974034", "name": "Caterpillar"}, "geometry": {"type": "Point", "coordinates": [-0.1304779, 5.6642946]}}, {"type": "Feature", "properties": {"stop_id": "SA5064974035", "name": "Container"}, "geometry": {"type": "Point", "coordinates": [-0.1316844, 5.6609541]}}, {"type": "Feature", "properties": {"stop_id": "SA5064974036", "name": "Zion"}, "geometry": {"type": "Point", "coordinates": [-0.1323593, 5.6591631]}}, {"type": "Feature", "properties": {"stop_id": "SA5005030175", "name": "College"}, "geometry": {"type": "Point", "coordinates": [-0.2068106, 5.5834895]}}, {"type": "Feature", "properties": {"stop_id": "5092884387", "name": "Abelenkpe"}, "geometry": {"type": "Point", "coordinates": [-0.2181246, 5.6077936]}}, {"type": "Feature", "properties": {"stop_id": "SA5064974031", "name": "Obinim"}, "geometry": {"type": "Point", "coordinates": [-0.1273401, 5.6728844]}}, {"type": "Feature", "properties": {"stop_id": "SA5064974032", "name": "Morocco"}, "geometry": {"type": "Point", "coordinates": [-0.1280233, 5.6710266]}}, {"type": "Feature", "properties": {"stop_id": "SA5064974033", "name": "Salaam"}, "geometry": {"type": "Point", "coordinates": [-0.1284549, 5.6697928]}}, {"type": "Feature", "properties": {"stop_id": "5064078031", "name": "Container"}, "geometry": {"type": "Point", "coordinates": [-0.3148611, 5.7387931]}}, {"type": "Feature", "properties": {"stop_id": "3154450964", "name": "Mampong"}, "geometry": {"type": "Point", "coordinates": [-0.2554957, 5.6006069]}}, {"type": "Feature", "properties": {"stop_id": "SA5064974038", "name": "Otanor Bus Stop"}, "geometry": {"type": "Point", "coordinates": [-0.1299728, 5.6533403]}}, {"type": "Feature", "properties": {"stop_id": "SA5064974039", "name": "Adjiringanor Second Curve"}, "geometry": {"type": "Point", "coordinates": [-0.1292395, 5.6517077]}}, {"type": "Feature", "properties": {"stop_id": "4981090381", "name": "18"}, "geometry": {"type": "Point", "coordinates": [-0.1953423, 5.6409982]}}, {"type": "Feature", "properties": {"stop_id": "SA5037452745", "name": "Apapa"}, "geometry": {"type": "Point", "coordinates": [-0.1637852, 5.5673541]}}, {"type": "Feature", "properties": {"stop_id": "5039895708", "name": "Kotobabi Down (Polo Park)"}, "geometry": {"type": "Point", "coordinates": [-0.2091548, 5.5958908]}}, {"type": "Feature", "properties": {"stop_id": "5039895709", "name": "Kotobabi Market"}, "geometry": {"type": "Point", "coordinates": [-0.2089615, 5.5931302]}}, {"type": "Feature", "properties": {"stop_id": "5051365821", "name": "Hotel Junction"}, "geometry": {"type": "Point", "coordinates": [-0.2981518, 5.6325733]}}, {"type": "Feature", "properties": {"stop_id": "4999883667", "name": "Accra New Town Taxi Station"}, "geometry": {"type": "Point", "coordinates": [-0.2088698, 5.5815197]}}, {"type": "Feature", "properties": {"stop_id": "5116094292", "name": "Abofu"}, "geometry": {"type": "Point", "coordinates": [-0.2262307, 5.6136996]}}, {"type": "Feature", "properties": {"stop_id": "SA5093166185", "name": "Zoti"}, "geometry": {"type": "Point", "coordinates": [-0.2282694, 5.5468906]}}, {"type": "Feature", "properties": {"stop_id": "SA5093166186", "name": "Estate"}, "geometry": {"type": "Point", "coordinates": [-0.2308875, 5.5525572]}}, {"type": "Feature", "properties": {"stop_id": "SA5041783469", "name": "Presby"}, "geometry": {"type": "Point", "coordinates": [-0.2891894, 5.6344043]}}, {"type": "Feature", "properties": {"stop_id": "5029108941", "name": "Roundabout"}, "geometry": {"type": "Point", "coordinates": [-0.1282944, 5.5944969]}}, {"type": "Feature", "properties": {"stop_id": "SA5041783464", "name": "Israel Station"}, "geometry": {"type": "Point", "coordinates": [-0.2691131, 5.6314315]}}, {"type": "Feature", "properties": {"stop_id": "SA5041783465", "name": "Kyeiwaa Junction"}, "geometry": {"type": "Point", "coordinates": [-0.2748051, 5.6311641]}}, {"type": "Feature", "properties": {"stop_id": "SA5035725207", "name": "Achimota Police Station Curve"}, "geometry": {"type": "Point", "coordinates": [-0.2203081, 5.6213604]}}, {"type": "Feature", "properties": {"stop_id": "5082619900", "name": "Seconds"}, "geometry": {"type": "Point", "coordinates": [-0.2232387, 5.552669]}}, {"type": "Feature", "properties": {"stop_id": "SA5041783463", "name": "Borlaso"}, "geometry": {"type": "Point", "coordinates": [-0.2609076, 5.6091429]}}, {"type": "Feature", "properties": {"stop_id": "5041550697", "name": "Christ Mission"}, "geometry": {"type": "Point", "coordinates": [-0.2701335, 5.5949636]}}, {"type": "Feature", "properties": {"stop_id": "4992365322", "name": "Accra Mall Roundabout"}, "geometry": {"type": "Point", "coordinates": [-0.1741114, 5.6210178]}}, {"type": "Feature", "properties": {"stop_id": "4992365327", "name": "Printex"}, "geometry": {"type": "Point", "coordinates": [-0.1201955, 5.6402316]}}, {"type": "Feature", "properties": {"stop_id": "4992365326", "name": "Manet"}, "geometry": {"type": "Point", "coordinates": [-0.1265736, 5.637739]}}, {"type": "Feature", "properties": {"stop_id": "5036738899", "name": "Club 1000"}, "geometry": {"type": "Point", "coordinates": [-0.200338, 5.596089]}}, {"type": "Feature", "properties": {"stop_id": "SA4994957020", "name": "Abrantie"}, "geometry": {"type": "Point", "coordinates": [-0.2286456, 5.5987672]}}, {"type": "Feature", "properties": {"stop_id": "5036738897", "name": "Kotobabi Police Station"}, "geometry": {"type": "Point", "coordinates": [-0.204254, 5.5923915]}}, {"type": "Feature", "properties": {"stop_id": "5036738896", "name": "Taxi Rank"}, "geometry": {"type": "Point", "coordinates": [-0.205397, 5.592146]}}, {"type": "Feature", "properties": {"stop_id": "4992365329", "name": "Washing Bay"}, "geometry": {"type": "Point", "coordinates": [-0.0820821, 5.6260281]}}, {"type": "Feature", "properties": {"stop_id": "4992365328", "name": "Junction Wise"}, "geometry": {"type": "Point", "coordinates": [-0.1130497, 5.6431455]}}, {"type": "Feature", "properties": {"stop_id": "5036738893", "name": "Master Chef"}, "geometry": {"type": "Point", "coordinates": [-0.2074167, 5.588822]}}, {"type": "Feature", "properties": {"stop_id": "5036738892", "name": "Agbadinar"}, "geometry": {"type": "Point", "coordinates": [-0.2074913, 5.5882485]}}, {"type": "Feature", "properties": {"stop_id": "SA4982950469", "name": "37 Last Stop"}, "geometry": {"type": "Point", "coordinates": [-0.1803082, 5.588576]}}, {"type": "Feature", "properties": {"stop_id": "SA4982950468", "name": "Giffard Road"}, "geometry": {"type": "Point", "coordinates": [-0.1746373, 5.5873592]}}, {"type": "Feature", "properties": {"stop_id": "5043094924", "name": "Kwashieman Junction"}, "geometry": {"type": "Point", "coordinates": [-0.2684291, 5.5927011]}}, {"type": "Feature", "properties": {"stop_id": "5092806453", "name": "Abelenkpe"}, "geometry": {"type": "Point", "coordinates": [-0.2182036, 5.6078237]}}, {"type": "Feature", "properties": {"stop_id": "SA5064078031", "name": "Container"}, "geometry": {"type": "Point", "coordinates": [-0.3148611, 5.7387931]}}, {"type": "Feature", "properties": {"stop_id": "SA5064078030", "name": "Samsam"}, "geometry": {"type": "Point", "coordinates": [-0.3213518, 5.7539328]}}, {"type": "Feature", "properties": {"stop_id": "5026460153", "name": "Kanda"}, "geometry": {"type": "Point", "coordinates": [-0.2018332, 5.5728472]}}, {"type": "Feature", "properties": {"stop_id": "5035473843", "name": "STC"}, "geometry": {"type": "Point", "coordinates": [-0.2263827, 5.5640063]}}, {"type": "Feature", "properties": {"stop_id": "5035473842", "name": "Rana Motors"}, "geometry": {"type": "Point", "coordinates": [-0.2235948, 5.5596173]}}, {"type": "Feature", "properties": {"stop_id": "5035473841", "name": "Cold store"}, "geometry": {"type": "Point", "coordinates": [-0.2222051, 5.5569473]}}, {"type": "Feature", "properties": {"stop_id": "5035473840", "name": "Gate"}, "geometry": {"type": "Point", "coordinates": [-0.2146609, 5.5526127]}}, {"type": "Feature", "properties": {"stop_id": "5035473847", "name": "School Junction"}, "geometry": {"type": "Point", "coordinates": [-0.2354587, 5.5808675]}}, {"type": "Feature", "properties": {"stop_id": "5045353358", "name": "Pentecost"}, "geometry": {"type": "Point", "coordinates": [-0.2467136, 5.5444578]}}, {"type": "Feature", "properties": {"stop_id": "5035473845", "name": "Roundabout"}, "geometry": {"type": "Point", "coordinates": [-0.2306175, 5.5719333]}}, {"type": "Feature", "properties": {"stop_id": "5035473844", "name": "Awudome"}, "geometry": {"type": "Point", "coordinates": [-0.2281886, 5.5691974]}}, {"type": "Feature", "properties": {"stop_id": "5045353355", "name": "Bridge"}, "geometry": {"type": "Point", "coordinates": [-0.2475634, 5.5427919]}}, {"type": "Feature", "properties": {"stop_id": "5045353354", "name": "Curve"}, "geometry": {"type": "Point", "coordinates": [-0.2484715, 5.5427609]}}, {"type": "Feature", "properties": {"stop_id": "5035473849", "name": "Asoredanho"}, "geometry": {"type": "Point", "coordinates": [-0.2421474, 5.5862426]}}, {"type": "Feature", "properties": {"stop_id": "5045353356", "name": "Toilets"}, "geometry": {"type": "Point", "coordinates": [-0.2470342, 5.5428374]}}, {"type": "Feature", "properties": {"stop_id": "5045353351", "name": "Second"}, "geometry": {"type": "Point", "coordinates": [-0.2502034, 5.5452532]}}, {"type": "Feature", "properties": {"stop_id": "5045353350", "name": "Masalaachi"}, "geometry": {"type": "Point", "coordinates": [-0.251688, 5.5452372]}}, {"type": "Feature", "properties": {"stop_id": "5045353353", "name": "Container"}, "geometry": {"type": "Point", "coordinates": [-0.2488941, 5.5439896]}}, {"type": "Feature", "properties": {"stop_id": "4286153107", "name": "GBC"}, "geometry": {"type": "Point", "coordinates": [-0.192666, 5.5735046]}}, {"type": "Feature", "properties": {"stop_id": "5026151277", "name": "Picadilly"}, "geometry": {"type": "Point", "coordinates": [-0.2277118, 5.5782628]}}, {"type": "Feature", "properties": {"stop_id": "5026151276", "name": "Dance Bar"}, "geometry": {"type": "Point", "coordinates": [-0.227965, 5.5768543]}}, {"type": "Feature", "properties": {"stop_id": "5026151275", "name": "Ga Mantse"}, "geometry": {"type": "Point", "coordinates": [-0.2292535, 5.5755871]}}, {"type": "Feature", "properties": {"stop_id": "5026151274", "name": "Mother's Inn"}, "geometry": {"type": "Point", "coordinates": [-0.2312885, 5.5733506]}}, {"type": "Feature", "properties": {"stop_id": "5026151273", "name": "Big Boss"}, "geometry": {"type": "Point", "coordinates": [-0.2324171, 5.5709225]}}, {"type": "Feature", "properties": {"stop_id": "5026151272", "name": "Fire Armour"}, "geometry": {"type": "Point", "coordinates": [-0.2329568, 5.5704179]}}, {"type": "Feature", "properties": {"stop_id": "5026151271", "name": "CMB Flats"}, "geometry": {"type": "Point", "coordinates": [-0.2371277, 5.5896592]}}, {"type": "Feature", "properties": {"stop_id": "5026151270", "name": "Meridian Chemist"}, "geometry": {"type": "Point", "coordinates": [-0.2354671, 5.5876822]}}, {"type": "Feature", "properties": {"stop_id": "5084325654", "name": "Oduman"}, "geometry": {"type": "Point", "coordinates": [-0.3336736, 5.6398963]}}, {"type": "Feature", "properties": {"stop_id": "5037296279", "name": "Caprice"}, "geometry": {"type": "Point", "coordinates": [-0.2166102, 5.5844613]}}, {"type": "Feature", "properties": {"stop_id": "5084325656", "name": "Mangoase"}, "geometry": {"type": "Point", "coordinates": [-0.3314719, 5.6377213]}}, {"type": "Feature", "properties": {"stop_id": "5084325657", "name": "Paradise"}, "geometry": {"type": "Point", "coordinates": [-0.3283749, 5.635304]}}, {"type": "Feature", "properties": {"stop_id": "5084325650", "name": "Junction"}, "geometry": {"type": "Point", "coordinates": [-0.3448599, 5.6430676]}}, {"type": "Feature", "properties": {"stop_id": "5084325651", "name": "Alavanyo"}, "geometry": {"type": "Point", "coordinates": [-0.3413544, 5.6426378]}}, {"type": "Feature", "properties": {"stop_id": "5084325652", "name": "Nuumo Tse"}, "geometry": {"type": "Point", "coordinates": [-0.3389308, 5.6421026]}}, {"type": "Feature", "properties": {"stop_id": "5084325653", "name": "Twibleoo"}, "geometry": {"type": "Point", "coordinates": [-0.3365596, 5.6416207]}}, {"type": "Feature", "properties": {"stop_id": "SA5005343801", "name": "Madina"}, "geometry": {"type": "Point", "coordinates": [-0.1716389, 5.6766804]}}, {"type": "Feature", "properties": {"stop_id": "SA5115688029", "name": "Masalaachi Nima"}, "geometry": {"type": "Point", "coordinates": [-0.2063247, 5.5809249]}}, {"type": "Feature", "properties": {"stop_id": "5064189138", "name": "Akotoshi No 2"}, "geometry": {"type": "Point", "coordinates": [-0.3419747, 5.7500941]}}, {"type": "Feature", "properties": {"stop_id": "SA5000176412", "name": "Cold Store"}, "geometry": {"type": "Point", "coordinates": [-0.2657017, 5.5794279]}}, {"type": "Feature", "properties": {"stop_id": "SA5000176413", "name": "Busia Junction"}, "geometry": {"type": "Point", "coordinates": [-0.267294, 5.5787991]}}, {"type": "Feature", "properties": {"stop_id": "SA5000176416", "name": "Thirteen"}, "geometry": {"type": "Point", "coordinates": [-0.270218, 5.5676156]}}, {"type": "Feature", "properties": {"stop_id": "SA5000176417", "name": "Ave Maria"}, "geometry": {"type": "Point", "coordinates": [-0.2687496, 5.5653597]}}, {"type": "Feature", "properties": {"stop_id": "5005343802", "name": "Presec"}, "geometry": {"type": "Point", "coordinates": [-0.1778309, 5.6625534]}}, {"type": "Feature", "properties": {"stop_id": "SA5000176415", "name": "Dela"}, "geometry": {"type": "Point", "coordinates": [-0.2712174, 5.5705158]}}, {"type": "Feature", "properties": {"stop_id": "SA5000176418", "name": "Oxygen (o2)"}, "geometry": {"type": "Point", "coordinates": [-0.2652062, 5.5612607]}}, {"type": "Feature", "properties": {"stop_id": "SA5000176419", "name": "St. Martin Depores"}, "geometry": {"type": "Point", "coordinates": [-0.2651201, 5.5597816]}}, {"type": "Feature", "properties": {"stop_id": "5037296277", "name": "Caprice Juntion"}, "geometry": {"type": "Point", "coordinates": [-0.2159004, 5.5812521]}}, {"type": "Feature", "properties": {"stop_id": "5116094291", "name": "Marwako"}, "geometry": {"type": "Point", "coordinates": [-0.2250924, 5.6121782]}}, {"type": "Feature", "properties": {"stop_id": "5116094290", "name": "Vulcanizer"}, "geometry": {"type": "Point", "coordinates": [-0.2223709, 5.612659]}}, {"type": "Feature", "properties": {"stop_id": "SA5035532959", "name": "Presby"}, "geometry": {"type": "Point", "coordinates": [-0.2376331, 5.6995104]}}, {"type": "Feature", "properties": {"stop_id": "SA5035532958", "name": "School junction"}, "geometry": {"type": "Point", "coordinates": [-0.2364412, 5.701623]}}, {"type": "Feature", "properties": {"stop_id": "4997071023", "name": "Madina Zongo Junction"}, "geometry": {"type": "Point", "coordinates": [-0.1737787, 5.6753566]}}, {"type": "Feature", "properties": {"stop_id": "5114018829", "name": "Methodist"}, "geometry": {"type": "Point", "coordinates": [-0.2443053, 5.5349275]}}, {"type": "Feature", "properties": {"stop_id": "SA5035532957", "name": "Dome /Ashongman Estates"}, "geometry": {"type": "Point", "coordinates": [-0.2354245, 5.702369]}}, {"type": "Feature", "properties": {"stop_id": "5026329347", "name": "New Fadama"}, "geometry": {"type": "Point", "coordinates": [-0.2480149, 5.6000091]}}, {"type": "Feature", "properties": {"stop_id": "5024322021", "name": "Agbodji"}, "geometry": {"type": "Point", "coordinates": [-0.281594, 5.7180034]}}, {"type": "Feature", "properties": {"stop_id": "5024322022", "name": "Alosa"}, "geometry": {"type": "Point", "coordinates": [-0.2830991, 5.7160821]}}, {"type": "Feature", "properties": {"stop_id": "5033861588", "name": "Teachers Hall"}, "geometry": {"type": "Point", "coordinates": [-0.2079485, 5.5576823]}}, {"type": "Feature", "properties": {"stop_id": "5109596751", "name": "A&C Mall"}, "geometry": {"type": "Point", "coordinates": [-0.1516424, 5.64208]}}, {"type": "Feature", "properties": {"stop_id": "5024322025", "name": "Thank You Jesus"}, "geometry": {"type": "Point", "coordinates": [-0.2868885, 5.70851]}}, {"type": "Feature", "properties": {"stop_id": "5024322026", "name": "Quarters Junction"}, "geometry": {"type": "Point", "coordinates": [-0.2855397, 5.6982578]}}, {"type": "Feature", "properties": {"stop_id": "5024322027", "name": "Pokuase Agric"}, "geometry": {"type": "Point", "coordinates": [-0.2864658, 5.6962488]}}, {"type": "Feature", "properties": {"stop_id": "SA5102779997", "name": "Atta Quarshie"}, "geometry": {"type": "Point", "coordinates": [-0.2118153, 5.5415023]}}, {"type": "Feature", "properties": {"stop_id": "5024322029", "name": "Vulcanizer"}, "geometry": {"type": "Point", "coordinates": [-0.2506849, 5.6378257]}}, {"type": "Feature", "properties": {"stop_id": "4184924189", "name": "Paloma"}, "geometry": {"type": "Point", "coordinates": [-0.206208, 5.5717215]}}, {"type": "Feature", "properties": {"stop_id": "SA5102779994", "name": "London Market"}, "geometry": {"type": "Point", "coordinates": [-0.2164893, 5.5383722]}}, {"type": "Feature", "properties": {"stop_id": "SA5025334219", "name": "Salaga Market"}, "geometry": {"type": "Point", "coordinates": [-0.2090679, 5.5397822]}}, {"type": "Feature", "properties": {"stop_id": "5082993460", "name": "Block Factory junction"}, "geometry": {"type": "Point", "coordinates": [-0.2435292, 5.5581545]}}, {"type": "Feature", "properties": {"stop_id": "5082993461", "name": "Seven great junction"}, "geometry": {"type": "Point", "coordinates": [-0.2444151, 5.5583181]}}, {"type": "Feature", "properties": {"stop_id": "5047020126", "name": "Sea Theatre"}, "geometry": {"type": "Point", "coordinates": [-0.2035456, 5.6114863]}}, {"type": "Feature", "properties": {"stop_id": "5014716654", "name": "Circle Industrial Area"}, "geometry": {"type": "Point", "coordinates": [-0.2194154, 5.5692159]}}, {"type": "Feature", "properties": {"stop_id": "5113124888", "name": "Pawpaw"}, "geometry": {"type": "Point", "coordinates": [-0.1942666, 5.6857636]}}, {"type": "Feature", "properties": {"stop_id": "5040597422", "name": "Isreal Station"}, "geometry": {"type": "Point", "coordinates": [-0.2690475, 5.6311823]}}, {"type": "Feature", "properties": {"stop_id": "SA5036565837", "name": "2nd curve"}, "geometry": {"type": "Point", "coordinates": [-0.2109272, 5.6419199]}}, {"type": "Feature", "properties": {"stop_id": "SA5036565836", "name": "Gimpa Junction"}, "geometry": {"type": "Point", "coordinates": [-0.2094225, 5.6389743]}}, {"type": "Feature", "properties": {"stop_id": "5036565843", "name": "Clinic/ police container"}, "geometry": {"type": "Point", "coordinates": [-0.2077138, 5.6571738]}}, {"type": "Feature", "properties": {"stop_id": "5079127711", "name": "Akwetteyman Zongo"}, "geometry": {"type": "Point", "coordinates": [-0.2374214, 5.6157915]}}, {"type": "Feature", "properties": {"stop_id": "5079127710", "name": "Akweteman Zongo (Last Stop)"}, "geometry": {"type": "Point", "coordinates": [-0.2402639, 5.6139918]}}, {"type": "Feature", "properties": {"stop_id": "5079127713", "name": "Kopevi"}, "geometry": {"type": "Point", "coordinates": [-0.2335977, 5.6145674]}}, {"type": "Feature", "properties": {"stop_id": "5079127712", "name": "Adwenpa"}, "geometry": {"type": "Point", "coordinates": [-0.2349652, 5.6149544]}}, {"type": "Feature", "properties": {"stop_id": "5054694245", "name": "Labadi Beach"}, "geometry": {"type": "Point", "coordinates": [-0.140608, 5.5639367]}}, {"type": "Feature", "properties": {"stop_id": "SA5036565839", "name": "Bridge"}, "geometry": {"type": "Point", "coordinates": [-0.2105643, 5.6451381]}}, {"type": "Feature", "properties": {"stop_id": "SA5036565838", "name": "1st curve"}, "geometry": {"type": "Point", "coordinates": [-0.2099649, 5.6426671]}}, {"type": "Feature", "properties": {"stop_id": "SA5007828434", "name": "18 Junction"}, "geometry": {"type": "Point", "coordinates": [-0.075648, 5.6605594]}}, {"type": "Feature", "properties": {"stop_id": "5088471612", "name": "Accra Bishop"}, "geometry": {"type": "Point", "coordinates": [-0.2048637, 5.5437448]}}, {"type": "Feature", "properties": {"stop_id": "SA5124622923", "name": "Libirio"}, "geometry": {"type": "Point", "coordinates": [-0.2444914, 5.5556737]}}, {"type": "Feature", "properties": {"stop_id": "SA5124622922", "name": "Abossey Okai"}, "geometry": {"type": "Point", "coordinates": [-0.2362111, 5.5575921]}}, {"type": "Feature", "properties": {"stop_id": "5054694243", "name": "First Gate"}, "geometry": {"type": "Point", "coordinates": [-0.1276876, 5.5675279]}}, {"type": "Feature", "properties": {"stop_id": "5036565847", "name": "Barrier"}, "geometry": {"type": "Point", "coordinates": [-0.2052667, 5.6621855]}}, {"type": "Feature", "properties": {"stop_id": "SA5025315234", "name": "Add a name to the stop with JungleBus app"}, "geometry": {"type": "Point", "coordinates": [-0.2300155, 5.5506876]}}, {"type": "Feature", "properties": {"stop_id": "5087182231", "name": "Dansoman (SSNIT flats)"}, "geometry": {"type": "Point", "coordinates": [-0.2730303, 5.5624236]}}, {"type": "Feature", "properties": {"stop_id": "5010786351", "name": "Goil"}, "geometry": {"type": "Point", "coordinates": [-0.1410868, 5.5796773]}}, {"type": "Feature", "properties": {"stop_id": "5010786350", "name": "Watermelon Junction"}, "geometry": {"type": "Point", "coordinates": [-0.1416891, 5.5826903]}}, {"type": "Feature", "properties": {"stop_id": "5010786353", "name": "Zenith"}, "geometry": {"type": "Point", "coordinates": [-0.1450121, 5.5735155]}}, {"type": "Feature", "properties": {"stop_id": "5010786352", "name": "Container"}, "geometry": {"type": "Point", "coordinates": [-0.1388741, 5.5752918]}}, {"type": "Feature", "properties": {"stop_id": "5010786355", "name": "Kpogas"}, "geometry": {"type": "Point", "coordinates": [-0.1502083, 5.5731197]}}, {"type": "Feature", "properties": {"stop_id": "5010786354", "name": "AMA"}, "geometry": {"type": "Point", "coordinates": [-0.1464964, 5.5744905]}}, {"type": "Feature", "properties": {"stop_id": "5026390735", "name": "Police Headquarters"}, "geometry": {"type": "Point", "coordinates": [-0.1884134, 5.5712673]}}, {"type": "Feature", "properties": {"stop_id": "5082971645", "name": "Palledium"}, "geometry": {"type": "Point", "coordinates": [-0.2156498, 5.5420116]}}, {"type": "Feature", "properties": {"stop_id": "5064991458", "name": "GSL"}, "geometry": {"type": "Point", "coordinates": [-0.1992497, 5.6170769]}}, {"type": "Feature", "properties": {"stop_id": "4996743221", "name": "First Light"}, "geometry": {"type": "Point", "coordinates": [-0.2438616, 5.5662598]}}, {"type": "Feature", "properties": {"stop_id": "SA4995193053", "name": "Kaneshie Polyclinic"}, "geometry": {"type": "Point", "coordinates": [-0.2306941, 5.5742633]}}, {"type": "Feature", "properties": {"stop_id": "SA4974194650", "name": "Shangrila"}, "geometry": {"type": "Point", "coordinates": [-0.1760971, 5.6160691]}}, {"type": "Feature", "properties": {"stop_id": "5113124892", "name": "Bridge"}, "geometry": {"type": "Point", "coordinates": [-0.2044956, 5.6719874]}}, {"type": "Feature", "properties": {"stop_id": "5113124893", "name": "Pentecost"}, "geometry": {"type": "Point", "coordinates": [-0.2054838, 5.669582]}}, {"type": "Feature", "properties": {"stop_id": "5113124890", "name": "Afari Gyan"}, "geometry": {"type": "Point", "coordinates": [-0.202063, 5.679525]}}, {"type": "Feature", "properties": {"stop_id": "5113124891", "name": "Sam J"}, "geometry": {"type": "Point", "coordinates": [-0.2027893, 5.6772438]}}, {"type": "Feature", "properties": {"stop_id": "5113124896", "name": "Barrier"}, "geometry": {"type": "Point", "coordinates": [-0.2051017, 5.6623168]}}, {"type": "Feature", "properties": {"stop_id": "5113124897", "name": "Police Container"}, "geometry": {"type": "Point", "coordinates": [-0.2075698, 5.6573176]}}, {"type": "Feature", "properties": {"stop_id": "5113195638", "name": "Bridge (Ashongman last stop)"}, "geometry": {"type": "Point", "coordinates": [-0.2072412, 5.7007568]}}, {"type": "Feature", "properties": {"stop_id": "5113195639", "name": "Ashongman"}, "geometry": {"type": "Point", "coordinates": [-0.2104408, 5.7033142]}}, {"type": "Feature", "properties": {"stop_id": "5113195636", "name": "Agbogba"}, "geometry": {"type": "Point", "coordinates": [-0.1978871, 5.691174]}}, {"type": "Feature", "properties": {"stop_id": "5113195637", "name": "Islamic"}, "geometry": {"type": "Point", "coordinates": [-0.2048955, 5.698154]}}, {"type": "Feature", "properties": {"stop_id": "5113124898", "name": "Brainy School Junction"}, "geometry": {"type": "Point", "coordinates": [-0.2083344, 5.6547708]}}, {"type": "Feature", "properties": {"stop_id": "5113195635", "name": "God's way"}, "geometry": {"type": "Point", "coordinates": [-0.1946137, 5.6873424]}}, {"type": "Feature", "properties": {"stop_id": "5113195632", "name": "Afari Gyan"}, "geometry": {"type": "Point", "coordinates": [-0.2020717, 5.6798372]}}, {"type": "Feature", "properties": {"stop_id": "5113195633", "name": "ECOMOG"}, "geometry": {"type": "Point", "coordinates": [-0.2018815, 5.6805749]}}, {"type": "Feature", "properties": {"stop_id": "5113195630", "name": "Manmay"}, "geometry": {"type": "Point", "coordinates": [-0.2031894, 5.6761342]}}, {"type": "Feature", "properties": {"stop_id": "5113195631", "name": "Sam J"}, "geometry": {"type": "Point", "coordinates": [-0.202835, 5.6773361]}}, {"type": "Feature", "properties": {"stop_id": "5058537126", "name": "Adjringanor/Otanor"}, "geometry": {"type": "Point", "coordinates": [-0.1345711, 5.6467785]}}, {"type": "Feature", "properties": {"stop_id": "SA5011901716", "name": "Dome"}, "geometry": {"type": "Point", "coordinates": [-0.2372213, 5.6451553]}}, {"type": "Feature", "properties": {"stop_id": "5010252535", "name": "Agya Herbal"}, "geometry": {"type": "Point", "coordinates": [-0.2717255, 5.6726545]}}, {"type": "Feature", "properties": {"stop_id": "5058537129", "name": "Accra"}, "geometry": {"type": "Point", "coordinates": [-0.2139608, 5.5524011]}}, {"type": "Feature", "properties": {"stop_id": "4997810026", "name": "Mamponse"}, "geometry": {"type": "Point", "coordinates": [-0.2736519, 5.52768]}}, {"type": "Feature", "properties": {"stop_id": "SA5004960999", "name": "Danquah"}, "geometry": {"type": "Point", "coordinates": [-0.1825848, 5.566987]}}, {"type": "Feature", "properties": {"stop_id": "4997810028", "name": "Point 6"}, "geometry": {"type": "Point", "coordinates": [-0.2683841, 5.528276]}}, {"type": "Feature", "properties": {"stop_id": "4997810029", "name": "Atomic"}, "geometry": {"type": "Point", "coordinates": [-0.2659963, 5.527639]}}, {"type": "Feature", "properties": {"stop_id": "5022942961", "name": "Agbogbloshie"}, "geometry": {"type": "Point", "coordinates": [-0.2163592, 5.5499675]}}, {"type": "Feature", "properties": {"stop_id": "5034303933", "name": "Awoshie Last stop"}, "geometry": {"type": "Point", "coordinates": [-0.2874057, 5.5915677]}}, {"type": "Feature", "properties": {"stop_id": "5049610382", "name": "Bongo bar"}, "geometry": {"type": "Point", "coordinates": [-0.2285933, 5.5737721]}}, {"type": "Feature", "properties": {"stop_id": "5022354473", "name": "Neoplan"}, "geometry": {"type": "Point", "coordinates": [-0.2185294, 5.5687336]}}, {"type": "Feature", "properties": {"stop_id": "30778854", "name": "Roman Ridge 2nd"}, "geometry": {"type": "Point", "coordinates": [-0.198887, 5.601804]}}, {"type": "Feature", "properties": {"stop_id": "5040372066", "name": "Tabora Junction"}, "geometry": {"type": "Point", "coordinates": [-0.2618326, 5.6190946]}}, {"type": "Feature", "properties": {"stop_id": "5040372065", "name": "Tabora Lighthouse"}, "geometry": {"type": "Point", "coordinates": [-0.2611454, 5.6170737]}}, {"type": "Feature", "properties": {"stop_id": "5040372064", "name": "Scorpion"}, "geometry": {"type": "Point", "coordinates": [-0.2607778, 5.6158918]}}, {"type": "Feature", "properties": {"stop_id": "5040372063", "name": "Tabora Number 6"}, "geometry": {"type": "Point", "coordinates": [-0.2609955, 5.6126547]}}, {"type": "Feature", "properties": {"stop_id": "5040372062", "name": "Tabora Number 5"}, "geometry": {"type": "Point", "coordinates": [-0.2611812, 5.6108185]}}, {"type": "Feature", "properties": {"stop_id": "SA5026603972", "name": "Mangoase"}, "geometry": {"type": "Point", "coordinates": [-0.2346815, 5.5802879]}}, {"type": "Feature", "properties": {"stop_id": "5040372060", "name": "Tabora Number 3"}, "geometry": {"type": "Point", "coordinates": [-0.2589156, 5.607101]}}, {"type": "Feature", "properties": {"stop_id": "5040372069", "name": "Alhaji Curve"}, "geometry": {"type": "Point", "coordinates": [-0.2619251, 5.6265972]}}, {"type": "Feature", "properties": {"stop_id": "5040372068", "name": "Star Junction"}, "geometry": {"type": "Point", "coordinates": [-0.2617002, 5.6225122]}}, {"type": "Feature", "properties": {"stop_id": "5116037043", "name": "18 Junction"}, "geometry": {"type": "Point", "coordinates": [-0.0757699, 5.6608784]}}, {"type": "Feature", "properties": {"stop_id": "SA4400503928", "name": "Palm Wine"}, "geometry": {"type": "Point", "coordinates": [-0.1525381, 5.5764716]}}, {"type": "Feature", "properties": {"stop_id": "5116037041", "name": "Spanner"}, "geometry": {"type": "Point", "coordinates": [-0.1764479, 5.6197016]}}, {"type": "Feature", "properties": {"stop_id": "5116037040", "name": "National Service"}, "geometry": {"type": "Point", "coordinates": [-0.1832173, 5.6097243]}}, {"type": "Feature", "properties": {"stop_id": "5025334220", "name": "IBE (Camara)"}, "geometry": {"type": "Point", "coordinates": [-0.2476417, 5.5355811]}}, {"type": "Feature", "properties": {"stop_id": "5028942309", "name": "Gutter"}, "geometry": {"type": "Point", "coordinates": [-0.1965863, 5.5884974]}}, {"type": "Feature", "properties": {"stop_id": "4990423849", "name": "Adehyeman"}, "geometry": {"type": "Point", "coordinates": [-0.2371708, 5.6454242]}}, {"type": "Feature", "properties": {"stop_id": "4990423848", "name": "Dome Market"}, "geometry": {"type": "Point", "coordinates": [-0.2378298, 5.643859]}}, {"type": "Feature", "properties": {"stop_id": "5027365777", "name": "Busia Junction"}, "geometry": {"type": "Point", "coordinates": [-0.2679084, 5.5789059]}}, {"type": "Feature", "properties": {"stop_id": "4990423843", "name": "Mile 7 Park"}, "geometry": {"type": "Point", "coordinates": [-0.2442247, 5.6322934]}}, {"type": "Feature", "properties": {"stop_id": "4990423842", "name": "Jesus and Mary"}, "geometry": {"type": "Point", "coordinates": [-0.246542, 5.6306161]}}, {"type": "Feature", "properties": {"stop_id": "5027365778", "name": "Sakaman"}, "geometry": {"type": "Point", "coordinates": [-0.2742332, 5.5762799]}}, {"type": "Feature", "properties": {"stop_id": "4990423840", "name": "T-Junction Down"}, "geometry": {"type": "Point", "coordinates": [-0.2515691, 5.6279624]}}, {"type": "Feature", "properties": {"stop_id": "4990423847", "name": "St. Johns"}, "geometry": {"type": "Point", "coordinates": [-0.2421731, 5.6395889]}}, {"type": "Feature", "properties": {"stop_id": "4990423846", "name": "Tantra Hills"}, "geometry": {"type": "Point", "coordinates": [-0.2455149, 5.6429227]}}, {"type": "Feature", "properties": {"stop_id": "4990423845", "name": "Mile 7 Junction"}, "geometry": {"type": "Point", "coordinates": [-0.2405085, 5.6345708]}}, {"type": "Feature", "properties": {"stop_id": "4990423844", "name": "Presby Junction"}, "geometry": {"type": "Point", "coordinates": [-0.2426919, 5.6332792]}}, {"type": "Feature", "properties": {"stop_id": "5010113607", "name": "Brigade"}, "geometry": {"type": "Point", "coordinates": [-0.394647, 5.5410814]}}, {"type": "Feature", "properties": {"stop_id": "SA5028327330", "name": "Circle Last Stop"}, "geometry": {"type": "Point", "coordinates": [-0.2171286, 5.5690985]}}, {"type": "Feature", "properties": {"stop_id": "SA5021004841", "name": "Asofan Block Factory"}, "geometry": {"type": "Point", "coordinates": [-0.286852, 5.6473502]}}, {"type": "Feature", "properties": {"stop_id": "5028425413", "name": "JT"}, "geometry": {"type": "Point", "coordinates": [-0.2450339, 5.564454]}}, {"type": "Feature", "properties": {"stop_id": "5028425415", "name": "Mataheko Pharmacy"}, "geometry": {"type": "Point", "coordinates": [-0.2514544, 5.5684844]}}, {"type": "Feature", "properties": {"stop_id": "5028425414", "name": "Mataheko Police Quarters"}, "geometry": {"type": "Point", "coordinates": [-0.2499014, 5.5674059]}}, {"type": "Feature", "properties": {"stop_id": "5028425416", "name": "1 plus 1"}, "geometry": {"type": "Point", "coordinates": [-0.2535626, 5.5698766]}}, {"type": "Feature", "properties": {"stop_id": "5015015395", "name": "Mawulolo"}, "geometry": {"type": "Point", "coordinates": [-0.2948661, 5.6267232]}}, {"type": "Feature", "properties": {"stop_id": "5015015394", "name": "VRA"}, "geometry": {"type": "Point", "coordinates": [-0.2928328, 5.6311431]}}, {"type": "Feature", "properties": {"stop_id": "5104904324", "name": "Ridge"}, "geometry": {"type": "Point", "coordinates": [-0.2016787, 5.563561]}}, {"type": "Feature", "properties": {"stop_id": "5015015396", "name": "FanMilk Junction"}, "geometry": {"type": "Point", "coordinates": [-0.2993034, 5.6214767]}}, {"type": "Feature", "properties": {"stop_id": "5015015391", "name": "Sowutuom Market"}, "geometry": {"type": "Point", "coordinates": [-0.2768458, 5.6200398]}}, {"type": "Feature", "properties": {"stop_id": "5104904323", "name": "School Junction"}, "geometry": {"type": "Point", "coordinates": [-0.2084412, 5.5618188]}}, {"type": "Feature", "properties": {"stop_id": "5015015393", "name": "Mambo"}, "geometry": {"type": "Point", "coordinates": [-0.2856578, 5.6310887]}}, {"type": "Feature", "properties": {"stop_id": "5015015392", "name": "Sowutuom Last stop"}, "geometry": {"type": "Point", "coordinates": [-0.2844806, 5.62517]}}, {"type": "Feature", "properties": {"stop_id": "5010113603", "name": "Tuba"}, "geometry": {"type": "Point", "coordinates": [-0.3825266, 5.546884]}}, {"type": "Feature", "properties": {"stop_id": "5111784809", "name": "Mars"}, "geometry": {"type": "Point", "coordinates": [-0.2549669, 5.5621759]}}, {"type": "Feature", "properties": {"stop_id": "5111784808", "name": "Liberty"}, "geometry": {"type": "Point", "coordinates": [-0.2548057, 5.565211]}}, {"type": "Feature", "properties": {"stop_id": "5015015399", "name": "Offtown"}, "geometry": {"type": "Point", "coordinates": [-0.3104668, 5.6177285]}}, {"type": "Feature", "properties": {"stop_id": "5015015398", "name": "Pentecost"}, "geometry": {"type": "Point", "coordinates": [-0.3090148, 5.6189845]}}, {"type": "Feature", "properties": {"stop_id": "SA5021004845", "name": "Asofan School Juntion"}, "geometry": {"type": "Point", "coordinates": [-0.2848819, 5.654395]}}, {"type": "Feature", "properties": {"stop_id": "5155607283", "name": "Anyah"}, "geometry": {"type": "Point", "coordinates": [-0.2966621, 5.6073548]}}, {"type": "Feature", "properties": {"stop_id": "SA5114018827", "name": "Agbobloshie Market"}, "geometry": {"type": "Point", "coordinates": [-0.2201832, 5.5503625]}}, {"type": "Feature", "properties": {"stop_id": "SA5041513175", "name": "Jah Love"}, "geometry": {"type": "Point", "coordinates": [-0.2706603, 5.5963807]}}, {"type": "Feature", "properties": {"stop_id": "5025315898", "name": "Nku Kpotoi"}, "geometry": {"type": "Point", "coordinates": [-0.2486018, 5.535621]}}, {"type": "Feature", "properties": {"stop_id": "5025315899", "name": "IBE (Camara)"}, "geometry": {"type": "Point", "coordinates": [-0.2475464, 5.5356405]}}, {"type": "Feature", "properties": {"stop_id": "5025315896", "name": "Mangoase"}, "geometry": {"type": "Point", "coordinates": [-0.2526934, 5.5356807]}}, {"type": "Feature", "properties": {"stop_id": "5025315897", "name": "Camara Junction"}, "geometry": {"type": "Point", "coordinates": [-0.250495, 5.5356732]}}, {"type": "Feature", "properties": {"stop_id": "5025315895", "name": "Camara (Station)"}, "geometry": {"type": "Point", "coordinates": [-0.2552293, 5.5366004]}}, {"type": "Feature", "properties": {"stop_id": "SA5027248840", "name": "Girl School"}, "geometry": {"type": "Point", "coordinates": [-0.2426232, 5.5319185]}}, {"type": "Feature", "properties": {"stop_id": "5026172579", "name": "Alliance"}, "geometry": {"type": "Point", "coordinates": [-0.1759377, 5.5979817]}}, {"type": "Feature", "properties": {"stop_id": "5043599036", "name": "Lapaz Station"}, "geometry": {"type": "Point", "coordinates": [-0.2082208, 5.5848186]}}, {"type": "Feature", "properties": {"stop_id": "5043599037", "name": "Kotobabi Down"}, "geometry": {"type": "Point", "coordinates": [-0.1988839, 5.5974079]}}, {"type": "Feature", "properties": {"stop_id": "5028866872", "name": "Mawarko"}, "geometry": {"type": "Point", "coordinates": [-0.1957807, 5.5909155]}}, {"type": "Feature", "properties": {"stop_id": "5028866873", "name": "Gutter"}, "geometry": {"type": "Point", "coordinates": [-0.196729, 5.5882138]}}, {"type": "Feature", "properties": {"stop_id": "5028866870", "name": "Nima Overhead"}, "geometry": {"type": "Point", "coordinates": [-0.194629, 5.5942367]}}, {"type": "Feature", "properties": {"stop_id": "5028866871", "name": "Maamobi"}, "geometry": {"type": "Point", "coordinates": [-0.1954038, 5.5921068]}}, {"type": "Feature", "properties": {"stop_id": "SA4997066320", "name": "Assemblies"}, "geometry": {"type": "Point", "coordinates": [-0.1715395, 5.6914266]}}, {"type": "Feature", "properties": {"stop_id": "5028866874", "name": "Nima Roundabout"}, "geometry": {"type": "Point", "coordinates": [-0.2005471, 5.5781224]}}, {"type": "Feature", "properties": {"stop_id": "4740602044", "name": "Tuba"}, "geometry": {"type": "Point", "coordinates": [-0.3819991, 5.546819]}}, {"type": "Feature", "properties": {"stop_id": "SA5092671644", "name": "Israel"}, "geometry": {"type": "Point", "coordinates": [-0.3221449, 5.6307841]}}, {"type": "Feature", "properties": {"stop_id": "SA5041783473", "name": "Dwenewoho Station"}, "geometry": {"type": "Point", "coordinates": [-0.2980604, 5.6454289]}}, {"type": "Feature", "properties": {"stop_id": "SA5092671642", "name": "Manhia Afuaman"}, "geometry": {"type": "Point", "coordinates": [-0.3523835, 5.6379388]}}, {"type": "Feature", "properties": {"stop_id": "SA5092671643", "name": "Baajoo"}, "geometry": {"type": "Point", "coordinates": [-0.3493207, 5.6401947]}}, {"type": "Feature", "properties": {"stop_id": "4740602043", "name": "Legon Second"}, "geometry": {"type": "Point", "coordinates": [-0.1798695, 5.6481575]}}, {"type": "Feature", "properties": {"stop_id": "5027829971", "name": "Kalabule"}, "geometry": {"type": "Point", "coordinates": [-0.3905393, 5.5430349]}}, {"type": "Feature", "properties": {"stop_id": "SA5045353357", "name": "Adonteng"}, "geometry": {"type": "Point", "coordinates": [-0.2467559, 5.5429552]}}, {"type": "Feature", "properties": {"stop_id": "5027829973", "name": "Benjy's"}, "geometry": {"type": "Point", "coordinates": [-0.2903419, 5.562418]}}, {"type": "Feature", "properties": {"stop_id": "5027829972", "name": "Jayeemens"}, "geometry": {"type": "Point", "coordinates": [-0.2922836, 5.5603339]}}, {"type": "Feature", "properties": {"stop_id": "5047423637", "name": "Junction"}, "geometry": {"type": "Point", "coordinates": [-0.2428827, 5.5339958]}}, {"type": "Feature", "properties": {"stop_id": "SA5054694249", "name": "Dreamland"}, "geometry": {"type": "Point", "coordinates": [-0.1514771, 5.5586963]}}, {"type": "Feature", "properties": {"stop_id": "5047423634", "name": "Accra Bishop"}, "geometry": {"type": "Point", "coordinates": [-0.2045106, 5.5432393]}}, {"type": "Feature", "properties": {"stop_id": "SA5024569735", "name": "Pokuase New Station"}, "geometry": {"type": "Point", "coordinates": [-0.2815614, 5.687738]}}, {"type": "Feature", "properties": {"stop_id": "SA5041737435", "name": "Toilets"}, "geometry": {"type": "Point", "coordinates": [-0.2728334, 5.6139643]}}, {"type": "Feature", "properties": {"stop_id": "5027285558", "name": "Mars Junction"}, "geometry": {"type": "Point", "coordinates": [-0.2537154, 5.5591466]}}, {"type": "Feature", "properties": {"stop_id": "SA5041737430", "name": "Ga Central Assembly"}, "geometry": {"type": "Point", "coordinates": [-0.284532, 5.6252859]}}, {"type": "Feature", "properties": {"stop_id": "SA5041737431", "name": "Sowutuom"}, "geometry": {"type": "Point", "coordinates": [-0.2834354, 5.6248397]}}, {"type": "Feature", "properties": {"stop_id": "SA5024569733", "name": "Washing Bay"}, "geometry": {"type": "Point", "coordinates": [-0.2529491, 5.6308391]}}, {"type": "Feature", "properties": {"stop_id": "SA5041737433", "name": "Market"}, "geometry": {"type": "Point", "coordinates": [-0.2769, 5.6205575]}}, {"type": "Feature", "properties": {"stop_id": "5028671589", "name": "Danquah First"}, "geometry": {"type": "Point", "coordinates": [-0.1797582, 5.5664255]}}, {"type": "Feature", "properties": {"stop_id": "5041609688", "name": "Container Race Course"}, "geometry": {"type": "Point", "coordinates": [-0.2640589, 5.6091341]}}, {"type": "Feature", "properties": {"stop_id": "5052216077", "name": "Kaneshie"}, "geometry": {"type": "Point", "coordinates": [-0.2319607, 5.5632949]}}, {"type": "Feature", "properties": {"stop_id": "5027285555", "name": "New Russia Last Stop"}, "geometry": {"type": "Point", "coordinates": [-0.2569765, 5.5582129]}}, {"type": "Feature", "properties": {"stop_id": "SA5020395234", "name": "Bawaleshi Second"}, "geometry": {"type": "Point", "coordinates": [-0.1673192, 5.6418746]}}, {"type": "Feature", "properties": {"stop_id": "SA5047154060", "name": "MTN"}, "geometry": {"type": "Point", "coordinates": [-0.1567348, 5.6449389]}}, {"type": "Feature", "properties": {"stop_id": "SA5047154061", "name": "Bawaleshie First"}, "geometry": {"type": "Point", "coordinates": [-0.1673155, 5.6418176]}}, {"type": "Feature", "properties": {"stop_id": "SA5040332109", "name": "Lapaz Borlaso"}, "geometry": {"type": "Point", "coordinates": [-0.261239, 5.6094583]}}, {"type": "Feature", "properties": {"stop_id": "5047423639", "name": "Lotto House"}, "geometry": {"type": "Point", "coordinates": [-0.2508678, 5.5323856]}}, {"type": "Feature", "properties": {"stop_id": "SA5047154064", "name": "Puplampu"}, "geometry": {"type": "Point", "coordinates": [-0.172673, 5.6328306]}}, {"type": "Feature", "properties": {"stop_id": "SA5047154065", "name": "Block Factory"}, "geometry": {"type": "Point", "coordinates": [-0.1736704, 5.6284456]}}, {"type": "Feature", "properties": {"stop_id": "SA5064916992", "name": "Police Station"}, "geometry": {"type": "Point", "coordinates": [-0.1050284, 5.6505728]}}, {"type": "Feature", "properties": {"stop_id": "SA5064916991", "name": "Toll booth"}, "geometry": {"type": "Point", "coordinates": [-0.1455015, 5.6342154]}}, {"type": "Feature", "properties": {"stop_id": "5054694250", "name": "Court"}, "geometry": {"type": "Point", "coordinates": [-0.1553659, 5.5572895]}}, {"type": "Feature", "properties": {"stop_id": "5054694251", "name": "Olympia"}, "geometry": {"type": "Point", "coordinates": [-0.158709, 5.5578802]}}, {"type": "Feature", "properties": {"stop_id": "5054694252", "name": "Jokers"}, "geometry": {"type": "Point", "coordinates": [-0.1637295, 5.5574897]}}, {"type": "Feature", "properties": {"stop_id": "5054694253", "name": "Barracks"}, "geometry": {"type": "Point", "coordinates": [-0.1679804, 5.5582465]}}, {"type": "Feature", "properties": {"stop_id": "5054694254", "name": "Danquah Second"}, "geometry": {"type": "Point", "coordinates": [-0.1797379, 5.5661571]}}, {"type": "Feature", "properties": {"stop_id": "5054694255", "name": "Danquah First"}, "geometry": {"type": "Point", "coordinates": [-0.1823663, 5.5676276]}}, {"type": "Feature", "properties": {"stop_id": "5014786530", "name": "Melcom"}, "geometry": {"type": "Point", "coordinates": [-0.2267337, 5.5878478]}}, {"type": "Feature", "properties": {"stop_id": "5113056195", "name": "Commercial Bank"}, "geometry": {"type": "Point", "coordinates": [-0.2079325, 5.5853237]}}, {"type": "Feature", "properties": {"stop_id": "5113056194", "name": "College"}, "geometry": {"type": "Point", "coordinates": [-0.2068995, 5.5832717]}}, {"type": "Feature", "properties": {"stop_id": "SA5009934990", "name": "Medie"}, "geometry": {"type": "Point", "coordinates": [-0.32598, 5.7619486]}}, {"type": "Feature", "properties": {"stop_id": "SA5009934991", "name": "Sarpeiman"}, "geometry": {"type": "Point", "coordinates": [-0.3110896, 5.7256372]}}, {"type": "Feature", "properties": {"stop_id": "SA5009934992", "name": "Toman"}, "geometry": {"type": "Point", "coordinates": [-0.3050504, 5.7122526]}}, {"type": "Feature", "properties": {"stop_id": "5028483801", "name": "ECG"}, "geometry": {"type": "Point", "coordinates": [-0.1201833, 5.6011943]}}, {"type": "Feature", "properties": {"stop_id": "SA5038979084", "name": "Bubiashie Ayigbe Town"}, "geometry": {"type": "Point", "coordinates": [-0.2401363, 5.5829964]}}, {"type": "Feature", "properties": {"stop_id": "5025315900", "name": "New Station"}, "geometry": {"type": "Point", "coordinates": [-0.2302348, 5.5353892]}}, {"type": "Feature", "properties": {"stop_id": "SA5026530809", "name": "North Industrial Area"}, "geometry": {"type": "Point", "coordinates": [-0.2314914, 5.5855139]}}, {"type": "Feature", "properties": {"stop_id": "SA1986177611", "name": "ACP Junction"}, "geometry": {"type": "Point", "coordinates": [-0.2774571, 5.683924]}}, {"type": "Feature", "properties": {"stop_id": "5024762424", "name": "Afridom"}, "geometry": {"type": "Point", "coordinates": [-0.1819719, 5.5650387]}}, {"type": "Feature", "properties": {"stop_id": "5024762425", "name": "PIWC Accra"}, "geometry": {"type": "Point", "coordinates": [-0.2083755, 5.5744678]}}, {"type": "Feature", "properties": {"stop_id": "5024762426", "name": "Bayport"}, "geometry": {"type": "Point", "coordinates": [-0.2087571, 5.5760332]}}, {"type": "Feature", "properties": {"stop_id": "5028483804", "name": "Curve"}, "geometry": {"type": "Point", "coordinates": [-0.1308059, 5.5957384]}}, {"type": "Feature", "properties": {"stop_id": "5024762423", "name": "SSNIT"}, "geometry": {"type": "Point", "coordinates": [-0.1823144, 5.5630077]}}, {"type": "Feature", "properties": {"stop_id": "4400503912", "name": "Community 9"}, "geometry": {"type": "Point", "coordinates": [-0.0122552, 5.6789812]}}, {"type": "Feature", "properties": {"stop_id": "5025015474", "name": "Laskia"}, "geometry": {"type": "Point", "coordinates": [-0.2355699, 5.5563944]}}, {"type": "Feature", "properties": {"stop_id": "5028483805", "name": "Rasta"}, "geometry": {"type": "Point", "coordinates": [-0.131002, 5.5850886]}}, {"type": "Feature", "properties": {"stop_id": "5025015471", "name": "Flamingo"}, "geometry": {"type": "Point", "coordinates": [-0.2465146, 5.5580445]}}, {"type": "Feature", "properties": {"stop_id": "5025015473", "name": "Great Lamptey"}, "geometry": {"type": "Point", "coordinates": [-0.2372041, 5.5567781]}}, {"type": "Feature", "properties": {"stop_id": "5025015472", "name": "Zongo Junction"}, "geometry": {"type": "Point", "coordinates": [-0.240765, 5.5575898]}}, {"type": "Feature", "properties": {"stop_id": "5039895713", "name": "Bakery"}, "geometry": {"type": "Point", "coordinates": [-0.2091355, 5.5880695]}}, {"type": "Feature", "properties": {"stop_id": "5039895712", "name": "Five five"}, "geometry": {"type": "Point", "coordinates": [-0.2077618, 5.5899988]}}, {"type": "Feature", "properties": {"stop_id": "5033271032", "name": "Zenith"}, "geometry": {"type": "Point", "coordinates": [-0.1819222, 5.5653136]}}, {"type": "Feature", "properties": {"stop_id": "5039895710", "name": "Prempeh"}, "geometry": {"type": "Point", "coordinates": [-0.2078076, 5.5923472]}}, {"type": "Feature", "properties": {"stop_id": "5039895716", "name": "Circle"}, "geometry": {"type": "Point", "coordinates": [-0.2142318, 5.5731446]}}, {"type": "Feature", "properties": {"stop_id": "5039895715", "name": "Roman Junction"}, "geometry": {"type": "Point", "coordinates": [-0.2129838, 5.5851617]}}, {"type": "Feature", "properties": {"stop_id": "5026603968", "name": "Peps"}, "geometry": {"type": "Point", "coordinates": [-0.2362985, 5.5840627]}}, {"type": "Feature", "properties": {"stop_id": "5038728623", "name": "Taifa Post Office"}, "geometry": {"type": "Point", "coordinates": [-0.2509083, 5.6511867]}}, {"type": "Feature", "properties": {"stop_id": "5038728622", "name": "No way"}, "geometry": {"type": "Point", "coordinates": [-0.2507863, 5.6526566]}}, {"type": "Feature", "properties": {"stop_id": "5038728621", "name": "SDA"}, "geometry": {"type": "Point", "coordinates": [-0.2521579, 5.6564006]}}, {"type": "Feature", "properties": {"stop_id": "4752602021", "name": "Okponglo"}, "geometry": {"type": "Point", "coordinates": [-0.1781459, 5.6396084]}}, {"type": "Feature", "properties": {"stop_id": "4740682125", "name": "Mallam Junction"}, "geometry": {"type": "Point", "coordinates": [-0.2861767, 5.5690758]}}, {"type": "Feature", "properties": {"stop_id": "SA5010786351", "name": "Goil"}, "geometry": {"type": "Point", "coordinates": [-0.1410868, 5.5796773]}}, {"type": "Feature", "properties": {"stop_id": "5026603972", "name": "Mangoase"}, "geometry": {"type": "Point", "coordinates": [-0.2346815, 5.5802879]}}, {"type": "Feature", "properties": {"stop_id": "5047020128", "name": "Bayere Junction"}, "geometry": {"type": "Point", "coordinates": [-0.2003886, 5.6113178]}}, {"type": "Feature", "properties": {"stop_id": "5026603970", "name": "St. Johns"}, "geometry": {"type": "Point", "coordinates": [-0.2350597, 5.5822919]}}, {"type": "Feature", "properties": {"stop_id": "5026603971", "name": "Been to"}, "geometry": {"type": "Point", "coordinates": [-0.2354614, 5.5814187]}}, {"type": "Feature", "properties": {"stop_id": "5026603976", "name": "Five Five"}, "geometry": {"type": "Point", "coordinates": [-0.2356854, 5.57281]}}, {"type": "Feature", "properties": {"stop_id": "SA5041783472", "name": "Washing Base"}, "geometry": {"type": "Point", "coordinates": [-0.2980681, 5.6402947]}}, {"type": "Feature", "properties": {"stop_id": "SA5041783471", "name": "Omanjor Main station"}, "geometry": {"type": "Point", "coordinates": [-0.2970056, 5.6388414]}}, {"type": "Feature", "properties": {"stop_id": "SA5041783470", "name": "School Junction"}, "geometry": {"type": "Point", "coordinates": [-0.2935256, 5.6367199]}}, {"type": "Feature", "properties": {"stop_id": "4980841287", "name": "Nii Boi Town Junction"}, "geometry": {"type": "Point", "coordinates": [-0.245219, 5.6082043]}}, {"type": "Feature", "properties": {"stop_id": "4980841285", "name": "Abeka Lapaz"}, "geometry": {"type": "Point", "coordinates": [-0.2481677, 5.6072824]}}, {"type": "Feature", "properties": {"stop_id": "SA5030650717", "name": "Alaska"}, "geometry": {"type": "Point", "coordinates": [-0.1971293, 5.5862518]}}, {"type": "Feature", "properties": {"stop_id": "SA5024785674", "name": "Tesano Police Station"}, "geometry": {"type": "Point", "coordinates": [-0.225585, 5.6031436]}}, {"type": "Feature", "properties": {"stop_id": "5022509202", "name": "Korle-Bu Barber"}, "geometry": {"type": "Point", "coordinates": [-0.2228491, 5.5368763]}}, {"type": "Feature", "properties": {"stop_id": "SA4994957018", "name": "Abeka Bcos Junction"}, "geometry": {"type": "Point", "coordinates": [-0.2349533, 5.598944]}}, {"type": "Feature", "properties": {"stop_id": "5000996583", "name": "Emmanuel Presby"}, "geometry": {"type": "Point", "coordinates": [-0.2646296, 5.5484033]}}, {"type": "Feature", "properties": {"stop_id": "4990644971", "name": "Texpo"}, "geometry": {"type": "Point", "coordinates": [-0.0792992, 5.6254631]}}, {"type": "Feature", "properties": {"stop_id": "5111702007", "name": "Central University"}, "geometry": {"type": "Point", "coordinates": [-0.2420182, 5.5662267]}}, {"type": "Feature", "properties": {"stop_id": "4980841288", "name": "Bambolino"}, "geometry": {"type": "Point", "coordinates": [-0.2423735, 5.6087099]}}, {"type": "Feature", "properties": {"stop_id": "4980841289", "name": "Lapaz Market"}, "geometry": {"type": "Point", "coordinates": [-0.24051, 5.6090177]}}, {"type": "Feature", "properties": {"stop_id": "5020102837", "name": "Chop bar"}, "geometry": {"type": "Point", "coordinates": [-0.3008247, 5.7087008]}}, {"type": "Feature", "properties": {"stop_id": "5020102836", "name": "Mile 7"}, "geometry": {"type": "Point", "coordinates": [-0.2397776, 5.633939]}}, {"type": "Feature", "properties": {"stop_id": "5020102835", "name": "Neoplan"}, "geometry": {"type": "Point", "coordinates": [-0.2348668, 5.6263077]}}, {"type": "Feature", "properties": {"stop_id": "SA5026329347", "name": "New Fadama"}, "geometry": {"type": "Point", "coordinates": [-0.2480149, 5.6000091]}}, {"type": "Feature", "properties": {"stop_id": "5020102833", "name": "Achimota Old Station"}, "geometry": {"type": "Point", "coordinates": [-0.2294949, 5.6154576]}}, {"type": "Feature", "properties": {"stop_id": "2917277220", "name": "Abofu"}, "geometry": {"type": "Point", "coordinates": [-0.2229509, 5.6139906]}}, {"type": "Feature", "properties": {"stop_id": "5054759307", "name": "Regimanuel"}, "geometry": {"type": "Point", "coordinates": [-0.1451528, 5.562487]}}, {"type": "Feature", "properties": {"stop_id": "4990423850", "name": "Dome Crossing"}, "geometry": {"type": "Point", "coordinates": [-0.2366063, 5.6476487]}}, {"type": "Feature", "properties": {"stop_id": "5020102839", "name": "Macedonia"}, "geometry": {"type": "Point", "coordinates": [-0.3143962, 5.7362667]}}, {"type": "Feature", "properties": {"stop_id": "SA5110119199", "name": "Mallam"}, "geometry": {"type": "Point", "coordinates": [-0.2894265, 5.5753595]}}, {"type": "Feature", "properties": {"stop_id": "5045353360", "name": "Video City"}, "geometry": {"type": "Point", "coordinates": [-0.2439343, 5.5467781]}}, {"type": "Feature", "properties": {"stop_id": "5045353361", "name": "Lotto Kiosk"}, "geometry": {"type": "Point", "coordinates": [-0.2438196, 5.5479323]}}, {"type": "Feature", "properties": {"stop_id": "SA5024610769", "name": "Tabora Number 4"}, "geometry": {"type": "Point", "coordinates": [-0.2603914, 5.6088704]}}, {"type": "Feature", "properties": {"stop_id": "SA5024610768", "name": "Tabora Number 5"}, "geometry": {"type": "Point", "coordinates": [-0.2611895, 5.6103886]}}, {"type": "Feature", "properties": {"stop_id": "5045353364", "name": "First Junction"}, "geometry": {"type": "Point", "coordinates": [-0.2438623, 5.5531498]}}, {"type": "Feature", "properties": {"stop_id": "5022509205", "name": "Mamprobi Post Office"}, "geometry": {"type": "Point", "coordinates": [-0.2370463, 5.5338358]}}, {"type": "Feature", "properties": {"stop_id": "SA5024610763", "name": "Tabora Asoredanho"}, "geometry": {"type": "Point", "coordinates": [-0.2626165, 5.6214484]}}, {"type": "Feature", "properties": {"stop_id": "SA5024610762", "name": "Star Junction"}, "geometry": {"type": "Point", "coordinates": [-0.2617657, 5.622279]}}, {"type": "Feature", "properties": {"stop_id": "SA5024610761", "name": "Taste"}, "geometry": {"type": "Point", "coordinates": [-0.2619972, 5.6234649]}}, {"type": "Feature", "properties": {"stop_id": "4990423853", "name": "Born Again"}, "geometry": {"type": "Point", "coordinates": [-0.2373961, 5.6578362]}}, {"type": "Feature", "properties": {"stop_id": "SA5024610767", "name": "Tabora Number 6"}, "geometry": {"type": "Point", "coordinates": [-0.2610552, 5.6122106]}}, {"type": "Feature", "properties": {"stop_id": "SA5024610766", "name": "Scorpion"}, "geometry": {"type": "Point", "coordinates": [-0.260686, 5.6157148]}}, {"type": "Feature", "properties": {"stop_id": "SA5024610765", "name": "Tabora Lighthouse"}, "geometry": {"type": "Point", "coordinates": [-0.2610403, 5.6169655]}}, {"type": "Feature", "properties": {"stop_id": "SA5024610764", "name": "Tabora Junction"}, "geometry": {"type": "Point", "coordinates": [-0.2618847, 5.6193489]}}, {"type": "Feature", "properties": {"stop_id": "SA5025249684", "name": "Premier"}, "geometry": {"type": "Point", "coordinates": [-0.2448359, 5.5429921]}}, {"type": "Feature", "properties": {"stop_id": "SA5025249683", "name": "Soko Junction"}, "geometry": {"type": "Point", "coordinates": [-0.2486091, 5.5453241]}}, {"type": "Feature", "properties": {"stop_id": "5083057446", "name": "Tema station"}, "geometry": {"type": "Point", "coordinates": [-0.2015402, 5.5480827]}}, {"type": "Feature", "properties": {"stop_id": "SA5027274333", "name": "Mangoase"}, "geometry": {"type": "Point", "coordinates": [-0.2587421, 5.5941284]}}, {"type": "Feature", "properties": {"stop_id": "SA5027274332", "name": "Official Town"}, "geometry": {"type": "Point", "coordinates": [-0.2587949, 5.5949885]}}, {"type": "Feature", "properties": {"stop_id": "SA5027274335", "name": "Macedonia"}, "geometry": {"type": "Point", "coordinates": [-0.2597169, 5.5910936]}}, {"type": "Feature", "properties": {"stop_id": "SA5027274334", "name": "Blue Kiosk"}, "geometry": {"type": "Point", "coordinates": [-0.2592586, 5.5922352]}}, {"type": "Feature", "properties": {"stop_id": "SA5027274336", "name": "Market"}, "geometry": {"type": "Point", "coordinates": [-0.2605615, 5.5887639]}}, {"type": "Feature", "properties": {"stop_id": "5045403676", "name": "School Junction"}, "geometry": {"type": "Point", "coordinates": [-0.2454327, 5.546722]}}, {"type": "Feature", "properties": {"stop_id": "5045403677", "name": "Pentecost"}, "geometry": {"type": "Point", "coordinates": [-0.2466803, 5.5442593]}}, {"type": "Feature", "properties": {"stop_id": "5045403675", "name": "Lotto Kiosk"}, "geometry": {"type": "Point", "coordinates": [-0.2437771, 5.5475191]}}, {"type": "Feature", "properties": {"stop_id": "5022982310", "name": "Antie-Eku Pallas Town"}, "geometry": {"type": "Point", "coordinates": [-0.2847954, 5.6126691]}}, {"type": "Feature", "properties": {"stop_id": "5022982311", "name": "Junction"}, "geometry": {"type": "Point", "coordinates": [-0.2832786, 5.6117364]}}, {"type": "Feature", "properties": {"stop_id": "5022982312", "name": "Add a name to the stop with JungleBus app"}, "geometry": {"type": "Point", "coordinates": [-0.2756026, 5.6058022]}}, {"type": "Feature", "properties": {"stop_id": "5022982313", "name": "Goil"}, "geometry": {"type": "Point", "coordinates": [-0.2689553, 5.5935897]}}, {"type": "Feature", "properties": {"stop_id": "SA5064359914", "name": "Mantse 2nd gate"}, "geometry": {"type": "Point", "coordinates": [-0.2283981, 5.5762902]}}, {"type": "Feature", "properties": {"stop_id": "SA5054759314", "name": "Police Station"}, "geometry": {"type": "Point", "coordinates": [-0.1110698, 5.5765482]}}, {"type": "Feature", "properties": {"stop_id": "4980841297", "name": "Ebony"}, "geometry": {"type": "Point", "coordinates": [-0.2036896, 5.6051616]}}, {"type": "Feature", "properties": {"stop_id": "5045403678", "name": "Adonteng"}, "geometry": {"type": "Point", "coordinates": [-0.2467918, 5.5427908]}}, {"type": "Feature", "properties": {"stop_id": "5045403679", "name": "Bridge"}, "geometry": {"type": "Point", "coordinates": [-0.2477325, 5.5427119]}}, {"type": "Feature", "properties": {"stop_id": "4997931943", "name": "Bamboi"}, "geometry": {"type": "Point", "coordinates": [-0.2462315, 5.5327788]}}, {"type": "Feature", "properties": {"stop_id": "4980841296", "name": "Dzorwulu Junction"}, "geometry": {"type": "Point", "coordinates": [-0.2070102, 5.6073118]}}, {"type": "Feature", "properties": {"stop_id": "4997931945", "name": "205"}, "geometry": {"type": "Point", "coordinates": [-0.253574, 5.531965]}}, {"type": "Feature", "properties": {"stop_id": "4997931944", "name": "Atomic"}, "geometry": {"type": "Point", "coordinates": [-0.2664628, 5.5272151]}}, {"type": "Feature", "properties": {"stop_id": "5122881867", "name": "Odorkor Police Station"}, "geometry": {"type": "Point", "coordinates": [-0.2561054, 5.5776529]}}, {"type": "Feature", "properties": {"stop_id": "4997931946", "name": "Agege Last Stop"}, "geometry": {"type": "Point", "coordinates": [-0.2641792, 5.529133]}}, {"type": "Feature", "properties": {"stop_id": "5102155249", "name": "Radio Gold"}, "geometry": {"type": "Point", "coordinates": [-0.2397905, 5.5470743]}}, {"type": "Feature", "properties": {"stop_id": "5104994688", "name": "Flat"}, "geometry": {"type": "Point", "coordinates": [-0.2331015, 5.5472933]}}, {"type": "Feature", "properties": {"stop_id": "SA3154428908", "name": "Abrantie"}, "geometry": {"type": "Point", "coordinates": [-0.2516826, 5.6052237]}}, {"type": "Feature", "properties": {"stop_id": "SA5054759318", "name": "Abotsi Anya"}, "geometry": {"type": "Point", "coordinates": [-0.1025033, 5.5850742]}}, {"type": "Feature", "properties": {"stop_id": "SA5035532962", "name": "Brigde"}, "geometry": {"type": "Point", "coordinates": [-0.2311009, 5.6840378]}}, {"type": "Feature", "properties": {"stop_id": "4980841293", "name": "Achimota Overhead"}, "geometry": {"type": "Point", "coordinates": [-0.2255395, 5.6132664]}}, {"type": "Feature", "properties": {"stop_id": "SA5035532960", "name": "Lotto kiosk"}, "geometry": {"type": "Point", "coordinates": [-0.2337103, 5.6921174]}}, {"type": "Feature", "properties": {"stop_id": "SA5035532961", "name": "Melcom"}, "geometry": {"type": "Point", "coordinates": [-0.2319317, 5.6889417]}}, {"type": "Feature", "properties": {"stop_id": "4995095761", "name": "Roundabout"}, "geometry": {"type": "Point", "coordinates": [-0.1781169, 5.5772212]}}, {"type": "Feature", "properties": {"stop_id": "5113124894", "name": "Total"}, "geometry": {"type": "Point", "coordinates": [-0.2049509, 5.6675379]}}, {"type": "Feature", "properties": {"stop_id": "SA5113195638", "name": "Bridge (Ashongman last stop)"}, "geometry": {"type": "Point", "coordinates": [-0.2072412, 5.7007568]}}, {"type": "Feature", "properties": {"stop_id": "5083251759", "name": "Asoredanho"}, "geometry": {"type": "Point", "coordinates": [-0.2380742, 5.5841501]}}, {"type": "Feature", "properties": {"stop_id": "4982950472", "name": "Kankudi"}, "geometry": {"type": "Point", "coordinates": [-0.1885244, 5.5947696]}}, {"type": "Feature", "properties": {"stop_id": "5024322030", "name": "T-Junction"}, "geometry": {"type": "Point", "coordinates": [-0.2516221, 5.6269287]}}, {"type": "Feature", "properties": {"stop_id": "SA5011961069", "name": "School Junction"}, "geometry": {"type": "Point", "coordinates": [-0.250239, 5.6258614]}}, {"type": "Feature", "properties": {"stop_id": "5021041010", "name": "ABC Junction"}, "geometry": {"type": "Point", "coordinates": [-0.2365493, 5.6288679]}}, {"type": "Feature", "properties": {"stop_id": "4980974748", "name": "Shalom"}, "geometry": {"type": "Point", "coordinates": [-0.2322283, 5.5312256]}}, {"type": "Feature", "properties": {"stop_id": "4997071025", "name": "Atomic Second"}, "geometry": {"type": "Point", "coordinates": [-0.1766341, 5.6679806]}}, {"type": "Feature", "properties": {"stop_id": "5021041011", "name": "Ofankor Taxi Rank"}, "geometry": {"type": "Point", "coordinates": [-0.2672245, 5.6578716]}}, {"type": "Feature", "properties": {"stop_id": "5008338675", "name": "Junction"}, "geometry": {"type": "Point", "coordinates": [-0.2524811, 5.6528315]}}, {"type": "Feature", "properties": {"stop_id": "4980841299", "name": "Culture"}, "geometry": {"type": "Point", "coordinates": [-0.185181, 5.5934508]}}, {"type": "Feature", "properties": {"stop_id": "4980974742", "name": "Sempe Second"}, "geometry": {"type": "Point", "coordinates": [-0.2387178, 5.5386027]}}, {"type": "Feature", "properties": {"stop_id": "4980974743", "name": "Sempe First"}, "geometry": {"type": "Point", "coordinates": [-0.2383399, 5.5370014]}}, {"type": "Feature", "properties": {"stop_id": "4980974744", "name": "Mamprobi Station"}, "geometry": {"type": "Point", "coordinates": [-0.2377661, 5.5346741]}}, {"type": "Feature", "properties": {"stop_id": "4980974745", "name": "Shell"}, "geometry": {"type": "Point", "coordinates": [-0.2373786, 5.53299]}}, {"type": "Feature", "properties": {"stop_id": "4980974746", "name": "Market Junction"}, "geometry": {"type": "Point", "coordinates": [-0.237237, 5.5321588]}}, {"type": "Feature", "properties": {"stop_id": "4980841298", "name": "Roman Ridge"}, "geometry": {"type": "Point", "coordinates": [-0.2003114, 5.6029353]}}, {"type": "Feature", "properties": {"stop_id": "5084413302", "name": "Twibleoo"}, "geometry": {"type": "Point", "coordinates": [-0.3372154, 5.6416429]}}, {"type": "Feature", "properties": {"stop_id": "5084413303", "name": "Glory Land"}, "geometry": {"type": "Point", "coordinates": [-0.2580518, 5.5782711]}}, {"type": "Feature", "properties": {"stop_id": "SA5041138816", "name": "Barclays"}, "geometry": {"type": "Point", "coordinates": [-0.2047198, 5.6656167]}}, {"type": "Feature", "properties": {"stop_id": "SA5023043421", "name": "Post Office"}, "geometry": {"type": "Point", "coordinates": [-0.2085836, 5.5422115]}}, {"type": "Feature", "properties": {"stop_id": "5084413307", "name": "Abrantie"}, "geometry": {"type": "Point", "coordinates": [-0.2824024, 5.5886559]}}, {"type": "Feature", "properties": {"stop_id": "5084413304", "name": "Waterworks junction"}, "geometry": {"type": "Point", "coordinates": [-0.2601827, 5.5795988]}}, {"type": "Feature", "properties": {"stop_id": "5050732580", "name": "Kokompe"}, "geometry": {"type": "Point", "coordinates": [-0.252957, 5.5799311]}}, {"type": "Feature", "properties": {"stop_id": "4997071021", "name": "Ritz Junction"}, "geometry": {"type": "Point", "coordinates": [-0.1713683, 5.6876395]}}, {"type": "Feature", "properties": {"stop_id": "5084413308", "name": "Awoshie Onyinase"}, "geometry": {"type": "Point", "coordinates": [-0.2851295, 5.5902859]}}, {"type": "Feature", "properties": {"stop_id": "5021041015", "name": "Presby"}, "geometry": {"type": "Point", "coordinates": [-0.2837851, 5.65482]}}, {"type": "Feature", "properties": {"stop_id": "SA5024785675", "name": "Caprice Juntion"}, "geometry": {"type": "Point", "coordinates": [-0.2158519, 5.5813779]}}, {"type": "Feature", "properties": {"stop_id": "5027248836", "name": "Lantemame"}, "geometry": {"type": "Point", "coordinates": [-0.2461495, 5.5265448]}}, {"type": "Feature", "properties": {"stop_id": "4990423851", "name": "Dome Old Station"}, "geometry": {"type": "Point", "coordinates": [-0.2374068, 5.651275]}}, {"type": "Feature", "properties": {"stop_id": "4995095768", "name": "Osu Shell"}, "geometry": {"type": "Point", "coordinates": [-0.1827183, 5.5562606]}}, {"type": "Feature", "properties": {"stop_id": "5008338672", "name": "Pharmacy"}, "geometry": {"type": "Point", "coordinates": [-0.2490648, 5.6239036]}}, {"type": "Feature", "properties": {"stop_id": "4995095762", "name": "Morning Star"}, "geometry": {"type": "Point", "coordinates": [-0.1796031, 5.5734194]}}, {"type": "Feature", "properties": {"stop_id": "4995095763", "name": "Prisons"}, "geometry": {"type": "Point", "coordinates": [-0.1804076, 5.5699664]}}, {"type": "Feature", "properties": {"stop_id": "4995095760", "name": "GIS"}, "geometry": {"type": "Point", "coordinates": [-0.1762675, 5.5814513]}}, {"type": "Feature", "properties": {"stop_id": "4997071022", "name": "Madina Masalachi"}, "geometry": {"type": "Point", "coordinates": [-0.1726782, 5.6791469]}}, {"type": "Feature", "properties": {"stop_id": "4995095767", "name": "Papaye"}, "geometry": {"type": "Point", "coordinates": [-0.1821385, 5.5597486]}}, {"type": "Feature", "properties": {"stop_id": "4995095764", "name": "Police Hospital"}, "geometry": {"type": "Point", "coordinates": [-0.1807361, 5.5679853]}}, {"type": "Feature", "properties": {"stop_id": "4995095765", "name": "Penta Hotel"}, "geometry": {"type": "Point", "coordinates": [-0.1811648, 5.5653643]}}, {"type": "Feature", "properties": {"stop_id": "5095915262", "name": "Duase"}, "geometry": {"type": "Point", "coordinates": [-0.2909531, 5.6310749]}}, {"type": "Feature", "properties": {"stop_id": "SA5021998662", "name": "Dome Pillar 2"}, "geometry": {"type": "Point", "coordinates": [-0.2167042, 5.6531692]}}, {"type": "Feature", "properties": {"stop_id": "SA5021998663", "name": "Parakuo"}, "geometry": {"type": "Point", "coordinates": [-0.2218822, 5.6418508]}}, {"type": "Feature", "properties": {"stop_id": "5095915263", "name": "Sowutuom"}, "geometry": {"type": "Point", "coordinates": [-0.2923282, 5.6311363]}}, {"type": "Feature", "properties": {"stop_id": "SA5102949430", "name": "Mangoase"}, "geometry": {"type": "Point", "coordinates": [-0.2428086, 5.5480737]}}, {"type": "Feature", "properties": {"stop_id": "5082543203", "name": "Alajo Junction"}, "geometry": {"type": "Point", "coordinates": [-0.218066, 5.5905534]}}, {"type": "Feature", "properties": {"stop_id": "5082543202", "name": "Sarbah Junction"}, "geometry": {"type": "Point", "coordinates": [-0.2167767, 5.5952385]}}, {"type": "Feature", "properties": {"stop_id": "5082543201", "name": "Alajo Blue Kiosk"}, "geometry": {"type": "Point", "coordinates": [-0.2145178, 5.5984993]}}, {"type": "Feature", "properties": {"stop_id": "5082543200", "name": "Polo Junction"}, "geometry": {"type": "Point", "coordinates": [-0.212226, 5.598347]}}, {"type": "Feature", "properties": {"stop_id": "5043131246", "name": "Pentecost"}, "geometry": {"type": "Point", "coordinates": [-0.2788002, 5.6227111]}}, {"type": "Feature", "properties": {"stop_id": "5043131245", "name": "Dega"}, "geometry": {"type": "Point", "coordinates": [-0.2759926, 5.6151532]}}, {"type": "Feature", "properties": {"stop_id": "5043131244", "name": "Rescue point"}, "geometry": {"type": "Point", "coordinates": [-0.275703, 5.6138719]}}, {"type": "Feature", "properties": {"stop_id": "SA4184924189", "name": "Paloma"}, "geometry": {"type": "Point", "coordinates": [-0.206208, 5.5717215]}}, {"type": "Feature", "properties": {"stop_id": "5043131242", "name": "Polo"}, "geometry": {"type": "Point", "coordinates": [-0.2750455, 5.6101006]}}, {"type": "Feature", "properties": {"stop_id": "5043131241", "name": "Auntie Aku"}, "geometry": {"type": "Point", "coordinates": [-0.2746799, 5.6080996]}}, {"type": "Feature", "properties": {"stop_id": "5043131240", "name": "Assiamah"}, "geometry": {"type": "Point", "coordinates": [-0.2744823, 5.607149]}}, {"type": "Feature", "properties": {"stop_id": "5037881466", "name": "Cemetary"}, "geometry": {"type": "Point", "coordinates": [-0.2200199, 5.6402781]}}, {"type": "Feature", "properties": {"stop_id": "5037881467", "name": "Village Second"}, "geometry": {"type": "Point", "coordinates": [-0.2184201, 5.6386108]}}, {"type": "Feature", "properties": {"stop_id": "5037881464", "name": "Kay Boat"}, "geometry": {"type": "Point", "coordinates": [-0.2266532, 5.6461155]}}, {"type": "Feature", "properties": {"stop_id": "5037881465", "name": "Vulcanizer"}, "geometry": {"type": "Point", "coordinates": [-0.2243714, 5.6441028]}}, {"type": "Feature", "properties": {"stop_id": "SA4992880435", "name": "Tema Community One Market"}, "geometry": {"type": "Point", "coordinates": [0.0012603, 5.645189]}}, {"type": "Feature", "properties": {"stop_id": "SA5054767124", "name": "Nungua Market"}, "geometry": {"type": "Point", "coordinates": [-0.0805217, 5.5999174]}}, {"type": "Feature", "properties": {"stop_id": "5113124881", "name": "Assemblies"}, "geometry": {"type": "Point", "coordinates": [-0.2026156, 5.6960549]}}, {"type": "Feature", "properties": {"stop_id": "SA5040089799", "name": "Dworwulu junction"}, "geometry": {"type": "Point", "coordinates": [-0.2098265, 5.5854539]}}, {"type": "Feature", "properties": {"stop_id": "5113124883", "name": "Agbogba"}, "geometry": {"type": "Point", "coordinates": [-0.1986753, 5.6919051]}}, {"type": "Feature", "properties": {"stop_id": "5113124882", "name": "Cemetry"}, "geometry": {"type": "Point", "coordinates": [-0.2004833, 5.6940987]}}, {"type": "Feature", "properties": {"stop_id": "5113124885", "name": "School Junction"}, "geometry": {"type": "Point", "coordinates": [-0.1959912, 5.6897516]}}, {"type": "Feature", "properties": {"stop_id": "5113124884", "name": "Fitting Shop"}, "geometry": {"type": "Point", "coordinates": [-0.1975027, 5.690993]}}, {"type": "Feature", "properties": {"stop_id": "5113124887", "name": "God's way"}, "geometry": {"type": "Point", "coordinates": [-0.1943868, 5.6869613]}}, {"type": "Feature", "properties": {"stop_id": "5113124886", "name": "Cold Store"}, "geometry": {"type": "Point", "coordinates": [-0.1950609, 5.6888816]}}, {"type": "Feature", "properties": {"stop_id": "5113124889", "name": "ECOMOG"}, "geometry": {"type": "Point", "coordinates": [-0.201669, 5.6809886]}}, {"type": "Feature", "properties": {"stop_id": "5113195624", "name": "Blue Kiosk"}, "geometry": {"type": "Point", "coordinates": [-0.2105242, 5.6472812]}}, {"type": "Feature", "properties": {"stop_id": "5113195627", "name": "Haatso"}, "geometry": {"type": "Point", "coordinates": [-0.2047639, 5.6673557]}}, {"type": "Feature", "properties": {"stop_id": "5113195626", "name": "Brainy School Junction"}, "geometry": {"type": "Point", "coordinates": [-0.2083924, 5.6548613]}}, {"type": "Feature", "properties": {"stop_id": "5113195623", "name": "CP"}, "geometry": {"type": "Point", "coordinates": [-0.2140175, 5.6157629]}}, {"type": "Feature", "properties": {"stop_id": "SA5040089797", "name": "Labour Centre"}, "geometry": {"type": "Point", "coordinates": [-0.2065183, 5.5935661]}}, {"type": "Feature", "properties": {"stop_id": "5058537134", "name": "Asofan New Station"}, "geometry": {"type": "Point", "coordinates": [-0.2935054, 5.6434386]}}, {"type": "Feature", "properties": {"stop_id": "SA5024320820", "name": "New Life"}, "geometry": {"type": "Point", "coordinates": [-0.2806421, 5.7192628]}}, {"type": "Feature", "properties": {"stop_id": "SA4983237020", "name": "Gyedu Junction"}, "geometry": {"type": "Point", "coordinates": [-0.267781, 5.6119558]}}, {"type": "Feature", "properties": {"stop_id": "4997810036", "name": "Bamboi"}, "geometry": {"type": "Point", "coordinates": [-0.2462328, 5.5328628]}}, {"type": "Feature", "properties": {"stop_id": "4997810035", "name": "USA"}, "geometry": {"type": "Point", "coordinates": [-0.2483771, 5.5322769]}}, {"type": "Feature", "properties": {"stop_id": "4997810034", "name": "Lotto House"}, "geometry": {"type": "Point", "coordinates": [-0.2511647, 5.5324642]}}, {"type": "Feature", "properties": {"stop_id": "SA4992365329", "name": "Washing Bay"}, "geometry": {"type": "Point", "coordinates": [-0.0820821, 5.6260281]}}, {"type": "Feature", "properties": {"stop_id": "4997810032", "name": "Agege"}, "geometry": {"type": "Point", "coordinates": [-0.2549926, 5.5317991]}}, {"type": "Feature", "properties": {"stop_id": "4997810031", "name": "Zone 6"}, "geometry": {"type": "Point", "coordinates": [-0.2575751, 5.5314411]}}, {"type": "Feature", "properties": {"stop_id": "4997810030", "name": "Karikari"}, "geometry": {"type": "Point", "coordinates": [-0.2614355, 5.5309817]}}, {"type": "Feature", "properties": {"stop_id": "5082543195", "name": "Kotobabi Police Station"}, "geometry": {"type": "Point", "coordinates": [-0.2046852, 5.5918437]}}, {"type": "Feature", "properties": {"stop_id": "5015015402", "name": "Park"}, "geometry": {"type": "Point", "coordinates": [-0.31806, 5.6089791]}}, {"type": "Feature", "properties": {"stop_id": "SA5022186332", "name": "1 plus 1"}, "geometry": {"type": "Point", "coordinates": [-0.2536135, 5.5699995]}}, {"type": "Feature", "properties": {"stop_id": "SA4992365323", "name": "Vulgunizer"}, "geometry": {"type": "Point", "coordinates": [-0.1691149, 5.6231117]}}, {"type": "Feature", "properties": {"stop_id": "4990644968", "name": "Traffic"}, "geometry": {"type": "Point", "coordinates": [-0.0710647, 5.6217004]}}, {"type": "Feature", "properties": {"stop_id": "SA5037881468", "name": "Village First"}, "geometry": {"type": "Point", "coordinates": [-0.2173491, 5.6375643]}}, {"type": "Feature", "properties": {"stop_id": "5047020124", "name": "Ebony"}, "geometry": {"type": "Point", "coordinates": [-0.2031546, 5.6022629]}}, {"type": "Feature", "properties": {"stop_id": "5079513344", "name": "Overhead"}, "geometry": {"type": "Point", "coordinates": [-0.1970395, 5.5771783]}}, {"type": "Feature", "properties": {"stop_id": "5009980412", "name": "Sapeiman"}, "geometry": {"type": "Point", "coordinates": [-0.3113924, 5.7257431]}}, {"type": "Feature", "properties": {"stop_id": "SA5015015389", "name": "Dega Junction"}, "geometry": {"type": "Point", "coordinates": [-0.2756813, 5.615243]}}, {"type": "Feature", "properties": {"stop_id": "SA5030249501", "name": "Sunny FM"}, "geometry": {"type": "Point", "coordinates": [-0.2000659, 5.5703307]}}, {"type": "Feature", "properties": {"stop_id": "SA5031288171", "name": "New Melcom"}, "geometry": {"type": "Point", "coordinates": [-0.2214446, 5.5851866]}}, {"type": "Feature", "properties": {"stop_id": "SA5064405320", "name": "Ghana commercial bank"}, "geometry": {"type": "Point", "coordinates": [-0.2231662, 5.5762195]}}, {"type": "Feature", "properties": {"stop_id": "5043547850", "name": "Bridge"}, "geometry": {"type": "Point", "coordinates": [-0.2489701, 5.5263755]}}, {"type": "Feature", "properties": {"stop_id": "SA5015015387", "name": "Lapaz Community Hospital"}, "geometry": {"type": "Point", "coordinates": [-0.2540407, 5.6088407]}}, {"type": "Feature", "properties": {"stop_id": "SA5026603967", "name": "Down"}, "geometry": {"type": "Point", "coordinates": [-0.2349948, 5.5851152]}}, {"type": "Feature", "properties": {"stop_id": "SA5026603966", "name": "Station"}, "geometry": {"type": "Point", "coordinates": [-0.236275, 5.5852841]}}, {"type": "Feature", "properties": {"stop_id": "SA5026603965", "name": "washing bay"}, "geometry": {"type": "Point", "coordinates": [-0.2368888, 5.5860245]}}, {"type": "Feature", "properties": {"stop_id": "5051112436", "name": "Fan-Milk"}, "geometry": {"type": "Point", "coordinates": [-0.2980227, 5.6361894]}}, {"type": "Feature", "properties": {"stop_id": "5051112437", "name": "Junction"}, "geometry": {"type": "Point", "coordinates": [-0.2980638, 5.6348528]}}, {"type": "Feature", "properties": {"stop_id": "5051112438", "name": "Azorka Junction"}, "geometry": {"type": "Point", "coordinates": [-0.298078, 5.633223]}}, {"type": "Feature", "properties": {"stop_id": "5051112439", "name": "Aba ase"}, "geometry": {"type": "Point", "coordinates": [-0.2980646, 5.6291992]}}, {"type": "Feature", "properties": {"stop_id": "5038307548", "name": "Coca Cola"}, "geometry": {"type": "Point", "coordinates": [-0.2302732, 5.6484932]}}, {"type": "Feature", "properties": {"stop_id": "SA5111784808", "name": "Liberty"}, "geometry": {"type": "Point", "coordinates": [-0.2548057, 5.565211]}}, {"type": "Feature", "properties": {"stop_id": "SA5026603969", "name": "Awonye"}, "geometry": {"type": "Point", "coordinates": [-0.2363299, 5.5826842]}}, {"type": "Feature", "properties": {"stop_id": "SA5026603968", "name": "Peps"}, "geometry": {"type": "Point", "coordinates": [-0.2362985, 5.5840627]}}, {"type": "Feature", "properties": {"stop_id": "5047059647", "name": "Presby"}, "geometry": {"type": "Point", "coordinates": [-0.1958124, 5.6139249]}}, {"type": "Feature", "properties": {"stop_id": "5047059644", "name": "Special Ice"}, "geometry": {"type": "Point", "coordinates": [-0.1974387, 5.612501]}}, {"type": "Feature", "properties": {"stop_id": "5028483797", "name": "Tsui Bleoo"}, "geometry": {"type": "Point", "coordinates": [-0.1154929, 5.606019]}}, {"type": "Feature", "properties": {"stop_id": "5058536170", "name": "Arena"}, "geometry": {"type": "Point", "coordinates": [-0.2158977, 5.5452615]}}, {"type": "Feature", "properties": {"stop_id": "5047059648", "name": "Sadisco"}, "geometry": {"type": "Point", "coordinates": [-0.2133875, 5.5756979]}}, {"type": "Feature", "properties": {"stop_id": "SA5047108305", "name": "Bridge"}, "geometry": {"type": "Point", "coordinates": [-0.1550035, 5.6463234]}}, {"type": "Feature", "properties": {"stop_id": "SA5095971778", "name": "Loso"}, "geometry": {"type": "Point", "coordinates": [-0.2546007, 5.5510243]}}, {"type": "Feature", "properties": {"stop_id": "SA5095971779", "name": "Sukura Market"}, "geometry": {"type": "Point", "coordinates": [-0.2512097, 5.5524034]}}, {"type": "Feature", "properties": {"stop_id": "5047020129", "name": "Last Chance"}, "geometry": {"type": "Point", "coordinates": [-0.1989623, 5.6115555]}}, {"type": "Feature", "properties": {"stop_id": "4990423838", "name": "Family Life"}, "geometry": {"type": "Point", "coordinates": [-0.2485303, 5.6224777]}}, {"type": "Feature", "properties": {"stop_id": "SA3676894839", "name": "Site 20"}, "geometry": {"type": "Point", "coordinates": [0.0022573, 5.6474365]}}, {"type": "Feature", "properties": {"stop_id": "4990423836", "name": "High Tension"}, "geometry": {"type": "Point", "coordinates": [-0.2484028, 5.6160195]}}, {"type": "Feature", "properties": {"stop_id": "5110140105", "name": "Tipper"}, "geometry": {"type": "Point", "coordinates": [-0.2699562, 5.5783095]}}, {"type": "Feature", "properties": {"stop_id": "4990423834", "name": "Container"}, "geometry": {"type": "Point", "coordinates": [-0.2450317, 5.612947]}}, {"type": "Feature", "properties": {"stop_id": "SA5047108307", "name": "Mensvic"}, "geometry": {"type": "Point", "coordinates": [-0.1716064, 5.6370893]}}, {"type": "Feature", "properties": {"stop_id": "4990423833", "name": "MTN"}, "geometry": {"type": "Point", "coordinates": [-0.2457398, 5.6094268]}}, {"type": "Feature", "properties": {"stop_id": "5028483802", "name": "Junction"}, "geometry": {"type": "Point", "coordinates": [-0.1216968, 5.5948142]}}, {"type": "Feature", "properties": {"stop_id": "5036565839", "name": "Bridge"}, "geometry": {"type": "Point", "coordinates": [-0.2105643, 5.6451381]}}, {"type": "Feature", "properties": {"stop_id": "5036565838", "name": "1st curve"}, "geometry": {"type": "Point", "coordinates": [-0.2099649, 5.6426671]}}, {"type": "Feature", "properties": {"stop_id": "5110140107", "name": "Mallam Junction"}, "geometry": {"type": "Point", "coordinates": [-0.2854341, 5.5708287]}}, {"type": "Feature", "properties": {"stop_id": "5036565835", "name": "Airways Junction"}, "geometry": {"type": "Point", "coordinates": [-0.2106421, 5.6382956]}}, {"type": "Feature", "properties": {"stop_id": "5036565837", "name": "2nd curve"}, "geometry": {"type": "Point", "coordinates": [-0.2109272, 5.6419199]}}, {"type": "Feature", "properties": {"stop_id": "SA5031643335", "name": "Roundabout Ridge"}, "geometry": {"type": "Point", "coordinates": [-0.1976165, 5.5599174]}}, {"type": "Feature", "properties": {"stop_id": "5110140109", "name": "Abase Mallam"}, "geometry": {"type": "Point", "coordinates": [-0.2875078, 5.5743438]}}, {"type": "Feature", "properties": {"stop_id": "SA5088569163", "name": "Adringanor Basic School Junction"}, "geometry": {"type": "Point", "coordinates": [-0.1351679, 5.6463924]}}, {"type": "Feature", "properties": {"stop_id": "SA5088569160", "name": "ADB House"}, "geometry": {"type": "Point", "coordinates": [-0.194399, 5.5645354]}}, {"type": "Feature", "properties": {"stop_id": "SA5088569161", "name": "KFC Junction"}, "geometry": {"type": "Point", "coordinates": [-0.1696885, 5.6396348]}}, {"type": "Feature", "properties": {"stop_id": "5064405320", "name": "Ghana commercial bank"}, "geometry": {"type": "Point", "coordinates": [-0.2231662, 5.5762195]}}, {"type": "Feature", "properties": {"stop_id": "SA5031288172", "name": "North Kaneshie"}, "geometry": {"type": "Point", "coordinates": [-0.2366296, 5.5896201]}}, {"type": "Feature", "properties": {"stop_id": "SA5036738902", "name": "Roman Ridge 1st"}, "geometry": {"type": "Point", "coordinates": [-0.201056, 5.6032245]}}, {"type": "Feature", "properties": {"stop_id": "SA4990423839", "name": "Mile 7 T-Junction Top"}, "geometry": {"type": "Point", "coordinates": [-0.2505813, 5.6263015]}}, {"type": "Feature", "properties": {"stop_id": "5031266298", "name": "Market"}, "geometry": {"type": "Point", "coordinates": [-0.245294, 5.5958597]}}, {"type": "Feature", "properties": {"stop_id": "5031266299", "name": "Point 4 (last stop)"}, "geometry": {"type": "Point", "coordinates": [-0.242534, 5.5953077]}}, {"type": "Feature", "properties": {"stop_id": "SA5036738901", "name": "Pig Farm"}, "geometry": {"type": "Point", "coordinates": [-0.1979953, 5.5987602]}}, {"type": "Feature", "properties": {"stop_id": "SA5028866873", "name": "Gutter"}, "geometry": {"type": "Point", "coordinates": [-0.196729, 5.5882138]}}, {"type": "Feature", "properties": {"stop_id": "5084834970", "name": "School Junction (Omanjor)"}, "geometry": {"type": "Point", "coordinates": [-0.2961335, 5.637812]}}, {"type": "Feature", "properties": {"stop_id": "5084834971", "name": "Omanjor"}, "geometry": {"type": "Point", "coordinates": [-0.2965767, 5.6386133]}}, {"type": "Feature", "properties": {"stop_id": "5031266296", "name": "School"}, "geometry": {"type": "Point", "coordinates": [-0.2473258, 5.5986171]}}, {"type": "Feature", "properties": {"stop_id": "5031266297", "name": "Musulley"}, "geometry": {"type": "Point", "coordinates": [-0.2453377, 5.5986871]}}, {"type": "Feature", "properties": {"stop_id": "5093045161", "name": "Kokomlemle"}, "geometry": {"type": "Point", "coordinates": [-0.2130455, 5.576308]}}, {"type": "Feature", "properties": {"stop_id": "SA5043131239", "name": "Drug store"}, "geometry": {"type": "Point", "coordinates": [-0.2748783, 5.6030183]}}, {"type": "Feature", "properties": {"stop_id": "5102949426", "name": "Awots\u025b Kojo"}, "geometry": {"type": "Point", "coordinates": [-0.2329271, 5.5346389]}}, {"type": "Feature", "properties": {"stop_id": "5093488044", "name": "Hospital Roundabout Junction"}, "geometry": {"type": "Point", "coordinates": [-0.024569, 5.6816296]}}, {"type": "Feature", "properties": {"stop_id": "5102949428", "name": "Appiah Danquah"}, "geometry": {"type": "Point", "coordinates": [-0.2464951, 5.5467717]}}, {"type": "Feature", "properties": {"stop_id": "5102949429", "name": "Taxi Rank"}, "geometry": {"type": "Point", "coordinates": [-0.2459042, 5.5467769]}}, {"type": "Feature", "properties": {"stop_id": "SA5041783466", "name": "Lomnava Junction"}, "geometry": {"type": "Point", "coordinates": [-0.2790803, 5.6311397]}}, {"type": "Feature", "properties": {"stop_id": "SA5037792707", "name": "Nima School Junction"}, "geometry": {"type": "Point", "coordinates": [-0.2008325, 5.5762751]}}, {"type": "Feature", "properties": {"stop_id": "4972315121", "name": "Legon First"}, "geometry": {"type": "Point", "coordinates": [-0.1807077, 5.6536077]}}, {"type": "Feature", "properties": {"stop_id": "5041209348", "name": "Awoshie"}, "geometry": {"type": "Point", "coordinates": [-0.2788954, 5.5870425]}}, {"type": "Feature", "properties": {"stop_id": "5113124895", "name": "Barclays"}, "geometry": {"type": "Point", "coordinates": [-0.2045797, 5.6655035]}}, {"type": "Feature", "properties": {"stop_id": "4997374754", "name": "Ritz First"}, "geometry": {"type": "Point", "coordinates": [-0.1716798, 5.6882045]}}, {"type": "Feature", "properties": {"stop_id": "SA4990252724", "name": "Dome Market"}, "geometry": {"type": "Point", "coordinates": [-0.2381963, 5.642888]}}, {"type": "Feature", "properties": {"stop_id": "SA5022383976", "name": "Fly top"}, "geometry": {"type": "Point", "coordinates": [-0.2380801, 5.6090333]}}, {"type": "Feature", "properties": {"stop_id": "SA5054364801", "name": "Over head First Stop"}, "geometry": {"type": "Point", "coordinates": [-0.212581, 5.5692329]}}, {"type": "Feature", "properties": {"stop_id": "SA4990252725", "name": "Achimota Mall"}, "geometry": {"type": "Point", "coordinates": [-0.2414716, 5.6373745]}}, {"type": "Feature", "properties": {"stop_id": "SA5031288174", "name": "Nii Darko Street"}, "geometry": {"type": "Point", "coordinates": [-0.2425998, 5.595347]}}, {"type": "Feature", "properties": {"stop_id": "5050514822", "name": "Tabora Number 3"}, "geometry": {"type": "Point", "coordinates": [-0.2586568, 5.6070688]}}, {"type": "Feature", "properties": {"stop_id": "4983237020", "name": "Gyedu Junction"}, "geometry": {"type": "Point", "coordinates": [-0.267781, 5.6119558]}}, {"type": "Feature", "properties": {"stop_id": "SA4998004818", "name": "JB Spot"}, "geometry": {"type": "Point", "coordinates": [-0.2476161, 5.531242]}}, {"type": "Feature", "properties": {"stop_id": "SA3045917876", "name": "Accra Mall"}, "geometry": {"type": "Point", "coordinates": [-0.1740477, 5.6227677]}}, {"type": "Feature", "properties": {"stop_id": "SA5047020129", "name": "Last Chance"}, "geometry": {"type": "Point", "coordinates": [-0.1989623, 5.6115555]}}, {"type": "Feature", "properties": {"stop_id": "5097648854", "name": "Hospital Roundabout"}, "geometry": {"type": "Point", "coordinates": [-0.0227042, 5.6785468]}}, {"type": "Feature", "properties": {"stop_id": "5097648855", "name": "Community 9"}, "geometry": {"type": "Point", "coordinates": [-0.0199458, 5.6716923]}}, {"type": "Feature", "properties": {"stop_id": "SA3045917870", "name": "Accra Mall Roundabout"}, "geometry": {"type": "Point", "coordinates": [-0.1747326, 5.6220398]}}, {"type": "Feature", "properties": {"stop_id": "SA5041737428", "name": "Mensah Addo"}, "geometry": {"type": "Point", "coordinates": [-0.2839014, 5.6333979]}}, {"type": "Feature", "properties": {"stop_id": "SA5041737427", "name": "Junction"}, "geometry": {"type": "Point", "coordinates": [-0.2906157, 5.6359516]}}, {"type": "Feature", "properties": {"stop_id": "SA5041737426", "name": "Old Station"}, "geometry": {"type": "Point", "coordinates": [-0.2925899, 5.6363293]}}, {"type": "Feature", "properties": {"stop_id": "SA5041737425", "name": "Transformer (Omanjor)"}, "geometry": {"type": "Point", "coordinates": [-0.2938327, 5.6368643]}}, {"type": "Feature", "properties": {"stop_id": "SA5041737424", "name": "School Junction (Omanjor)"}, "geometry": {"type": "Point", "coordinates": [-0.2959906, 5.6377546]}}, {"type": "Feature", "properties": {"stop_id": "SA5041737423", "name": "Omanjor New Station"}, "geometry": {"type": "Point", "coordinates": [-0.2965332, 5.638648]}}, {"type": "Feature", "properties": {"stop_id": "SA5041737422", "name": "Dwenewoho Last Stop"}, "geometry": {"type": "Point", "coordinates": [-0.2980054, 5.645167]}}, {"type": "Feature", "properties": {"stop_id": "SA5041737421", "name": "Omanjor"}, "geometry": {"type": "Point", "coordinates": [-0.2978919, 5.6488146]}}, {"type": "Feature", "properties": {"stop_id": "SA5054364800", "name": "Overhead Second Stop"}, "geometry": {"type": "Point", "coordinates": [-0.2130924, 5.5711445]}}, {"type": "Feature", "properties": {"stop_id": "5013113666", "name": "Mortuary"}, "geometry": {"type": "Point", "coordinates": [-0.2263402, 5.5431598]}}, {"type": "Feature", "properties": {"stop_id": "5083198037", "name": "Galloway"}, "geometry": {"type": "Point", "coordinates": [-0.2177288, 5.5477778]}}, {"type": "Feature", "properties": {"stop_id": "5013113665", "name": "Total"}, "geometry": {"type": "Point", "coordinates": [-0.2310193, 5.5581698]}}, {"type": "Feature", "properties": {"stop_id": "5028671597", "name": "Lekma Hospital"}, "geometry": {"type": "Point", "coordinates": [-0.1208416, 5.6023091]}}, {"type": "Feature", "properties": {"stop_id": "5028671596", "name": "Junction"}, "geometry": {"type": "Point", "coordinates": [-0.1216973, 5.5949697]}}, {"type": "Feature", "properties": {"stop_id": "5028671595", "name": "Hotel"}, "geometry": {"type": "Point", "coordinates": [-0.1311575, 5.5920728]}}, {"type": "Feature", "properties": {"stop_id": "5028671594", "name": "Rasta"}, "geometry": {"type": "Point", "coordinates": [-0.1311761, 5.5862527]}}, {"type": "Feature", "properties": {"stop_id": "5028671593", "name": "Junction"}, "geometry": {"type": "Point", "coordinates": [-0.1323806, 5.5669273]}}, {"type": "Feature", "properties": {"stop_id": "5028671592", "name": "Telephone"}, "geometry": {"type": "Point", "coordinates": [-0.1391877, 5.5645376]}}, {"type": "Feature", "properties": {"stop_id": "5028671591", "name": "Total"}, "geometry": {"type": "Point", "coordinates": [-0.14122, 5.5641225]}}, {"type": "Feature", "properties": {"stop_id": "5028671590", "name": "Veterinary"}, "geometry": {"type": "Point", "coordinates": [-0.1670759, 5.5568449]}}, {"type": "Feature", "properties": {"stop_id": "4998045794", "name": "Alhaji Junction"}, "geometry": {"type": "Point", "coordinates": [-0.2476115, 5.531201]}}, {"type": "Feature", "properties": {"stop_id": "SA5039935859", "name": "Orgle Road"}, "geometry": {"type": "Point", "coordinates": [-0.2357227, 5.57735]}}, {"type": "Feature", "properties": {"stop_id": "5054694247", "name": "Regimanuel"}, "geometry": {"type": "Point", "coordinates": [-0.1449292, 5.562259]}}, {"type": "Feature", "properties": {"stop_id": "5054694246", "name": "T-Junction"}, "geometry": {"type": "Point", "coordinates": [-0.1434519, 5.5631646]}}, {"type": "Feature", "properties": {"stop_id": "SA5007828435", "name": "KICC"}, "geometry": {"type": "Point", "coordinates": [-0.0953075, 5.6541208]}}, {"type": "Feature", "properties": {"stop_id": "5054694244", "name": "Bush Road"}, "geometry": {"type": "Point", "coordinates": [-0.1317983, 5.5663851]}}, {"type": "Feature", "properties": {"stop_id": "SA5007828433", "name": "Ashaiman Traffic Junction"}, "geometry": {"type": "Point", "coordinates": [-0.0290049, 5.6864849]}}, {"type": "Feature", "properties": {"stop_id": "5054694242", "name": "Second Gate"}, "geometry": {"type": "Point", "coordinates": [-0.1238144, 5.5685327]}}, {"type": "Feature", "properties": {"stop_id": "5054694241", "name": "Next Door"}, "geometry": {"type": "Point", "coordinates": [-0.1177646, 5.570559]}}, {"type": "Feature", "properties": {"stop_id": "5054694240", "name": "Laskala"}, "geometry": {"type": "Point", "coordinates": [-0.109828, 5.5780252]}}, {"type": "Feature", "properties": {"stop_id": "5050667453", "name": "Rasta Junction"}, "geometry": {"type": "Point", "coordinates": [-0.2661663, 5.6113365]}}, {"type": "Feature", "properties": {"stop_id": "SA5047020123", "name": "Asore Junction"}, "geometry": {"type": "Point", "coordinates": [-0.2022434, 5.6016833]}}, {"type": "Feature", "properties": {"stop_id": "5054694249", "name": "Dreamland"}, "geometry": {"type": "Point", "coordinates": [-0.1514771, 5.5586963]}}, {"type": "Feature", "properties": {"stop_id": "5054694248", "name": "Alonte Bar"}, "geometry": {"type": "Point", "coordinates": [-0.1490217, 5.5596641]}}, {"type": "Feature", "properties": {"stop_id": "SA5009934983", "name": "Add a name to the stop with JungleBus app"}, "geometry": {"type": "Point", "coordinates": [-0.3130031, 5.732165]}}, {"type": "Feature", "properties": {"stop_id": "SA5009934982", "name": "Kontunse"}, "geometry": {"type": "Point", "coordinates": [-0.3159991, 5.7416858]}}, {"type": "Feature", "properties": {"stop_id": "5123201415", "name": "Shell - Accra"}, "geometry": {"type": "Point", "coordinates": [-0.2131134, 5.5412161]}}, {"type": "Feature", "properties": {"stop_id": "5027303263", "name": "Dansoman Trotro Station"}, "geometry": {"type": "Point", "coordinates": [-0.2378979, 5.5635742]}}, {"type": "Feature", "properties": {"stop_id": "SA5009934986", "name": "Puma"}, "geometry": {"type": "Point", "coordinates": [-0.3033951, 5.7106194]}}, {"type": "Feature", "properties": {"stop_id": "SA5009934985", "name": "Shikpontele"}, "geometry": {"type": "Point", "coordinates": [-0.3084731, 5.7182617]}}, {"type": "Feature", "properties": {"stop_id": "SA5009934984", "name": "Macedonia"}, "geometry": {"type": "Point", "coordinates": [-0.3124036, 5.7299805]}}, {"type": "Feature", "properties": {"stop_id": "SA5009934989", "name": "School Junction"}, "geometry": {"type": "Point", "coordinates": [-0.3549787, 5.741362]}}, {"type": "Feature", "properties": {"stop_id": "SA5009934988", "name": "Kotokou"}, "geometry": {"type": "Point", "coordinates": [-0.3568133, 5.7401072]}}, {"type": "Feature", "properties": {"stop_id": "4740601929", "name": "Bortianor"}, "geometry": {"type": "Point", "coordinates": [-0.3481346, 5.5474959]}}, {"type": "Feature", "properties": {"stop_id": "4740601928", "name": "Mile Eleven"}, "geometry": {"type": "Point", "coordinates": [-0.3559126, 5.5508216]}}, {"type": "Feature", "properties": {"stop_id": "SA5047020127", "name": "Vulcanizer"}, "geometry": {"type": "Point", "coordinates": [-0.2008508, 5.611814]}}, {"type": "Feature", "properties": {"stop_id": "SA5008726864", "name": "Ayigbe Town"}, "geometry": {"type": "Point", "coordinates": [-0.3530739, 5.549634]}}, {"type": "Feature", "properties": {"stop_id": "5111790654", "name": "Filling Station"}, "geometry": {"type": "Point", "coordinates": [-0.2539324, 5.5591365]}}, {"type": "Feature", "properties": {"stop_id": "SA4400481895", "name": "Adenta Barrier"}, "geometry": {"type": "Point", "coordinates": [-0.1710339, 5.7058466]}}, {"type": "Feature", "properties": {"stop_id": "SA5087397764", "name": "Presby"}, "geometry": {"type": "Point", "coordinates": [-0.2498154, 5.5888854]}}, {"type": "Feature", "properties": {"stop_id": "5033271029", "name": "Last stop"}, "geometry": {"type": "Point", "coordinates": [-0.1837006, 5.5533493]}}, {"type": "Feature", "properties": {"stop_id": "5026603969", "name": "Awonye"}, "geometry": {"type": "Point", "coordinates": [-0.2363299, 5.5826842]}}, {"type": "Feature", "properties": {"stop_id": "5000996585", "name": "King Solomon"}, "geometry": {"type": "Point", "coordinates": [-0.2645958, 5.5552515]}}, {"type": "Feature", "properties": {"stop_id": "5000996586", "name": "Dansoman First Stop"}, "geometry": {"type": "Point", "coordinates": [-0.2604443, 5.5604364]}}, {"type": "Feature", "properties": {"stop_id": "5000996587", "name": "Dansoman Polyclinic"}, "geometry": {"type": "Point", "coordinates": [-0.2602309, 5.5612946]}}, {"type": "Feature", "properties": {"stop_id": "4995587413", "name": "Second"}, "geometry": {"type": "Point", "coordinates": [-0.2333391, 5.5966426]}}, {"type": "Feature", "properties": {"stop_id": "5023052029", "name": "Champion"}, "geometry": {"type": "Point", "coordinates": [-0.2493454, 5.6425907]}}, {"type": "Feature", "properties": {"stop_id": "5023052028", "name": "Assemblies"}, "geometry": {"type": "Point", "coordinates": [-0.2722296, 5.6588991]}}, {"type": "Feature", "properties": {"stop_id": "5026603965", "name": "washing bay"}, "geometry": {"type": "Point", "coordinates": [-0.2368888, 5.5860245]}}, {"type": "Feature", "properties": {"stop_id": "5000996589", "name": "Wesley Grammar"}, "geometry": {"type": "Point", "coordinates": [-0.2585125, 5.5665916]}}, {"type": "Feature", "properties": {"stop_id": "5026603967", "name": "Down"}, "geometry": {"type": "Point", "coordinates": [-0.2349948, 5.5851152]}}, {"type": "Feature", "properties": {"stop_id": "5026603966", "name": "Station"}, "geometry": {"type": "Point", "coordinates": [-0.236275, 5.5852841]}}, {"type": "Feature", "properties": {"stop_id": "5025335722", "name": "Camara Junction"}, "geometry": {"type": "Point", "coordinates": [-0.2507542, 5.5356362]}}, {"type": "Feature", "properties": {"stop_id": "SA5064974041", "name": "Gate"}, "geometry": {"type": "Point", "coordinates": [-0.1370952, 5.645684]}}, {"type": "Feature", "properties": {"stop_id": "5021041018", "name": "Curve"}, "geometry": {"type": "Point", "coordinates": [-0.2898429, 5.6470841]}}, {"type": "Feature", "properties": {"stop_id": "5021041019", "name": "Pentecost Station"}, "geometry": {"type": "Point", "coordinates": [-0.2903535, 5.6461268]}}, {"type": "Feature", "properties": {"stop_id": "4980841291", "name": "Akweteyman"}, "geometry": {"type": "Point", "coordinates": [-0.2313117, 5.6115673]}}, {"type": "Feature", "properties": {"stop_id": "4980841290", "name": "Fly Top"}, "geometry": {"type": "Point", "coordinates": [-0.2380675, 5.6095067]}}, {"type": "Feature", "properties": {"stop_id": "5025335724", "name": "Camara"}, "geometry": {"type": "Point", "coordinates": [-0.2568237, 5.5370903]}}, {"type": "Feature", "properties": {"stop_id": "SA5064974040", "name": "Adjiringanor (Block Factory)"}, "geometry": {"type": "Point", "coordinates": [-0.1323717, 5.6485338]}}, {"type": "Feature", "properties": {"stop_id": "5021041012", "name": "Ofankor Taxi Rank"}, "geometry": {"type": "Point", "coordinates": [-0.266959, 5.6581705]}}, {"type": "Feature", "properties": {"stop_id": "4982950473", "name": "Accra Girls"}, "geometry": {"type": "Point", "coordinates": [-0.1934691, 5.5982415]}}, {"type": "Feature", "properties": {"stop_id": "4982950470", "name": "37 First Gate"}, "geometry": {"type": "Point", "coordinates": [-0.1828992, 5.5902669]}}, {"type": "Feature", "properties": {"stop_id": "4982950471", "name": "Culture"}, "geometry": {"type": "Point", "coordinates": [-0.1852414, 5.593304]}}, {"type": "Feature", "properties": {"stop_id": "4982950476", "name": "Dzorwulu Junction"}, "geometry": {"type": "Point", "coordinates": [-0.2070947, 5.6071496]}}, {"type": "Feature", "properties": {"stop_id": "4982950477", "name": "Abelenkpe Junction"}, "geometry": {"type": "Point", "coordinates": [-0.211521, 5.610252]}}, {"type": "Feature", "properties": {"stop_id": "5021041014", "name": "Soldier Line"}, "geometry": {"type": "Point", "coordinates": [-0.2807267, 5.6569373]}}, {"type": "Feature", "properties": {"stop_id": "4982950475", "name": "Ebony"}, "geometry": {"type": "Point", "coordinates": [-0.2035153, 5.6048206]}}, {"type": "Feature", "properties": {"stop_id": "SA5041550699", "name": "Video Junction"}, "geometry": {"type": "Point", "coordinates": [-0.2740273, 5.6016364]}}, {"type": "Feature", "properties": {"stop_id": "SA5022186333", "name": "Mataheko Pharmacy"}, "geometry": {"type": "Point", "coordinates": [-0.2513486, 5.568473]}}, {"type": "Feature", "properties": {"stop_id": "5024320820", "name": "New Life"}, "geometry": {"type": "Point", "coordinates": [-0.2806421, 5.7192628]}}, {"type": "Feature", "properties": {"stop_id": "SA5024303419", "name": "Ussher Fort"}, "geometry": {"type": "Point", "coordinates": [-0.208928, 5.5383409]}}, {"type": "Feature", "properties": {"stop_id": "5045239824", "name": "Downright"}, "geometry": {"type": "Point", "coordinates": [-0.2429357, 5.5397505]}}, {"type": "Feature", "properties": {"stop_id": "5045239825", "name": "Summerhut"}, "geometry": {"type": "Point", "coordinates": [-0.2395878, 5.5405319]}}, {"type": "Feature", "properties": {"stop_id": "5041550699", "name": "Video Junction"}, "geometry": {"type": "Point", "coordinates": [-0.2740273, 5.6016364]}}, {"type": "Feature", "properties": {"stop_id": "5045239822", "name": "Bank"}, "geometry": {"type": "Point", "coordinates": [-0.2543862, 5.5362606]}}, {"type": "Feature", "properties": {"stop_id": "5045239823", "name": "Clinic"}, "geometry": {"type": "Point", "coordinates": [-0.2450368, 5.5383283]}}, {"type": "Feature", "properties": {"stop_id": "SA5047108308", "name": "Banku Junction"}, "geometry": {"type": "Point", "coordinates": [-0.1691106, 5.6397726]}}, {"type": "Feature", "properties": {"stop_id": "5023989061", "name": "Nmotsaanaa"}, "geometry": {"type": "Point", "coordinates": [-0.1563093, 5.5597758]}}, {"type": "Feature", "properties": {"stop_id": "5047020125", "name": "Dzorwulu Junction"}, "geometry": {"type": "Point", "coordinates": [-0.206716, 5.6084335]}}, {"type": "Feature", "properties": {"stop_id": "5022991850", "name": "Santa Maria Blue Kiosk"}, "geometry": {"type": "Point", "coordinates": [-0.2726879, 5.5993618]}}, {"type": "Feature", "properties": {"stop_id": "5047020123", "name": "Asore Junction"}, "geometry": {"type": "Point", "coordinates": [-0.2022434, 5.6016833]}}, {"type": "Feature", "properties": {"stop_id": "5047020122", "name": "Pig Farm Station"}, "geometry": {"type": "Point", "coordinates": [-0.1984398, 5.5982811]}}, {"type": "Feature", "properties": {"stop_id": "5047020121", "name": "Circle"}, "geometry": {"type": "Point", "coordinates": [-0.2158528, 5.5730179]}}, {"type": "Feature", "properties": {"stop_id": "SA4995587413", "name": "Second"}, "geometry": {"type": "Point", "coordinates": [-0.2333391, 5.5966426]}}, {"type": "Feature", "properties": {"stop_id": "SA5040165386", "name": "Mangoase"}, "geometry": {"type": "Point", "coordinates": [-0.1786553, 5.6172571]}}, {"type": "Feature", "properties": {"stop_id": "SA5040165387", "name": "Container Second"}, "geometry": {"type": "Point", "coordinates": [-0.1820357, 5.6168167]}}, {"type": "Feature", "properties": {"stop_id": "SA5047108306", "name": "Emmanuel Eye Clinic"}, "geometry": {"type": "Point", "coordinates": [-0.1746102, 5.630116]}}, {"type": "Feature", "properties": {"stop_id": "SA5024610759", "name": "Alhaji Curve"}, "geometry": {"type": "Point", "coordinates": [-0.2617647, 5.6264422]}}, {"type": "Feature", "properties": {"stop_id": "5040332109", "name": "Lapaz Borlaso"}, "geometry": {"type": "Point", "coordinates": [-0.261239, 5.6094583]}}, {"type": "Feature", "properties": {"stop_id": "SA5036738903", "name": "Abelemkpe Junction"}, "geometry": {"type": "Point", "coordinates": [-0.2102279, 5.6092504]}}, {"type": "Feature", "properties": {"stop_id": "SA5054694239", "name": "Addoemi"}, "geometry": {"type": "Point", "coordinates": [-0.1078741, 5.5801717]}}, {"type": "Feature", "properties": {"stop_id": "SA5033299216", "name": "Curve"}, "geometry": {"type": "Point", "coordinates": [-0.2162135, 5.566837]}}, {"type": "Feature", "properties": {"stop_id": "SA5036738900", "name": "Top Class"}, "geometry": {"type": "Point", "coordinates": [-0.1990851, 5.5970686]}}, {"type": "Feature", "properties": {"stop_id": "5093488045", "name": "Suzzy's Inn"}, "geometry": {"type": "Point", "coordinates": [-0.2325207, 5.6108439]}}, {"type": "Feature", "properties": {"stop_id": "SA5054694235", "name": "Bank"}, "geometry": {"type": "Point", "coordinates": [-0.0802873, 5.6001575]}}, {"type": "Feature", "properties": {"stop_id": "SA5054694236", "name": "C5"}, "geometry": {"type": "Point", "coordinates": [-0.082388, 5.5978058]}}, {"type": "Feature", "properties": {"stop_id": "SA5054694237", "name": "A-life"}, "geometry": {"type": "Point", "coordinates": [-0.0932051, 5.5912116]}}, {"type": "Feature", "properties": {"stop_id": "SA5022991850", "name": "Santa Maria Blue Kiosk"}, "geometry": {"type": "Point", "coordinates": [-0.2726879, 5.5993618]}}, {"type": "Feature", "properties": {"stop_id": "5093488043", "name": "Site 20 Taxi Rank"}, "geometry": {"type": "Point", "coordinates": [0.0031821, 5.6448596]}}, {"type": "Feature", "properties": {"stop_id": "5030249496", "name": "Accra Technical University"}, "geometry": {"type": "Point", "coordinates": [-0.2054038, 5.5554124]}}, {"type": "Feature", "properties": {"stop_id": "5030249497", "name": "OXL Junction"}, "geometry": {"type": "Point", "coordinates": [-0.2024014, 5.5565289]}}, {"type": "Feature", "properties": {"stop_id": "5030249495", "name": "Kinbu"}, "geometry": {"type": "Point", "coordinates": [-0.2041888, 5.5512835]}}, {"type": "Feature", "properties": {"stop_id": "SA5041737432", "name": "Vulcanizer"}, "geometry": {"type": "Point", "coordinates": [-0.2788759, 5.6228929]}}, {"type": "Feature", "properties": {"stop_id": "5111790653", "name": "Mataheko"}, "geometry": {"type": "Point", "coordinates": [-0.2571133, 5.5550155]}}, {"type": "Feature", "properties": {"stop_id": "SA5015015390", "name": "Sowutuom Chopbar"}, "geometry": {"type": "Point", "coordinates": [-0.2763563, 5.6174039]}}, {"type": "Feature", "properties": {"stop_id": "5028483800", "name": "Lekma Hospital"}, "geometry": {"type": "Point", "coordinates": [-0.1206062, 5.6022196]}}, {"type": "Feature", "properties": {"stop_id": "SA5038728622", "name": "No way"}, "geometry": {"type": "Point", "coordinates": [-0.2507863, 5.6526566]}}, {"type": "Feature", "properties": {"stop_id": "5111790656", "name": "Station"}, "geometry": {"type": "Point", "coordinates": [-0.2528763, 5.566682]}}, {"type": "Feature", "properties": {"stop_id": "5111790655", "name": "Mars"}, "geometry": {"type": "Point", "coordinates": [-0.2559659, 5.564507]}}, {"type": "Feature", "properties": {"stop_id": "5030249499", "name": "Ridge"}, "geometry": {"type": "Point", "coordinates": [-0.2002185, 5.5616616]}}, {"type": "Feature", "properties": {"stop_id": "5102716808", "name": "Boodi"}, "geometry": {"type": "Point", "coordinates": [-0.2147105, 5.5327395]}}, {"type": "Feature", "properties": {"stop_id": "5028483806", "name": "Block Factory"}, "geometry": {"type": "Point", "coordinates": [-0.1308474, 5.5826056]}}, {"type": "Feature", "properties": {"stop_id": "5031633793", "name": "Ridge Hospital"}, "geometry": {"type": "Point", "coordinates": [-0.199435, 5.5612813]}}, {"type": "Feature", "properties": {"stop_id": "5031633792", "name": "Stadium"}, "geometry": {"type": "Point", "coordinates": [-0.1906769, 5.5535574]}}, {"type": "Feature", "properties": {"stop_id": "SA5037835927", "name": "New town"}, "geometry": {"type": "Point", "coordinates": [-0.2086509, 5.5826008]}}, {"type": "Feature", "properties": {"stop_id": "5012401320", "name": "Signboard"}, "geometry": {"type": "Point", "coordinates": [-0.1050209, 5.6380887]}}, {"type": "Feature", "properties": {"stop_id": "SA5079630603", "name": "La-Palm Hotel"}, "geometry": {"type": "Point", "coordinates": [-0.1431045, 5.5633178]}}, {"type": "Feature", "properties": {"stop_id": "SA5079630604", "name": "Green Court"}, "geometry": {"type": "Point", "coordinates": [-0.1448749, 5.5655701]}}, {"type": "Feature", "properties": {"stop_id": "SA5079630605", "name": "Soul Clinic"}, "geometry": {"type": "Point", "coordinates": [-0.1591396, 5.5817652]}}, {"type": "Feature", "properties": {"stop_id": "SA5079630607", "name": "El-Wak Stadium"}, "geometry": {"type": "Point", "coordinates": [-0.1747244, 5.5873752]}}, {"type": "Feature", "properties": {"stop_id": "5039839199", "name": "Latex Foam"}, "geometry": {"type": "Point", "coordinates": [-0.223065, 5.5762839]}}, {"type": "Feature", "properties": {"stop_id": "5039839198", "name": "SSB"}, "geometry": {"type": "Point", "coordinates": [-0.2232712, 5.5780506]}}, {"type": "Feature", "properties": {"stop_id": "5039839197", "name": "Casajan"}, "geometry": {"type": "Point", "coordinates": [-0.2236549, 5.5816196]}}, {"type": "Feature", "properties": {"stop_id": "SA4990423853", "name": "Born Again"}, "geometry": {"type": "Point", "coordinates": [-0.2373961, 5.6578362]}}, {"type": "Feature", "properties": {"stop_id": "5028483807", "name": "Container"}, "geometry": {"type": "Point", "coordinates": [-0.1305979, 5.578719]}}, {"type": "Feature", "properties": {"stop_id": "5026151279", "name": "Obaatanpa"}, "geometry": {"type": "Point", "coordinates": [-0.2299909, 5.5813273]}}, {"type": "Feature", "properties": {"stop_id": "SA4990423854", "name": "Atomic Junction"}, "geometry": {"type": "Point", "coordinates": [-0.2389505, 5.6674623]}}, {"type": "Feature", "properties": {"stop_id": "5087268451", "name": "First Gate"}, "geometry": {"type": "Point", "coordinates": [-0.2695391, 5.5613939]}}, {"type": "Feature", "properties": {"stop_id": "4980974759", "name": "Market"}, "geometry": {"type": "Point", "coordinates": [-0.237275, 5.5320138]}}, {"type": "Feature", "properties": {"stop_id": "4980974758", "name": "Mamprobi Station"}, "geometry": {"type": "Point", "coordinates": [-0.2377406, 5.5342555]}}, {"type": "Feature", "properties": {"stop_id": "5036738901", "name": "Pig Farm"}, "geometry": {"type": "Point", "coordinates": [-0.1979953, 5.5987602]}}, {"type": "Feature", "properties": {"stop_id": "5036738900", "name": "Top Class"}, "geometry": {"type": "Point", "coordinates": [-0.1990851, 5.5970686]}}, {"type": "Feature", "properties": {"stop_id": "5036738903", "name": "Abelemkpe Junction"}, "geometry": {"type": "Point", "coordinates": [-0.2102279, 5.6092504]}}, {"type": "Feature", "properties": {"stop_id": "5036738902", "name": "Roman Ridge 1st"}, "geometry": {"type": "Point", "coordinates": [-0.201056, 5.6032245]}}, {"type": "Feature", "properties": {"stop_id": "4980974753", "name": "Sempe First"}, "geometry": {"type": "Point", "coordinates": [-0.2389032, 5.5391036]}}, {"type": "Feature", "properties": {"stop_id": "4980974752", "name": "White House"}, "geometry": {"type": "Point", "coordinates": [-0.2365225, 5.5283443]}}, {"type": "Feature", "properties": {"stop_id": "4980974751", "name": "Banku Junction"}, "geometry": {"type": "Point", "coordinates": [-0.2370484, 5.5308527]}}, {"type": "Feature", "properties": {"stop_id": "5084413311", "name": "Block Factory"}, "geometry": {"type": "Point", "coordinates": [-0.2972155, 5.6202937]}}, {"type": "Feature", "properties": {"stop_id": "5084413310", "name": "Nii Bortey"}, "geometry": {"type": "Point", "coordinates": [-0.2903817, 5.5972881]}}, {"type": "Feature", "properties": {"stop_id": "5084413313", "name": "Block Factory"}, "geometry": {"type": "Point", "coordinates": [-0.3245087, 5.6322703]}}, {"type": "Feature", "properties": {"stop_id": "5084413312", "name": "Ablekuma Park"}, "geometry": {"type": "Point", "coordinates": [-0.3137801, 5.6272525]}}, {"type": "Feature", "properties": {"stop_id": "5084413315", "name": "Junction"}, "geometry": {"type": "Point", "coordinates": [-0.3446298, 5.6432109]}}, {"type": "Feature", "properties": {"stop_id": "5084413314", "name": "Oduman"}, "geometry": {"type": "Point", "coordinates": [-0.3343916, 5.6404555]}}, {"type": "Feature", "properties": {"stop_id": "5084413316", "name": "Manhean"}, "geometry": {"type": "Point", "coordinates": [-0.345795, 5.6422286]}}, {"type": "Feature", "properties": {"stop_id": "4462281289", "name": "Mallam Junction"}, "geometry": {"type": "Point", "coordinates": [-0.2855065, 5.5710149]}}, {"type": "Feature", "properties": {"stop_id": "SA5111681610", "name": "Odorkor Official Town Junction"}, "geometry": {"type": "Point", "coordinates": [-0.2618668, 5.5887611]}}, {"type": "Feature", "properties": {"stop_id": "SA3073421167", "name": "Dzorwulu Junction"}, "geometry": {"type": "Point", "coordinates": [-0.1944473, 5.6173445]}}, {"type": "Feature", "properties": {"stop_id": "SA5005030176", "name": "Commandos"}, "geometry": {"type": "Point", "coordinates": [-0.2045886, 5.5803082]}}, {"type": "Feature", "properties": {"stop_id": "5102779993", "name": "Camara"}, "geometry": {"type": "Point", "coordinates": [-0.2571508, 5.5373111]}}, {"type": "Feature", "properties": {"stop_id": "5102779995", "name": "Agbado"}, "geometry": {"type": "Point", "coordinates": [-0.2145038, 5.5387911]}}, {"type": "Feature", "properties": {"stop_id": "5102779994", "name": "London Market"}, "geometry": {"type": "Point", "coordinates": [-0.2164893, 5.5383722]}}, {"type": "Feature", "properties": {"stop_id": "5102779997", "name": "Atta Quarshie"}, "geometry": {"type": "Point", "coordinates": [-0.2118153, 5.5415023]}}, {"type": "Feature", "properties": {"stop_id": "5102779996", "name": "Akoto Lante"}, "geometry": {"type": "Point", "coordinates": [-0.213248, 5.5393755]}}, {"type": "Feature", "properties": {"stop_id": "5014899354", "name": "Ablekuma Curve"}, "geometry": {"type": "Point", "coordinates": [-0.3119583, 5.6271443]}}, {"type": "Feature", "properties": {"stop_id": "5014899355", "name": "Ablekuma"}, "geometry": {"type": "Point", "coordinates": [-0.3102218, 5.6272416]}}, {"type": "Feature", "properties": {"stop_id": "5014899356", "name": "FanMilk Junction"}, "geometry": {"type": "Point", "coordinates": [-0.2992254, 5.6218988]}}, {"type": "Feature", "properties": {"stop_id": "SA5029644474", "name": "Kanda Roundabout Junction"}, "geometry": {"type": "Point", "coordinates": [-0.1966583, 5.5760993]}}, {"type": "Feature", "properties": {"stop_id": "SA5029644473", "name": "Frankies Hotel Junction"}, "geometry": {"type": "Point", "coordinates": [-0.1986836, 5.5776692]}}, {"type": "Feature", "properties": {"stop_id": "SA5029644472", "name": "Nima Mamobi"}, "geometry": {"type": "Point", "coordinates": [-0.1977842, 5.5800754]}}, {"type": "Feature", "properties": {"stop_id": "SA5029644471", "name": "Nima"}, "geometry": {"type": "Point", "coordinates": [-0.1983761, 5.5805666]}}, {"type": "Feature", "properties": {"stop_id": "5014899353", "name": "Pentecost Junction"}, "geometry": {"type": "Point", "coordinates": [-0.3069008, 5.6255115]}}, {"type": "Feature", "properties": {"stop_id": "5036565848", "name": "Haatso Junction"}, "geometry": {"type": "Point", "coordinates": [-0.204272, 5.6675272]}}, {"type": "Feature", "properties": {"stop_id": "SA5027829973", "name": "Benjy's"}, "geometry": {"type": "Point", "coordinates": [-0.2903419, 5.562418]}}, {"type": "Feature", "properties": {"stop_id": "SA5027829972", "name": "Jayeemens"}, "geometry": {"type": "Point", "coordinates": [-0.2922836, 5.5603339]}}, {"type": "Feature", "properties": {"stop_id": "SA5027829971", "name": "Kalabule"}, "geometry": {"type": "Point", "coordinates": [-0.3905393, 5.5430349]}}, {"type": "Feature", "properties": {"stop_id": "SA5036784360", "name": "White House"}, "geometry": {"type": "Point", "coordinates": [-0.2169396, 5.6098505]}}, {"type": "Feature", "properties": {"stop_id": "SA5036784361", "name": "Lotto Kiosk Abelenkpe"}, "geometry": {"type": "Point", "coordinates": [-0.2163878, 5.6087462]}}, {"type": "Feature", "properties": {"stop_id": "SA5036784366", "name": "Ghana Commercial Bank"}, "geometry": {"type": "Point", "coordinates": [-0.2080453, 5.5848356]}}, {"type": "Feature", "properties": {"stop_id": "SA5022354487", "name": "Old School"}, "geometry": {"type": "Point", "coordinates": [-0.2725079, 5.560424]}}, {"type": "Feature", "properties": {"stop_id": "SA5030747565", "name": "Bostal First"}, "geometry": {"type": "Point", "coordinates": [-0.1875321, 5.6083209]}}, {"type": "Feature", "properties": {"stop_id": "4990162119", "name": "Abeka Junction Curve"}, "geometry": {"type": "Point", "coordinates": [-0.2247772, 5.5995177]}}, {"type": "Feature", "properties": {"stop_id": "SA5008338672", "name": "Pharmacy"}, "geometry": {"type": "Point", "coordinates": [-0.2490648, 5.6239036]}}, {"type": "Feature", "properties": {"stop_id": "5026574430", "name": "Orgle-Road"}, "geometry": {"type": "Point", "coordinates": [-0.237113, 5.5864599]}}, {"type": "Feature", "properties": {"stop_id": "SA5008338674", "name": "Ofankor Barrier"}, "geometry": {"type": "Point", "coordinates": [-0.2654701, 5.6576644]}}, {"type": "Feature", "properties": {"stop_id": "SA5008338675", "name": "Junction"}, "geometry": {"type": "Point", "coordinates": [-0.2524811, 5.6528315]}}, {"type": "Feature", "properties": {"stop_id": "5020282545", "name": "Beduwa"}, "geometry": {"type": "Point", "coordinates": [-0.1613522, 5.6424108]}}, {"type": "Feature", "properties": {"stop_id": "5040124406", "name": "Newtown"}, "geometry": {"type": "Point", "coordinates": [-0.208577, 5.5887437]}}, {"type": "Feature", "properties": {"stop_id": "5039839196", "name": "Immesco Rice"}, "geometry": {"type": "Point", "coordinates": [-0.231307, 5.5899273]}}, {"type": "Feature", "properties": {"stop_id": "SA5041513171", "name": "Santa Maria"}, "geometry": {"type": "Point", "coordinates": [-0.2756832, 5.6057714]}}, {"type": "Feature", "properties": {"stop_id": "SA5084325649", "name": "Manhean"}, "geometry": {"type": "Point", "coordinates": [-0.345837, 5.6422583]}}, {"type": "Feature", "properties": {"stop_id": "5124622921", "name": "Nima Market"}, "geometry": {"type": "Point", "coordinates": [-0.1994969, 5.5800155]}}, {"type": "Feature", "properties": {"stop_id": "SA5041513172", "name": "Drug Store"}, "geometry": {"type": "Point", "coordinates": [-0.2747723, 5.6029718]}}, {"type": "Feature", "properties": {"stop_id": "5089149952", "name": "School Junction"}, "geometry": {"type": "Point", "coordinates": [-0.2102043, 5.585191]}}, {"type": "Feature", "properties": {"stop_id": "5088569162", "name": "American House"}, "geometry": {"type": "Point", "coordinates": [-0.1496679, 5.6470426]}}, {"type": "Feature", "properties": {"stop_id": "SA5041513177", "name": "Nyamekye Junction"}, "geometry": {"type": "Point", "coordinates": [-0.2547369, 5.6044867]}}, {"type": "Feature", "properties": {"stop_id": "SA5041513176", "name": "Christ Mission"}, "geometry": {"type": "Point", "coordinates": [-0.269609, 5.5944223]}}, {"type": "Feature", "properties": {"stop_id": "SA5009983530", "name": "Agya Appiah"}, "geometry": {"type": "Point", "coordinates": [-0.3074529, 5.7158309]}}, {"type": "Feature", "properties": {"stop_id": "5113124900", "name": "Sign board"}, "geometry": {"type": "Point", "coordinates": [-0.2094173, 5.6515859]}}, {"type": "Feature", "properties": {"stop_id": "5088569163", "name": "Adringanor Basic School Junction"}, "geometry": {"type": "Point", "coordinates": [-0.1351679, 5.6463924]}}, {"type": "Feature", "properties": {"stop_id": "5037296284", "name": "Alajo T-Junction"}, "geometry": {"type": "Point", "coordinates": [-0.2170403, 5.5985897]}}, {"type": "Feature", "properties": {"stop_id": "SA5050732580", "name": "Kokompe"}, "geometry": {"type": "Point", "coordinates": [-0.252957, 5.5799311]}}, {"type": "Feature", "properties": {"stop_id": "5113124901", "name": "Blue Kiosk"}, "geometry": {"type": "Point", "coordinates": [-0.2104242, 5.6475399]}}, {"type": "Feature", "properties": {"stop_id": "5004961003", "name": "GBC First"}, "geometry": {"type": "Point", "coordinates": [-0.1937479, 5.5738953]}}, {"type": "Feature", "properties": {"stop_id": "5004961002", "name": "GBC Second"}, "geometry": {"type": "Point", "coordinates": [-0.1922124, 5.5730129]}}, {"type": "Feature", "properties": {"stop_id": "5058537144", "name": "Abeka Lapaz"}, "geometry": {"type": "Point", "coordinates": [-0.2481432, 5.6063595]}}, {"type": "Feature", "properties": {"stop_id": "5004961000", "name": "Fire Service"}, "geometry": {"type": "Point", "coordinates": [-0.1854365, 5.569301]}}, {"type": "Feature", "properties": {"stop_id": "5113124902", "name": "Bridge"}, "geometry": {"type": "Point", "coordinates": [-0.2104064, 5.644851]}}, {"type": "Feature", "properties": {"stop_id": "5004961004", "name": "Multi Choice"}, "geometry": {"type": "Point", "coordinates": [-0.2031773, 5.5725479]}}, {"type": "Feature", "properties": {"stop_id": "5022186336", "name": "JT"}, "geometry": {"type": "Point", "coordinates": [-0.245349, 5.5647406]}}, {"type": "Feature", "properties": {"stop_id": "SA5096189434", "name": "Korle Gonno"}, "geometry": {"type": "Point", "coordinates": [-0.2304346, 5.5287408]}}, {"type": "Feature", "properties": {"stop_id": "4997374753", "name": "Ritz Second"}, "geometry": {"type": "Point", "coordinates": [-0.171546, 5.6852441]}}, {"type": "Feature", "properties": {"stop_id": "4990251211", "name": "Mosuku Junction"}, "geometry": {"type": "Point", "coordinates": [-0.2427425, 5.6802783]}}, {"type": "Feature", "properties": {"stop_id": "SA5128705674", "name": "Go Slow"}, "geometry": {"type": "Point", "coordinates": [-0.1352284, 5.5653367]}}, {"type": "Feature", "properties": {"stop_id": "5037452745", "name": "Apapa"}, "geometry": {"type": "Point", "coordinates": [-0.1637852, 5.5673541]}}, {"type": "Feature", "properties": {"stop_id": "SA5115477022", "name": "Madina Firestone Junction"}, "geometry": {"type": "Point", "coordinates": [-0.1712544, 5.6685252]}}, {"type": "Feature", "properties": {"stop_id": "SA5010252535", "name": "Agya Herbal"}, "geometry": {"type": "Point", "coordinates": [-0.2717255, 5.6726545]}}, {"type": "Feature", "properties": {"stop_id": "SA5054694240", "name": "Laskala"}, "geometry": {"type": "Point", "coordinates": [-0.109828, 5.5780252]}}, {"type": "Feature", "properties": {"stop_id": "SA5043094922", "name": "Auntie Aku"}, "geometry": {"type": "Point", "coordinates": [-0.2745991, 5.6082358]}}, {"type": "Feature", "properties": {"stop_id": "SA5043094923", "name": "Assiamah"}, "geometry": {"type": "Point", "coordinates": [-0.2743514, 5.6069955]}}, {"type": "Feature", "properties": {"stop_id": "5087397764", "name": "Presby"}, "geometry": {"type": "Point", "coordinates": [-0.2498154, 5.5888854]}}, {"type": "Feature", "properties": {"stop_id": "5087397765", "name": "Mangoase"}, "geometry": {"type": "Point", "coordinates": [-0.2483142, 5.58632]}}, {"type": "Feature", "properties": {"stop_id": "5022186332", "name": "1 plus 1"}, "geometry": {"type": "Point", "coordinates": [-0.2536135, 5.5699995]}}, {"type": "Feature", "properties": {"stop_id": "SA4985315422", "name": "Accra Royal"}, "geometry": {"type": "Point", "coordinates": [-0.2217799, 5.5380444]}}, {"type": "Feature", "properties": {"stop_id": "5022186333", "name": "Mataheko Pharmacy"}, "geometry": {"type": "Point", "coordinates": [-0.2513486, 5.568473]}}, {"type": "Feature", "properties": {"stop_id": "3154441074", "name": "Mampong"}, "geometry": {"type": "Point", "coordinates": [-0.2559185, 5.6015887]}}, {"type": "Feature", "properties": {"stop_id": "4990162117", "name": "Total Curve"}, "geometry": {"type": "Point", "coordinates": [-0.2336448, 5.5984513]}}, {"type": "Feature", "properties": {"stop_id": "5022942953", "name": "IBE"}, "geometry": {"type": "Point", "coordinates": [-0.2477855, 5.5390553]}}, {"type": "Feature", "properties": {"stop_id": "4990162116", "name": "Adom Junction"}, "geometry": {"type": "Point", "coordinates": [-0.2369134, 5.5996325]}}, {"type": "Feature", "properties": {"stop_id": "SA5028660323", "name": "Legon"}, "geometry": {"type": "Point", "coordinates": [-0.1790346, 5.6407013]}}, {"type": "Feature", "properties": {"stop_id": "4382426259", "name": "Shiashie"}, "geometry": {"type": "Point", "coordinates": [-0.1767713, 5.6284053]}}, {"type": "Feature", "properties": {"stop_id": "5043547848", "name": "Liju"}, "geometry": {"type": "Point", "coordinates": [-0.2413492, 5.5361619]}}, {"type": "Feature", "properties": {"stop_id": "SA5035642558", "name": "Hospital"}, "geometry": {"type": "Point", "coordinates": [-0.2314287, 5.6852712]}}, {"type": "Feature", "properties": {"stop_id": "5005030167", "name": "Kotobabi Down"}, "geometry": {"type": "Point", "coordinates": [-0.2094022, 5.5956831]}}, {"type": "Feature", "properties": {"stop_id": "SA5015015393", "name": "Mambo"}, "geometry": {"type": "Point", "coordinates": [-0.2856578, 5.6310887]}}, {"type": "Feature", "properties": {"stop_id": "SA5015015392", "name": "Sowutuom Last stop"}, "geometry": {"type": "Point", "coordinates": [-0.2844806, 5.62517]}}, {"type": "Feature", "properties": {"stop_id": "SA5015015391", "name": "Sowutuom Market"}, "geometry": {"type": "Point", "coordinates": [-0.2768458, 5.6200398]}}, {"type": "Feature", "properties": {"stop_id": "5043547847", "name": "Extra O"}, "geometry": {"type": "Point", "coordinates": [-0.2423704, 5.5287802]}}, {"type": "Feature", "properties": {"stop_id": "SA5015015395", "name": "Mawulolo"}, "geometry": {"type": "Point", "coordinates": [-0.2948661, 5.6267232]}}, {"type": "Feature", "properties": {"stop_id": "SA5015015394", "name": "VRA"}, "geometry": {"type": "Point", "coordinates": [-0.2928328, 5.6311431]}}, {"type": "Feature", "properties": {"stop_id": "2584775101", "name": "Mobil"}, "geometry": {"type": "Point", "coordinates": [-0.1975096, 5.5738018]}}, {"type": "Feature", "properties": {"stop_id": "4980974757", "name": "Radio Gold"}, "geometry": {"type": "Point", "coordinates": [-0.2402106, 5.5486332]}}, {"type": "Feature", "properties": {"stop_id": "5022942955", "name": "Mamprobi Methodist"}, "geometry": {"type": "Point", "coordinates": [-0.243822, 5.5351146]}}, {"type": "Feature", "properties": {"stop_id": "5050732581", "name": "Darkuman Junction"}, "geometry": {"type": "Point", "coordinates": [-0.2544787, 5.5776051]}}, {"type": "Feature", "properties": {"stop_id": "SA5054694242", "name": "Second Gate"}, "geometry": {"type": "Point", "coordinates": [-0.1238144, 5.5685327]}}, {"type": "Feature", "properties": {"stop_id": "4980974754", "name": "Pipeier Naa"}, "geometry": {"type": "Point", "coordinates": [-0.2402048, 5.5529372]}}, {"type": "Feature", "properties": {"stop_id": "4990070173", "name": "Abeka Post Office"}, "geometry": {"type": "Point", "coordinates": [-0.2439488, 5.6040435]}}, {"type": "Feature", "properties": {"stop_id": "5005030180", "name": "Accra New Tema Station"}, "geometry": {"type": "Point", "coordinates": [-0.2011213, 5.5486694]}}, {"type": "Feature", "properties": {"stop_id": "5058536168", "name": "Tabora Alhaji"}, "geometry": {"type": "Point", "coordinates": [-0.2616595, 5.6280104]}}, {"type": "Feature", "properties": {"stop_id": "SA5039861616", "name": "Electricity Junction"}, "geometry": {"type": "Point", "coordinates": [-0.2201231, 5.5799647]}}, {"type": "Feature", "properties": {"stop_id": "SA5039861615", "name": "Vodafone"}, "geometry": {"type": "Point", "coordinates": [-0.2161403, 5.5718565]}}, {"type": "Feature", "properties": {"stop_id": "5020636352", "name": "Atomic First"}, "geometry": {"type": "Point", "coordinates": [-0.1781295, 5.6672505]}}, {"type": "Feature", "properties": {"stop_id": "5036565844", "name": "Flower pot"}, "geometry": {"type": "Point", "coordinates": [-0.2069005, 5.6589029]}}, {"type": "Feature", "properties": {"stop_id": "5115955265", "name": "Nima"}, "geometry": {"type": "Point", "coordinates": [-0.1978462, 5.5801275]}}, {"type": "Feature", "properties": {"stop_id": "5115955264", "name": "National Service"}, "geometry": {"type": "Point", "coordinates": [-0.1831346, 5.6096595]}}, {"type": "Feature", "properties": {"stop_id": "5115955263", "name": "Flower Pot"}, "geometry": {"type": "Point", "coordinates": [-0.1554893, 5.6296616]}}, {"type": "Feature", "properties": {"stop_id": "5115955262", "name": "Toll Booth"}, "geometry": {"type": "Point", "coordinates": [-0.1438361, 5.6344534]}}, {"type": "Feature", "properties": {"stop_id": "4999589687", "name": "Accra Mall"}, "geometry": {"type": "Point", "coordinates": [-0.1743056, 5.6235673]}}, {"type": "Feature", "properties": {"stop_id": "4999589686", "name": "Abattoir"}, "geometry": {"type": "Point", "coordinates": [-0.0713925, 5.6622447]}}, {"type": "Feature", "properties": {"stop_id": "4999589685", "name": "Washing Bay"}, "geometry": {"type": "Point", "coordinates": [-0.0279198, 5.685137]}}, {"type": "Feature", "properties": {"stop_id": "4999589684", "name": "Ashaiman"}, "geometry": {"type": "Point", "coordinates": [-0.0327126, 5.6869137]}}, {"type": "Feature", "properties": {"stop_id": "5020636353", "name": "Supermarket"}, "geometry": {"type": "Point", "coordinates": [-0.1960281, 5.6673746]}}, {"type": "Feature", "properties": {"stop_id": "5036565845", "name": "Pharmarcy"}, "geometry": {"type": "Point", "coordinates": [-0.2060374, 5.6606307]}}, {"type": "Feature", "properties": {"stop_id": "5027248834", "name": "Sempe Second"}, "geometry": {"type": "Point", "coordinates": [-0.239819, 5.5378518]}}, {"type": "Feature", "properties": {"stop_id": "5064974038", "name": "Otanor Bus Stop"}, "geometry": {"type": "Point", "coordinates": [-0.1299728, 5.6533403]}}, {"type": "Feature", "properties": {"stop_id": "5064974039", "name": "Adjiringanor Second Curve"}, "geometry": {"type": "Point", "coordinates": [-0.1292395, 5.6517077]}}, {"type": "Feature", "properties": {"stop_id": "5064405319", "name": "Agbogbloshie"}, "geometry": {"type": "Point", "coordinates": [-0.2261222, 5.5552916]}}, {"type": "Feature", "properties": {"stop_id": "5064974032", "name": "Morocco"}, "geometry": {"type": "Point", "coordinates": [-0.1280233, 5.6710266]}}, {"type": "Feature", "properties": {"stop_id": "5064974033", "name": "Salaam"}, "geometry": {"type": "Point", "coordinates": [-0.1284549, 5.6697928]}}, {"type": "Feature", "properties": {"stop_id": "5064974030", "name": "Bishop"}, "geometry": {"type": "Point", "coordinates": [-0.1266431, 5.6748025]}}, {"type": "Feature", "properties": {"stop_id": "SA5054694244", "name": "Bush Road"}, "geometry": {"type": "Point", "coordinates": [-0.1317983, 5.5663851]}}, {"type": "Feature", "properties": {"stop_id": "5064974036", "name": "Zion"}, "geometry": {"type": "Point", "coordinates": [-0.1323593, 5.6591631]}}, {"type": "Feature", "properties": {"stop_id": "5064974037", "name": "Ability"}, "geometry": {"type": "Point", "coordinates": [-0.1313735, 5.6566382]}}, {"type": "Feature", "properties": {"stop_id": "5064974034", "name": "Caterpillar"}, "geometry": {"type": "Point", "coordinates": [-0.1304779, 5.6642946]}}, {"type": "Feature", "properties": {"stop_id": "5064974035", "name": "Container"}, "geometry": {"type": "Point", "coordinates": [-0.1316844, 5.6609541]}}, {"type": "Feature", "properties": {"stop_id": "5084834969", "name": "Transformer (Omanjor)"}, "geometry": {"type": "Point", "coordinates": [-0.2943156, 5.6369416]}}, {"type": "Feature", "properties": {"stop_id": "SA5022509213", "name": "Zambrama Line"}, "geometry": {"type": "Point", "coordinates": [-0.2570439, 5.5496153]}}, {"type": "Feature", "properties": {"stop_id": "SA5022509210", "name": "Banana Inn"}, "geometry": {"type": "Point", "coordinates": [-0.255041, 5.5418646]}}, {"type": "Feature", "properties": {"stop_id": "SA5022509211", "name": "Mango Down"}, "geometry": {"type": "Point", "coordinates": [-0.2565153, 5.5428385]}}, {"type": "Feature", "properties": {"stop_id": "SA5023708439", "name": "Kaneshie Roundabout"}, "geometry": {"type": "Point", "coordinates": [-0.2279677, 5.5604129]}}, {"type": "Feature", "properties": {"stop_id": "5084834961", "name": "Odorkor Station"}, "geometry": {"type": "Point", "coordinates": [-0.2638505, 5.5810372]}}, {"type": "Feature", "properties": {"stop_id": "5084834960", "name": "Rana motors"}, "geometry": {"type": "Point", "coordinates": [-0.2254001, 5.5588566]}}, {"type": "Feature", "properties": {"stop_id": "5084834963", "name": "Odorkor official town"}, "geometry": {"type": "Point", "coordinates": [-0.2656221, 5.5872685]}}, {"type": "Feature", "properties": {"stop_id": "5084834962", "name": "Odorkor Market"}, "geometry": {"type": "Point", "coordinates": [-0.2641792, 5.5829341]}}, {"type": "Feature", "properties": {"stop_id": "5084834965", "name": "Printing press"}, "geometry": {"type": "Point", "coordinates": [-0.2797718, 5.6236683]}}, {"type": "Feature", "properties": {"stop_id": "5084834964", "name": "Ebenezer"}, "geometry": {"type": "Point", "coordinates": [-0.2748468, 5.6090712]}}, {"type": "Feature", "properties": {"stop_id": "5084834967", "name": "Mambo"}, "geometry": {"type": "Point", "coordinates": [-0.2851844, 5.6311474]}}, {"type": "Feature", "properties": {"stop_id": "5084834966", "name": "Heavenly Church"}, "geometry": {"type": "Point", "coordinates": [-0.2856258, 5.6270753]}}, {"type": "Feature", "properties": {"stop_id": "5047108306", "name": "Emmanuel Eye Clinic"}, "geometry": {"type": "Point", "coordinates": [-0.1746102, 5.630116]}}, {"type": "Feature", "properties": {"stop_id": "5047108307", "name": "Mensvic"}, "geometry": {"type": "Point", "coordinates": [-0.1716064, 5.6370893]}}, {"type": "Feature", "properties": {"stop_id": "3676894849", "name": "Community 7"}, "geometry": {"type": "Point", "coordinates": [-0.0062296, 5.6647008]}}, {"type": "Feature", "properties": {"stop_id": "5102949434", "name": "Akoto Lante"}, "geometry": {"type": "Point", "coordinates": [-0.2154061, 5.5407833]}}, {"type": "Feature", "properties": {"stop_id": "5102949433", "name": "Agbado"}, "geometry": {"type": "Point", "coordinates": [-0.2166568, 5.540445]}}, {"type": "Feature", "properties": {"stop_id": "5102949432", "name": "UTC"}, "geometry": {"type": "Point", "coordinates": [-0.21727, 5.5374174]}}, {"type": "Feature", "properties": {"stop_id": "5102949431", "name": "Radio Gold"}, "geometry": {"type": "Point", "coordinates": [-0.2403079, 5.5480675]}}, {"type": "Feature", "properties": {"stop_id": "5102949430", "name": "Mangoase"}, "geometry": {"type": "Point", "coordinates": [-0.2428086, 5.5480737]}}, {"type": "Feature", "properties": {"stop_id": "5037296282", "name": "Pele"}, "geometry": {"type": "Point", "coordinates": [-0.2170081, 5.597308]}}, {"type": "Feature", "properties": {"stop_id": "3676894846", "name": "Site 10"}, "geometry": {"type": "Point", "coordinates": [0.0002416, 5.6510377]}}, {"type": "Feature", "properties": {"stop_id": "5047108308", "name": "Banku Junction"}, "geometry": {"type": "Point", "coordinates": [-0.1691106, 5.6397726]}}, {"type": "Feature", "properties": {"stop_id": "5047108309", "name": "Bawaleshie Acheampong"}, "geometry": {"type": "Point", "coordinates": [-0.159918, 5.6429575]}}, {"type": "Feature", "properties": {"stop_id": "SA4983237019", "name": "Rasta Junction"}, "geometry": {"type": "Point", "coordinates": [-0.2661016, 5.6112754]}}, {"type": "Feature", "properties": {"stop_id": "SA5119159350", "name": "Polyclinic Junction"}, "geometry": {"type": "Point", "coordinates": [-0.2015221, 5.5894988]}}, {"type": "Feature", "properties": {"stop_id": "5040124407", "name": "37"}, "geometry": {"type": "Point", "coordinates": [-0.2092633, 5.5875974]}}, {"type": "Feature", "properties": {"stop_id": "SA4989358232", "name": "First Light"}, "geometry": {"type": "Point", "coordinates": [-0.2426319, 5.5695562]}}, {"type": "Feature", "properties": {"stop_id": "5124622922", "name": "Abossey Okai"}, "geometry": {"type": "Point", "coordinates": [-0.2362111, 5.5575921]}}, {"type": "Feature", "properties": {"stop_id": "SA5045130246", "name": "Fan milk"}, "geometry": {"type": "Point", "coordinates": [-0.222249, 5.5700571]}}, {"type": "Feature", "properties": {"stop_id": "SA5045130247", "name": "Kaneshie Market bus stop"}, "geometry": {"type": "Point", "coordinates": [-0.2356043, 5.5665793]}}, {"type": "Feature", "properties": {"stop_id": "5028241073", "name": "Kaneshie"}, "geometry": {"type": "Point", "coordinates": [-0.2378684, 5.564024]}}, {"type": "Feature", "properties": {"stop_id": "SA5025202269", "name": "Accra Post Office"}, "geometry": {"type": "Point", "coordinates": [-0.2089857, 5.5405002]}}, {"type": "Feature", "properties": {"stop_id": "SA5102845904", "name": "Shiabu"}, "geometry": {"type": "Point", "coordinates": [-0.2566779, 5.5253011]}}, {"type": "Feature", "properties": {"stop_id": "5123194249", "name": "Akoto Lante"}, "geometry": {"type": "Point", "coordinates": [-0.2130945, 5.5389276]}}, {"type": "Feature", "properties": {"stop_id": "5123194248", "name": "One Way"}, "geometry": {"type": "Point", "coordinates": [-0.2102761, 5.5371136]}}, {"type": "Feature", "properties": {"stop_id": "SA5023802910", "name": "Pharmacy"}, "geometry": {"type": "Point", "coordinates": [-0.2408937, 5.5809688]}}, {"type": "Feature", "properties": {"stop_id": "SA5023802911", "name": "Atico"}, "geometry": {"type": "Point", "coordinates": [-0.2460569, 5.5807929]}}, {"type": "Feature", "properties": {"stop_id": "5010113610", "name": "Block Factory"}, "geometry": {"type": "Point", "coordinates": [-0.3354833, 5.5488549]}}, {"type": "Feature", "properties": {"stop_id": "5051364312", "name": "Awoshie Junction"}, "geometry": {"type": "Point", "coordinates": [-0.2958537, 5.6062098]}}, {"type": "Feature", "properties": {"stop_id": "SA4997374737", "name": "Pamprom"}, "geometry": {"type": "Point", "coordinates": [-0.2307635, 5.5656316]}}, {"type": "Feature", "properties": {"stop_id": "5051364313", "name": "Bridge"}, "geometry": {"type": "Point", "coordinates": [-0.2965362, 5.6139177]}}, {"type": "Feature", "properties": {"stop_id": "SA5082993460", "name": "Block Factory junction"}, "geometry": {"type": "Point", "coordinates": [-0.2435292, 5.5581545]}}, {"type": "Feature", "properties": {"stop_id": "SA5082993461", "name": "Seven great junction"}, "geometry": {"type": "Point", "coordinates": [-0.2444151, 5.5583181]}}, {"type": "Feature", "properties": {"stop_id": "5041051499", "name": "Haatso"}, "geometry": {"type": "Point", "coordinates": [-0.2046504, 5.6672765]}}, {"type": "Feature", "properties": {"stop_id": "5028942310", "name": "Mawarko"}, "geometry": {"type": "Point", "coordinates": [-0.195839, 5.5909772]}}, {"type": "Feature", "properties": {"stop_id": "5058536207", "name": "Kaneshie"}, "geometry": {"type": "Point", "coordinates": [-0.2377839, 5.5640396]}}, {"type": "Feature", "properties": {"stop_id": "SA5024762423", "name": "SSNIT"}, "geometry": {"type": "Point", "coordinates": [-0.1823144, 5.5630077]}}, {"type": "Feature", "properties": {"stop_id": "SA5024762426", "name": "Bayport"}, "geometry": {"type": "Point", "coordinates": [-0.2087571, 5.5760332]}}, {"type": "Feature", "properties": {"stop_id": "SA5035473847", "name": "School Junction"}, "geometry": {"type": "Point", "coordinates": [-0.2354587, 5.5808675]}}, {"type": "Feature", "properties": {"stop_id": "SA5034486675", "name": "Ashaiman Last Stop"}, "geometry": {"type": "Point", "coordinates": [-0.0317506, 5.6869195]}}, {"type": "Feature", "properties": {"stop_id": "SA5024762425", "name": "PIWC Accra"}, "geometry": {"type": "Point", "coordinates": [-0.2083755, 5.5744678]}}, {"type": "Feature", "properties": {"stop_id": "5041288969", "name": "Timber Market"}, "geometry": {"type": "Point", "coordinates": [-0.2161393, 5.5434076]}}, {"type": "Feature", "properties": {"stop_id": "5041288968", "name": "Arena"}, "geometry": {"type": "Point", "coordinates": [-0.216673, 5.5449558]}}, {"type": "Feature", "properties": {"stop_id": "5102559170", "name": "Kaneshie"}, "geometry": {"type": "Point", "coordinates": [-0.2374033, 5.5623056]}}, {"type": "Feature", "properties": {"stop_id": "5041288967", "name": "Agbogbloshie"}, "geometry": {"type": "Point", "coordinates": [-0.216831, 5.5490765]}}, {"type": "Feature", "properties": {"stop_id": "SA5064974037", "name": "Ability"}, "geometry": {"type": "Point", "coordinates": [-0.1313735, 5.6566382]}}, {"type": "Feature", "properties": {"stop_id": "SA5029644476", "name": "National Theatre"}, "geometry": {"type": "Point", "coordinates": [-0.201016, 5.5542962]}}, {"type": "Feature", "properties": {"stop_id": "5045437550", "name": "Presby junction"}, "geometry": {"type": "Point", "coordinates": [-0.2361305, 5.5741479]}}, {"type": "Feature", "properties": {"stop_id": "5045437551", "name": "First junction"}, "geometry": {"type": "Point", "coordinates": [-0.2355617, 5.5724138]}}, {"type": "Feature", "properties": {"stop_id": "SA5029644475", "name": "Accra High School"}, "geometry": {"type": "Point", "coordinates": [-0.200385, 5.5693914]}}, {"type": "Feature", "properties": {"stop_id": "5084819818", "name": "Polo"}, "geometry": {"type": "Point", "coordinates": [-0.2750327, 5.610564]}}, {"type": "Feature", "properties": {"stop_id": "5084819819", "name": "Ebenezer"}, "geometry": {"type": "Point", "coordinates": [-0.2747851, 5.6091647]}}, {"type": "Feature", "properties": {"stop_id": "5014899357", "name": "Abeka Lapaz"}, "geometry": {"type": "Point", "coordinates": [-0.2497374, 5.6068813]}}, {"type": "Feature", "properties": {"stop_id": "SA5014899354", "name": "Ablekuma Curve"}, "geometry": {"type": "Point", "coordinates": [-0.3119583, 5.6271443]}}, {"type": "Feature", "properties": {"stop_id": "5047542824", "name": "Junction"}, "geometry": {"type": "Point", "coordinates": [-0.2711773, 5.5257416]}}, {"type": "Feature", "properties": {"stop_id": "4992783154", "name": "Ashaiman Overhead"}, "geometry": {"type": "Point", "coordinates": [-0.025778, 5.6820534]}}, {"type": "Feature", "properties": {"stop_id": "5014899350", "name": "Pentecost"}, "geometry": {"type": "Point", "coordinates": [-0.3087766, 5.6192734]}}, {"type": "Feature", "properties": {"stop_id": "SA5052364797", "name": "Tema"}, "geometry": {"type": "Point", "coordinates": [0.0023453, 5.644505]}}, {"type": "Feature", "properties": {"stop_id": "5014899351", "name": "Container"}, "geometry": {"type": "Point", "coordinates": [-0.3069432, 5.6199694]}}, {"type": "Feature", "properties": {"stop_id": "5014899352", "name": "Block Factory"}, "geometry": {"type": "Point", "coordinates": [-0.3058457, 5.6221945]}}, {"type": "Feature", "properties": {"stop_id": "4990251212", "name": "Point 2"}, "geometry": {"type": "Point", "coordinates": [-0.2419295, 5.6778555]}}, {"type": "Feature", "properties": {"stop_id": "SA5013209308", "name": "Total"}, "geometry": {"type": "Point", "coordinates": [-0.2834062, 5.5735321]}}, {"type": "Feature", "properties": {"stop_id": "SA5029276337", "name": "Five junction"}, "geometry": {"type": "Point", "coordinates": [-0.1844207, 5.552308]}}, {"type": "Feature", "properties": {"stop_id": "5024693063", "name": "Agbado"}, "geometry": {"type": "Point", "coordinates": [-0.2163064, 5.5387082]}}, {"type": "Feature", "properties": {"stop_id": "5024693062", "name": "Junction"}, "geometry": {"type": "Point", "coordinates": [-0.2177343, 5.5417736]}}, {"type": "Feature", "properties": {"stop_id": "5024693061", "name": "Arena"}, "geometry": {"type": "Point", "coordinates": [-0.2158835, 5.5451771]}}, {"type": "Feature", "properties": {"stop_id": "4982950480", "name": "Abeka Lapaz (Nii Boi)"}, "geometry": {"type": "Point", "coordinates": [-0.245237, 5.6077389]}}, {"type": "Feature", "properties": {"stop_id": "5000996592", "name": "Hansonic Taxi Rank"}, "geometry": {"type": "Point", "coordinates": [-0.2526072, 5.5747317]}}, {"type": "Feature", "properties": {"stop_id": "5000996591", "name": "Dansoman Asoredanho"}, "geometry": {"type": "Point", "coordinates": [-0.2553578, 5.5703992]}}, {"type": "Feature", "properties": {"stop_id": "5000996590", "name": "Asoredanho Curve"}, "geometry": {"type": "Point", "coordinates": [-0.257634, 5.5675754]}}, {"type": "Feature", "properties": {"stop_id": "5115477021", "name": "Shangrila"}, "geometry": {"type": "Point", "coordinates": [-0.176424, 5.6172269]}}, {"type": "Feature", "properties": {"stop_id": "4997066320", "name": "Assemblies"}, "geometry": {"type": "Point", "coordinates": [-0.1715395, 5.6914266]}}, {"type": "Feature", "properties": {"stop_id": "4990252735", "name": "Fishpond"}, "geometry": {"type": "Point", "coordinates": [-0.2499147, 5.6185649]}}, {"type": "Feature", "properties": {"stop_id": "4982950469", "name": "37 Last Stop"}, "geometry": {"type": "Point", "coordinates": [-0.1803082, 5.588576]}}, {"type": "Feature", "properties": {"stop_id": "4982950468", "name": "Giffard Road"}, "geometry": {"type": "Point", "coordinates": [-0.1746373, 5.5873592]}}, {"type": "Feature", "properties": {"stop_id": "5027354801", "name": "Modex"}, "geometry": {"type": "Point", "coordinates": [-0.3223199, 5.553302]}}, {"type": "Feature", "properties": {"stop_id": "5027354802", "name": "Odorkor (Main Bus stop)"}, "geometry": {"type": "Point", "coordinates": [-0.2636861, 5.5804311]}}, {"type": "Feature", "properties": {"stop_id": "SA5084413313", "name": "Block Factory"}, "geometry": {"type": "Point", "coordinates": [-0.3245087, 5.6322703]}}, {"type": "Feature", "properties": {"stop_id": "4990252732", "name": "Mile 7 Clinic"}, "geometry": {"type": "Point", "coordinates": [-0.2478736, 5.629669]}}, {"type": "Feature", "properties": {"stop_id": "5028998324", "name": "Lekma"}, "geometry": {"type": "Point", "coordinates": [-0.1212936, 5.6038838]}}, {"type": "Feature", "properties": {"stop_id": "SA5037690457", "name": "Bazaza"}, "geometry": {"type": "Point", "coordinates": [-0.2385435, 5.5716519]}}, {"type": "Feature", "properties": {"stop_id": "SA5028768231", "name": "Achimota Hospital Curve"}, "geometry": {"type": "Point", "coordinates": [-0.2202489, 5.6292905]}}, {"type": "Feature", "properties": {"stop_id": "5038979084", "name": "Bubiashie Ayigbe Town"}, "geometry": {"type": "Point", "coordinates": [-0.2401363, 5.5829964]}}, {"type": "Feature", "properties": {"stop_id": "5031288173", "name": "Point 4"}, "geometry": {"type": "Point", "coordinates": [-0.2422199, 5.5927489]}}, {"type": "Feature", "properties": {"stop_id": "5031288172", "name": "North Kaneshie"}, "geometry": {"type": "Point", "coordinates": [-0.2366296, 5.5896201]}}, {"type": "Feature", "properties": {"stop_id": "SA5028768237", "name": "University Primary Roundabout"}, "geometry": {"type": "Point", "coordinates": [-0.1893731, 5.6435866]}}, {"type": "Feature", "properties": {"stop_id": "5113829631", "name": "Mamobi Market"}, "geometry": {"type": "Point", "coordinates": [-0.1948634, 5.5939106]}}, {"type": "Feature", "properties": {"stop_id": "3133741256", "name": "Bawaleshie Second"}, "geometry": {"type": "Point", "coordinates": [-0.164944, 5.6420983]}}, {"type": "Feature", "properties": {"stop_id": "5013249864", "name": "Kwashieman"}, "geometry": {"type": "Point", "coordinates": [-0.2678635, 5.5922469]}}, {"type": "Feature", "properties": {"stop_id": "5013249865", "name": "Been To"}, "geometry": {"type": "Point", "coordinates": [-0.2715119, 5.5873038]}}, {"type": "Feature", "properties": {"stop_id": "4979396673", "name": "Korle Bu"}, "geometry": {"type": "Point", "coordinates": [-0.2270517, 5.5361206]}}, {"type": "Feature", "properties": {"stop_id": "SA5045432463", "name": "Wireless"}, "geometry": {"type": "Point", "coordinates": [-0.2402827, 5.5862405]}}, {"type": "Feature", "properties": {"stop_id": "SA5047108310", "name": "East Legon"}, "geometry": {"type": "Point", "coordinates": [-0.150772, 5.6483193]}}, {"type": "Feature", "properties": {"stop_id": "SA4990644978", "name": "First Choice"}, "geometry": {"type": "Point", "coordinates": [-0.0970358, 5.6332704]}}, {"type": "Feature", "properties": {"stop_id": "SA4990644979", "name": "Bedford"}, "geometry": {"type": "Point", "coordinates": [-0.098671, 5.6340886]}}, {"type": "Feature", "properties": {"stop_id": "5102717948", "name": "Ama Mensah"}, "geometry": {"type": "Point", "coordinates": [-0.230029, 5.5288825]}}, {"type": "Feature", "properties": {"stop_id": "SA4990644970", "name": "18 Junction"}, "geometry": {"type": "Point", "coordinates": [-0.0759337, 5.6248519]}}, {"type": "Feature", "properties": {"stop_id": "SA4990644971", "name": "Texpo"}, "geometry": {"type": "Point", "coordinates": [-0.0792992, 5.6254631]}}, {"type": "Feature", "properties": {"stop_id": "SA30778854", "name": "Roman Ridge 2nd"}, "geometry": {"type": "Point", "coordinates": [-0.198887, 5.601804]}}, {"type": "Feature", "properties": {"stop_id": "SA4990644973", "name": "White House"}, "geometry": {"type": "Point", "coordinates": [-0.0855121, 5.6270038]}}, {"type": "Feature", "properties": {"stop_id": "SA4990644974", "name": "Total"}, "geometry": {"type": "Point", "coordinates": [-0.087111, 5.6276574]}}, {"type": "Feature", "properties": {"stop_id": "SA4990644975", "name": "Kotobaabi"}, "geometry": {"type": "Point", "coordinates": [-0.0897778, 5.6286941]}}, {"type": "Feature", "properties": {"stop_id": "SA4990644976", "name": "Basket"}, "geometry": {"type": "Point", "coordinates": [-0.0923639, 5.6301492]}}, {"type": "Feature", "properties": {"stop_id": "SA4990644977", "name": "Rainbow"}, "geometry": {"type": "Point", "coordinates": [-0.09572, 5.6325]}}, {"type": "Feature", "properties": {"stop_id": "5022354474", "name": "State Transport"}, "geometry": {"type": "Point", "coordinates": [-0.2255063, 5.565179]}}, {"type": "Feature", "properties": {"stop_id": "5022354475", "name": "Roundabout"}, "geometry": {"type": "Point", "coordinates": [-0.228817, 5.5619982]}}, {"type": "Feature", "properties": {"stop_id": "5022354476", "name": "Pamprom"}, "geometry": {"type": "Point", "coordinates": [-0.2317319, 5.5626433]}}, {"type": "Feature", "properties": {"stop_id": "5022354477", "name": "Kaneshie Second Bridge"}, "geometry": {"type": "Point", "coordinates": [-0.2354851, 5.5648934]}}, {"type": "Feature", "properties": {"stop_id": "5027264672", "name": "Kakalika"}, "geometry": {"type": "Point", "coordinates": [-0.2425133, 5.5309921]}}, {"type": "Feature", "properties": {"stop_id": "SA4198267793", "name": "Danquah Second"}, "geometry": {"type": "Point", "coordinates": [-0.1817192, 5.5675097]}}, {"type": "Feature", "properties": {"stop_id": "2026403679", "name": "Agege Last Stop"}, "geometry": {"type": "Point", "coordinates": [-0.2639939, 5.5293198]}}, {"type": "Feature", "properties": {"stop_id": "5022354478", "name": "Kaneshie First Bridge"}, "geometry": {"type": "Point", "coordinates": [-0.2373694, 5.566022]}}, {"type": "Feature", "properties": {"stop_id": "5022354479", "name": "First Light"}, "geometry": {"type": "Point", "coordinates": [-0.2429732, 5.5692626]}}, {"type": "Feature", "properties": {"stop_id": "4997374733", "name": "Assemblies"}, "geometry": {"type": "Point", "coordinates": [-0.1719289, 5.692931]}}, {"type": "Feature", "properties": {"stop_id": "4997374732", "name": "Madina Masalachi"}, "geometry": {"type": "Point", "coordinates": [-0.1716386, 5.6821455]}}, {"type": "Feature", "properties": {"stop_id": "4997374731", "name": "Madina Zongo Junction"}, "geometry": {"type": "Point", "coordinates": [-0.1735825, 5.6773746]}}, {"type": "Feature", "properties": {"stop_id": "4997374730", "name": "Fire Stone"}, "geometry": {"type": "Point", "coordinates": [-0.1756988, 5.6709335]}}, {"type": "Feature", "properties": {"stop_id": "4997374737", "name": "Pamprom"}, "geometry": {"type": "Point", "coordinates": [-0.2307635, 5.5656316]}}, {"type": "Feature", "properties": {"stop_id": "4997374736", "name": "Adenta Barrier"}, "geometry": {"type": "Point", "coordinates": [-0.1715852, 5.7057904]}}, {"type": "Feature", "properties": {"stop_id": "4997374735", "name": "Goil Filling Station"}, "geometry": {"type": "Point", "coordinates": [-0.1719869, 5.7000384]}}, {"type": "Feature", "properties": {"stop_id": "4997374734", "name": "SDA"}, "geometry": {"type": "Point", "coordinates": [-0.1720302, 5.6965301]}}, {"type": "Feature", "properties": {"stop_id": "4997374739", "name": "Equip"}, "geometry": {"type": "Point", "coordinates": [-0.2101909, 5.5711239]}}, {"type": "Feature", "properties": {"stop_id": "4997374738", "name": "Awudome Cemetery"}, "geometry": {"type": "Point", "coordinates": [-0.2234054, 5.5674149]}}, {"type": "Feature", "properties": {"stop_id": "5064078026", "name": "Real Plan estate gate"}, "geometry": {"type": "Point", "coordinates": [-0.3644745, 5.7275931]}}, {"type": "Feature", "properties": {"stop_id": "5064078027", "name": "Kotokou market"}, "geometry": {"type": "Point", "coordinates": [-0.3613331, 5.7351676]}}, {"type": "Feature", "properties": {"stop_id": "5064078024", "name": "Sampahman"}, "geometry": {"type": "Point", "coordinates": [-0.3655827, 5.720015]}}, {"type": "Feature", "properties": {"stop_id": "5064078025", "name": "Sampahman police station"}, "geometry": {"type": "Point", "coordinates": [-0.3657226, 5.7222488]}}, {"type": "Feature", "properties": {"stop_id": "5036784362", "name": "Pig Farm"}, "geometry": {"type": "Point", "coordinates": [-0.1983215, 5.5981141]}}, {"type": "Feature", "properties": {"stop_id": "5036784363", "name": "Abavana"}, "geometry": {"type": "Point", "coordinates": [-0.202741, 5.5940064]}}, {"type": "Feature", "properties": {"stop_id": "5036784360", "name": "White House"}, "geometry": {"type": "Point", "coordinates": [-0.2169396, 5.6098505]}}, {"type": "Feature", "properties": {"stop_id": "5036784361", "name": "Lotto Kiosk Abelenkpe"}, "geometry": {"type": "Point", "coordinates": [-0.2163878, 5.6087462]}}, {"type": "Feature", "properties": {"stop_id": "4990251219", "name": "Gym"}, "geometry": {"type": "Point", "coordinates": [-0.2372998, 5.6560279]}}, {"type": "Feature", "properties": {"stop_id": "5064078028", "name": "Bridge"}, "geometry": {"type": "Point", "coordinates": [-0.339341, 5.752047]}}, {"type": "Feature", "properties": {"stop_id": "5064078029", "name": "Gaogao"}, "geometry": {"type": "Point", "coordinates": [-0.3239047, 5.7577776]}}, {"type": "Feature", "properties": {"stop_id": "SA4990423846", "name": "Tantra Hills"}, "geometry": {"type": "Point", "coordinates": [-0.2455149, 5.6429227]}}, {"type": "Feature", "properties": {"stop_id": "SA5027285555", "name": "New Russia Last Stop"}, "geometry": {"type": "Point", "coordinates": [-0.2569765, 5.5582129]}}, {"type": "Feature", "properties": {"stop_id": "SA4990423840", "name": "T-Junction Down"}, "geometry": {"type": "Point", "coordinates": [-0.2515691, 5.6279624]}}, {"type": "Feature", "properties": {"stop_id": "SA5027285557", "name": "Okwahu Motors"}, "geometry": {"type": "Point", "coordinates": [-0.2557587, 5.5586842]}}, {"type": "Feature", "properties": {"stop_id": "SA5027285556", "name": "Slow Down"}, "geometry": {"type": "Point", "coordinates": [-0.256926, 5.5584066]}}, {"type": "Feature", "properties": {"stop_id": "5041609687", "name": "Appiah Junction"}, "geometry": {"type": "Point", "coordinates": [-0.2691039, 5.6130792]}}, {"type": "Feature", "properties": {"stop_id": "SA5027285558", "name": "Mars Junction"}, "geometry": {"type": "Point", "coordinates": [-0.2537154, 5.5591466]}}, {"type": "Feature", "properties": {"stop_id": "5024303420", "name": "One Way"}, "geometry": {"type": "Point", "coordinates": [-0.2102472, 5.5370285]}}, {"type": "Feature", "properties": {"stop_id": "5125132106", "name": "Kaneshie"}, "geometry": {"type": "Point", "coordinates": [-0.2359794, 5.564141]}}, {"type": "Feature", "properties": {"stop_id": "5040089796", "name": "Kotobabi Market junction"}, "geometry": {"type": "Point", "coordinates": [-0.2076275, 5.5947354]}}, {"type": "Feature", "properties": {"stop_id": "5040089797", "name": "Labour Centre"}, "geometry": {"type": "Point", "coordinates": [-0.2065183, 5.5935661]}}, {"type": "Feature", "properties": {"stop_id": "5082993459", "name": "Zongo junction"}, "geometry": {"type": "Point", "coordinates": [-0.2405444, 5.5574766]}}, {"type": "Feature", "properties": {"stop_id": "5082993458", "name": "Great Lamptey"}, "geometry": {"type": "Point", "coordinates": [-0.2373808, 5.5567354]}}, {"type": "Feature", "properties": {"stop_id": "4998106218", "name": "Avalley"}, "geometry": {"type": "Point", "coordinates": [-0.2158397, 5.5805706]}}, {"type": "Feature", "properties": {"stop_id": "4998106219", "name": "Hubtel"}, "geometry": {"type": "Point", "coordinates": [-0.2157956, 5.5784909]}}, {"type": "Feature", "properties": {"stop_id": "4998106214", "name": "New Town"}, "geometry": {"type": "Point", "coordinates": [-0.2084889, 5.5827214]}}, {"type": "Feature", "properties": {"stop_id": "4998106215", "name": "Obour Ba"}, "geometry": {"type": "Point", "coordinates": [-0.2075849, 5.578112]}}, {"type": "Feature", "properties": {"stop_id": "4998106216", "name": "Challenge"}, "geometry": {"type": "Point", "coordinates": [-0.209728, 5.576912]}}, {"type": "Feature", "properties": {"stop_id": "SA5040133320", "name": "Car Spot"}, "geometry": {"type": "Point", "coordinates": [-0.1862615, 5.614164]}}, {"type": "Feature", "properties": {"stop_id": "5082993457", "name": "Abossey Okai junction"}, "geometry": {"type": "Point", "coordinates": [-0.2336468, 5.5559064]}}, {"type": "Feature", "properties": {"stop_id": "5082993456", "name": "Sabolai"}, "geometry": {"type": "Point", "coordinates": [-0.2253995, 5.5550324]}}, {"type": "Feature", "properties": {"stop_id": "5082993455", "name": "Galloway"}, "geometry": {"type": "Point", "coordinates": [-0.218063, 5.5480245]}}, {"type": "Feature", "properties": {"stop_id": "5040089799", "name": "Dworwulu junction"}, "geometry": {"type": "Point", "coordinates": [-0.2098265, 5.5854539]}}, {"type": "Feature", "properties": {"stop_id": "SA5023072582", "name": "New Station"}, "geometry": {"type": "Point", "coordinates": [-0.2298012, 5.5354204]}}, {"type": "Feature", "properties": {"stop_id": "SA5023072580", "name": "Accra Bishop"}, "geometry": {"type": "Point", "coordinates": [-0.204513, 5.5439312]}}, {"type": "Feature", "properties": {"stop_id": "SA5023072581", "name": "Lighthouse"}, "geometry": {"type": "Point", "coordinates": [-0.2117042, 5.5335867]}}, {"type": "Feature", "properties": {"stop_id": "5040928827", "name": "First Total"}, "geometry": {"type": "Point", "coordinates": [-0.1973774, 5.5996921]}}, {"type": "Feature", "properties": {"stop_id": "SA4980974737", "name": "Pipeier Naa"}, "geometry": {"type": "Point", "coordinates": [-0.2401289, 5.5535038]}}, {"type": "Feature", "properties": {"stop_id": "4992783153", "name": "Tema Motorway Total"}, "geometry": {"type": "Point", "coordinates": [-0.0139995, 5.6826001]}}, {"type": "Feature", "properties": {"stop_id": "SA4972695858", "name": "Agbogba Junction"}, "geometry": {"type": "Point", "coordinates": [-0.18729, 5.6672969]}}, {"type": "Feature", "properties": {"stop_id": "5014899347", "name": "Waakye"}, "geometry": {"type": "Point", "coordinates": [-0.327984, 5.6091768]}}, {"type": "Feature", "properties": {"stop_id": "5014899346", "name": "Agape"}, "geometry": {"type": "Point", "coordinates": [-0.329549, 5.6092164]}}, {"type": "Feature", "properties": {"stop_id": "5028998325", "name": "Tsui Bleoo"}, "geometry": {"type": "Point", "coordinates": [-0.1159864, 5.6060354]}}, {"type": "Feature", "properties": {"stop_id": "5014899349", "name": "Offtown"}, "geometry": {"type": "Point", "coordinates": [-0.3104681, 5.6178314]}}, {"type": "Feature", "properties": {"stop_id": "5014899348", "name": "Tarrazzo"}, "geometry": {"type": "Point", "coordinates": [-0.3120117, 5.6159829]}}, {"type": "Feature", "properties": {"stop_id": "5029234106", "name": "Second Stop"}, "geometry": {"type": "Point", "coordinates": [-0.1854512, 5.5503945]}}, {"type": "Feature", "properties": {"stop_id": "SA5008589262", "name": "Amasaman"}, "geometry": {"type": "Point", "coordinates": [-0.2976051, 5.7049276]}}, {"type": "Feature", "properties": {"stop_id": "5029234104", "name": "SSNIT"}, "geometry": {"type": "Point", "coordinates": [-0.1824172, 5.5621365]}}, {"type": "Feature", "properties": {"stop_id": "5029234105", "name": "Five Junction"}, "geometry": {"type": "Point", "coordinates": [-0.18441, 5.5522416]}}, {"type": "Feature", "properties": {"stop_id": "5029234102", "name": "IGP"}, "geometry": {"type": "Point", "coordinates": [-0.1712403, 5.5788707]}}, {"type": "Feature", "properties": {"stop_id": "SA5008589266", "name": "John Teye"}, "geometry": {"type": "Point", "coordinates": [-0.270424, 5.6673297]}}, {"type": "Feature", "properties": {"stop_id": "SA5008589264", "name": "Pokuase Junction"}, "geometry": {"type": "Point", "coordinates": [-0.2819882, 5.6877852]}}, {"type": "Feature", "properties": {"stop_id": "5026574423", "name": "Ola Balm"}, "geometry": {"type": "Point", "coordinates": [-0.2384366, 5.5760083]}}, {"type": "Feature", "properties": {"stop_id": "4992365323", "name": "Vulgunizer"}, "geometry": {"type": "Point", "coordinates": [-0.1691149, 5.6231117]}}, {"type": "Feature", "properties": {"stop_id": "SA4999589686", "name": "Abattoir"}, "geometry": {"type": "Point", "coordinates": [-0.0713925, 5.6622447]}}, {"type": "Feature", "properties": {"stop_id": "5026574427", "name": "Fita"}, "geometry": {"type": "Point", "coordinates": [-0.2390496, 5.5813456]}}, {"type": "Feature", "properties": {"stop_id": "5026574426", "name": "Ayigbe Town Old Station"}, "geometry": {"type": "Point", "coordinates": [-0.2398133, 5.5804387]}}, {"type": "Feature", "properties": {"stop_id": "5026574425", "name": "Obeyeyie"}, "geometry": {"type": "Point", "coordinates": [-0.2390148, 5.5791172]}}, {"type": "Feature", "properties": {"stop_id": "5026574424", "name": "Cemetry"}, "geometry": {"type": "Point", "coordinates": [-0.2387462, 5.5778617]}}, {"type": "Feature", "properties": {"stop_id": "5026574429", "name": "Awony3"}, "geometry": {"type": "Point", "coordinates": [-0.2390748, 5.5852883]}}, {"type": "Feature", "properties": {"stop_id": "5026574428", "name": "Ayigbe town"}, "geometry": {"type": "Point", "coordinates": [-0.2399984, 5.5834266]}}, {"type": "Feature", "properties": {"stop_id": "SA5030249495", "name": "Kinbu"}, "geometry": {"type": "Point", "coordinates": [-0.2041888, 5.5512835]}}, {"type": "Feature", "properties": {"stop_id": "SA5030249496", "name": "Accra Technical University"}, "geometry": {"type": "Point", "coordinates": [-0.2054038, 5.5554124]}}, {"type": "Feature", "properties": {"stop_id": "SA5030249497", "name": "OXL Junction"}, "geometry": {"type": "Point", "coordinates": [-0.2024014, 5.5565289]}}, {"type": "Feature", "properties": {"stop_id": "5023072582", "name": "New Station"}, "geometry": {"type": "Point", "coordinates": [-0.2298012, 5.5354204]}}, {"type": "Feature", "properties": {"stop_id": "5124622923", "name": "Libirio"}, "geometry": {"type": "Point", "coordinates": [-0.2444914, 5.5556737]}}, {"type": "Feature", "properties": {"stop_id": "SA5005192352", "name": "Dance Bar"}, "geometry": {"type": "Point", "coordinates": [-0.2147043, 5.566038]}}, {"type": "Feature", "properties": {"stop_id": "SA5005192353", "name": "Commercial Bank"}, "geometry": {"type": "Point", "coordinates": [-0.2152924, 5.5683543]}}, {"type": "Feature", "properties": {"stop_id": "SA5005192350", "name": "Railways"}, "geometry": {"type": "Point", "coordinates": [-0.2110048, 5.5522741]}}, {"type": "Feature", "properties": {"stop_id": "SA5005192351", "name": "Kingsway"}, "geometry": {"type": "Point", "coordinates": [-0.2112315, 5.553366]}}, {"type": "Feature", "properties": {"stop_id": "SA5040597017", "name": "Lomnava Last Stop"}, "geometry": {"type": "Point", "coordinates": [-0.2785844, 5.6358948]}}, {"type": "Feature", "properties": {"stop_id": "SA5040597016", "name": "Agenda"}, "geometry": {"type": "Point", "coordinates": [-0.2788107, 5.639606]}}, {"type": "Feature", "properties": {"stop_id": "SA5040597013", "name": "Lomnava"}, "geometry": {"type": "Point", "coordinates": [-0.2826545, 5.6400971]}}, {"type": "Feature", "properties": {"stop_id": "SA5041513173", "name": "Family Friend"}, "geometry": {"type": "Point", "coordinates": [-0.2732295, 5.6003628]}}, {"type": "Feature", "properties": {"stop_id": "4997071036", "name": "Roundabout"}, "geometry": {"type": "Point", "coordinates": [-0.2307918, 5.5728437]}}, {"type": "Feature", "properties": {"stop_id": "SA5095822093", "name": "Sowutuom"}, "geometry": {"type": "Point", "coordinates": [-0.2905494, 5.6311167]}}, {"type": "Feature", "properties": {"stop_id": "4997071034", "name": "St. Theresa's"}, "geometry": {"type": "Point", "coordinates": [-0.2282996, 5.5794518]}}, {"type": "Feature", "properties": {"stop_id": "4997071035", "name": "Kaneshie Polyclinic"}, "geometry": {"type": "Point", "coordinates": [-0.2306222, 5.5742537]}}, {"type": "Feature", "properties": {"stop_id": "SA5095822096", "name": "Masalaachi Sowutuom"}, "geometry": {"type": "Point", "coordinates": [-0.2853957, 5.626257]}}, {"type": "Feature", "properties": {"stop_id": "SA5095822097", "name": "Mystical Rose Int School Junction"}, "geometry": {"type": "Point", "coordinates": [-0.2744266, 5.6152467]}}, {"type": "Feature", "properties": {"stop_id": "4997071030", "name": "Suzzy's Inn"}, "geometry": {"type": "Point", "coordinates": [-0.2327094, 5.6107032]}}, {"type": "Feature", "properties": {"stop_id": "5040165402", "name": "Mamobi Market"}, "geometry": {"type": "Point", "coordinates": [-0.1947939, 5.5938906]}}, {"type": "Feature", "properties": {"stop_id": "5023043423", "name": "Tema Station Union of GPRTU"}, "geometry": {"type": "Point", "coordinates": [-0.2007546, 5.5487001]}}, {"type": "Feature", "properties": {"stop_id": "5023043422", "name": "Court"}, "geometry": {"type": "Point", "coordinates": [-0.20435, 5.5444356]}}, {"type": "Feature", "properties": {"stop_id": "SA5095822098", "name": "Pentecost"}, "geometry": {"type": "Point", "coordinates": [-0.2739806, 5.6137664]}}, {"type": "Feature", "properties": {"stop_id": "5036738898", "name": "Abavana"}, "geometry": {"type": "Point", "coordinates": [-0.2024678, 5.5944284]}}, {"type": "Feature", "properties": {"stop_id": "5040165401", "name": "Konka"}, "geometry": {"type": "Point", "coordinates": [-0.1948496, 5.5966652]}}, {"type": "Feature", "properties": {"stop_id": "5089149953", "name": "Total"}, "geometry": {"type": "Point", "coordinates": [-0.226392, 5.6078434]}}, {"type": "Feature", "properties": {"stop_id": "5008612823", "name": "Fusi Junction"}, "geometry": {"type": "Point", "coordinates": [-0.2921543, 5.6982008]}}, {"type": "Feature", "properties": {"stop_id": "SA4980974734", "name": "Asoredan ho"}, "geometry": {"type": "Point", "coordinates": [-0.2387208, 5.561402]}}, {"type": "Feature", "properties": {"stop_id": "4983237014", "name": "Ahenfie"}, "geometry": {"type": "Point", "coordinates": [-0.260941, 5.606501]}}, {"type": "Feature", "properties": {"stop_id": "5008612827", "name": "Amasaman"}, "geometry": {"type": "Point", "coordinates": [-0.2982925, 5.7055265]}}, {"type": "Feature", "properties": {"stop_id": "5008612824", "name": "Pokuase Junction"}, "geometry": {"type": "Point", "coordinates": [-0.281644, 5.6871806]}}, {"type": "Feature", "properties": {"stop_id": "5008612825", "name": "John Teye"}, "geometry": {"type": "Point", "coordinates": [-0.2711418, 5.6691212]}}, {"type": "Feature", "properties": {"stop_id": "SA5012401320", "name": "Signboard"}, "geometry": {"type": "Point", "coordinates": [-0.1050209, 5.6380887]}}, {"type": "Feature", "properties": {"stop_id": "5008691262", "name": "Tetegu"}, "geometry": {"type": "Point", "coordinates": [-0.3096742, 5.5539403]}}, {"type": "Feature", "properties": {"stop_id": "5036738895", "name": "Nkansah Gyan"}, "geometry": {"type": "Point", "coordinates": [-0.2062694, 5.5911473]}}, {"type": "Feature", "properties": {"stop_id": "4983237012", "name": "Tabora Number 3"}, "geometry": {"type": "Point", "coordinates": [-0.2586053, 5.6072264]}}, {"type": "Feature", "properties": {"stop_id": "5036738894", "name": "Five five"}, "geometry": {"type": "Point", "coordinates": [-0.2072625, 5.5897724]}}, {"type": "Feature", "properties": {"stop_id": "5040165405", "name": "Curve"}, "geometry": {"type": "Point", "coordinates": [-0.1971821, 5.5815185]}}, {"type": "Feature", "properties": {"stop_id": "4983237010", "name": "Lapaz Community Junction"}, "geometry": {"type": "Point", "coordinates": [-0.2549457, 5.606581]}}, {"type": "Feature", "properties": {"stop_id": "SA4972894711", "name": "Mallam Market"}, "geometry": {"type": "Point", "coordinates": [-0.2787566, 5.5739276]}}, {"type": "Feature", "properties": {"stop_id": "SA4992650308", "name": "Swanlake"}, "geometry": {"type": "Point", "coordinates": [-0.2317099, 5.5853024]}}, {"type": "Feature", "properties": {"stop_id": "SA4992650309", "name": "Green Hand"}, "geometry": {"type": "Point", "coordinates": [-0.2303616, 5.5819731]}}, {"type": "Feature", "properties": {"stop_id": "5036738891", "name": "Accra New Town (37 Station)"}, "geometry": {"type": "Point", "coordinates": [-0.2077006, 5.5867746]}}, {"type": "Feature", "properties": {"stop_id": "5036738890", "name": "Newtown Total"}, "geometry": {"type": "Point", "coordinates": [-0.2079115, 5.5857666]}}, {"type": "Feature", "properties": {"stop_id": "5119159351", "name": "Alajo Station"}, "geometry": {"type": "Point", "coordinates": [-0.2167876, 5.5955561]}}, {"type": "Feature", "properties": {"stop_id": "SA4992650307", "name": "Swanlake Last Stop"}, "geometry": {"type": "Point", "coordinates": [-0.2339909, 5.5840598]}}, {"type": "Feature", "properties": {"stop_id": "5005030177", "name": "Nima Police Station"}, "geometry": {"type": "Point", "coordinates": [-0.2007228, 5.5743983]}}, {"type": "Feature", "properties": {"stop_id": "5005030176", "name": "Commandos"}, "geometry": {"type": "Point", "coordinates": [-0.2045886, 5.5803082]}}, {"type": "Feature", "properties": {"stop_id": "4974193124", "name": "Sankara"}, "geometry": {"type": "Point", "coordinates": [-0.1912352, 5.5707147]}}, {"type": "Feature", "properties": {"stop_id": "4974193125", "name": "Ridge"}, "geometry": {"type": "Point", "coordinates": [-0.1966274, 5.5605037]}}, {"type": "Feature", "properties": {"stop_id": "5005030173", "name": "Curve"}, "geometry": {"type": "Point", "coordinates": [-0.2060519, 5.5865003]}}, {"type": "Feature", "properties": {"stop_id": "4974193123", "name": "37 Hospital"}, "geometry": {"type": "Point", "coordinates": [-0.1831067, 5.587623]}}, {"type": "Feature", "properties": {"stop_id": "5005030171", "name": "Five Five"}, "geometry": {"type": "Point", "coordinates": [-0.2072405, 5.5896396]}}, {"type": "Feature", "properties": {"stop_id": "5005030170", "name": "Nkansah Gyan"}, "geometry": {"type": "Point", "coordinates": [-0.2064931, 5.5908254]}}, {"type": "Feature", "properties": {"stop_id": "5025776032", "name": "Children's Park First"}, "geometry": {"type": "Point", "coordinates": [-0.1984362, 5.5580075]}}, {"type": "Feature", "properties": {"stop_id": "5025776031", "name": "Novotel"}, "geometry": {"type": "Point", "coordinates": [-0.2019673, 5.5533978]}}, {"type": "Feature", "properties": {"stop_id": "5025776030", "name": "Graphic"}, "geometry": {"type": "Point", "coordinates": [-0.2197027, 5.5555071]}}, {"type": "Feature", "properties": {"stop_id": "5005030179", "name": "Tigo Office"}, "geometry": {"type": "Point", "coordinates": [-0.2055652, 5.5581904]}}, {"type": "Feature", "properties": {"stop_id": "5005030178", "name": "Cathedral"}, "geometry": {"type": "Point", "coordinates": [-0.206154, 5.5635738]}}, {"type": "Feature", "properties": {"stop_id": "5058537146", "name": "New Fadama"}, "geometry": {"type": "Point", "coordinates": [-0.2481258, 5.5999896]}}, {"type": "Feature", "properties": {"stop_id": "SA5122910516", "name": "Fatale"}, "geometry": {"type": "Point", "coordinates": [-0.2237364, 5.5578234]}}, {"type": "Feature", "properties": {"stop_id": "5064916988", "name": "Airport Junction"}, "geometry": {"type": "Point", "coordinates": [-0.1782719, 5.6226115]}}, {"type": "Feature", "properties": {"stop_id": "5021998662", "name": "Dome Pillar 2"}, "geometry": {"type": "Point", "coordinates": [-0.2167042, 5.6531692]}}, {"type": "Feature", "properties": {"stop_id": "4983237018", "name": "Attah Junction"}, "geometry": {"type": "Point", "coordinates": [-0.2653242, 5.6102493]}}, {"type": "Feature", "properties": {"stop_id": "5004961001", "name": "Police Headquarters"}, "geometry": {"type": "Point", "coordinates": [-0.1872735, 5.5703034]}}, {"type": "Feature", "properties": {"stop_id": "5027186817", "name": "Agege"}, "geometry": {"type": "Point", "coordinates": [-0.2551931, 5.5317228]}}, {"type": "Feature", "properties": {"stop_id": "SA5034072897", "name": "Railway"}, "geometry": {"type": "Point", "coordinates": [-0.2081505, 5.6078213]}}, {"type": "Feature", "properties": {"stop_id": "5030650718", "name": "Nima Station"}, "geometry": {"type": "Point", "coordinates": [-0.1987504, 5.5815074]}}, {"type": "Feature", "properties": {"stop_id": "SA5030747571", "name": "School Junction"}, "geometry": {"type": "Point", "coordinates": [-0.1841419, 5.6155257]}}, {"type": "Feature", "properties": {"stop_id": "5030650716", "name": "Jack and Jill"}, "geometry": {"type": "Point", "coordinates": [-0.1897591, 5.6019885]}}, {"type": "Feature", "properties": {"stop_id": "5030650715", "name": "Nyaho"}, "geometry": {"type": "Point", "coordinates": [-0.1850166, 5.6148991]}}, {"type": "Feature", "properties": {"stop_id": "SA5034072898", "name": "Forestry"}, "geometry": {"type": "Point", "coordinates": [-0.2159547, 5.6173255]}}, {"type": "Feature", "properties": {"stop_id": "5119159349", "name": "Maamobi"}, "geometry": {"type": "Point", "coordinates": [-0.1987842, 5.5900425]}}, {"type": "Feature", "properties": {"stop_id": "SA5102717948", "name": "Ama Mensah"}, "geometry": {"type": "Point", "coordinates": [-0.230029, 5.5288825]}}, {"type": "Feature", "properties": {"stop_id": "5027186818", "name": "Opetekwei"}, "geometry": {"type": "Point", "coordinates": [-0.2736525, 5.5276577]}}, {"type": "Feature", "properties": {"stop_id": "SA5000996590", "name": "Asoredanho Curve"}, "geometry": {"type": "Point", "coordinates": [-0.257634, 5.5675754]}}, {"type": "Feature", "properties": {"stop_id": "5004960999", "name": "Danquah"}, "geometry": {"type": "Point", "coordinates": [-0.1825848, 5.566987]}}, {"type": "Feature", "properties": {"stop_id": "5030857588", "name": "Darkuman Junction"}, "geometry": {"type": "Point", "coordinates": [-0.2545564, 5.5775541]}}, {"type": "Feature", "properties": {"stop_id": "SA5024785670", "name": "Mental"}, "geometry": {"type": "Point", "coordinates": [-0.2045667, 5.5626314]}}, {"type": "Feature", "properties": {"stop_id": "5023708439", "name": "Kaneshie Roundabout"}, "geometry": {"type": "Point", "coordinates": [-0.2279677, 5.5604129]}}, {"type": "Feature", "properties": {"stop_id": "5064974029", "name": "Adjiringanor Last stop"}, "geometry": {"type": "Point", "coordinates": [-0.1250826, 5.6770518]}}, {"type": "Feature", "properties": {"stop_id": "4995193052", "name": "Roundabout"}, "geometry": {"type": "Point", "coordinates": [-0.2311539, 5.572067]}}, {"type": "Feature", "properties": {"stop_id": "SA4983237008", "name": "Lapaz Station"}, "geometry": {"type": "Point", "coordinates": [-0.249778, 5.6080792]}}, {"type": "Feature", "properties": {"stop_id": "SA4983237009", "name": "Lapaz Last stop"}, "geometry": {"type": "Point", "coordinates": [-0.2508921, 5.6094963]}}, {"type": "Feature", "properties": {"stop_id": "SA5084325672", "name": "Nii Bortey"}, "geometry": {"type": "Point", "coordinates": [-0.2896446, 5.596397]}}, {"type": "Feature", "properties": {"stop_id": "5043507713", "name": "Abeka Lapaz"}, "geometry": {"type": "Point", "coordinates": [-0.2480829, 5.6067819]}}, {"type": "Feature", "properties": {"stop_id": "4990252728", "name": "Presby Junction"}, "geometry": {"type": "Point", "coordinates": [-0.2429117, 5.6330591]}}, {"type": "Feature", "properties": {"stop_id": "4990252729", "name": "Mile 7 Park"}, "geometry": {"type": "Point", "coordinates": [-0.2441669, 5.6322471]}}, {"type": "Feature", "properties": {"stop_id": "5125226939", "name": "Achimota New Station"}, "geometry": {"type": "Point", "coordinates": [-0.225901, 5.6219491]}}, {"type": "Feature", "properties": {"stop_id": "4990252721", "name": "Dome Old Station"}, "geometry": {"type": "Point", "coordinates": [-0.2374285, 5.6516641]}}, {"type": "Feature", "properties": {"stop_id": "4990252722", "name": "Dome Crossing"}, "geometry": {"type": "Point", "coordinates": [-0.2365271, 5.6471683]}}, {"type": "Feature", "properties": {"stop_id": "4990252723", "name": "Adehyeman"}, "geometry": {"type": "Point", "coordinates": [-0.2370387, 5.6455626]}}, {"type": "Feature", "properties": {"stop_id": "4990252724", "name": "Dome Market"}, "geometry": {"type": "Point", "coordinates": [-0.2381963, 5.642888]}}, {"type": "Feature", "properties": {"stop_id": "4990252725", "name": "Achimota Mall"}, "geometry": {"type": "Point", "coordinates": [-0.2414716, 5.6373745]}}, {"type": "Feature", "properties": {"stop_id": "4990252726", "name": "Best Point"}, "geometry": {"type": "Point", "coordinates": [-0.2401984, 5.6353158]}}, {"type": "Feature", "properties": {"stop_id": "4990252727", "name": "Mile 7 Junction"}, "geometry": {"type": "Point", "coordinates": [-0.2409738, 5.6342088]}}, {"type": "Feature", "properties": {"stop_id": "SA5026060289", "name": "Frankies"}, "geometry": {"type": "Point", "coordinates": [-0.1819706, 5.5610865]}}, {"type": "Feature", "properties": {"stop_id": "SA5026060288", "name": "Shell"}, "geometry": {"type": "Point", "coordinates": [-0.1824081, 5.5582989]}}, {"type": "Feature", "properties": {"stop_id": "SA4997066319", "name": "SDA"}, "geometry": {"type": "Point", "coordinates": [-0.1715723, 5.6966811]}}, {"type": "Feature", "properties": {"stop_id": "5047108310", "name": "East Legon"}, "geometry": {"type": "Point", "coordinates": [-0.150772, 5.6483193]}}, {"type": "Feature", "properties": {"stop_id": "3676894839", "name": "Site 20"}, "geometry": {"type": "Point", "coordinates": [0.0022573, 5.6474365]}}, {"type": "Feature", "properties": {"stop_id": "5045353359", "name": "School Junction"}, "geometry": {"type": "Point", "coordinates": [-0.2446172, 5.5467826]}}, {"type": "Feature", "properties": {"stop_id": "SA4997066317", "name": "Adenta Station"}, "geometry": {"type": "Point", "coordinates": [-0.1656149, 5.7060932]}}, {"type": "Feature", "properties": {"stop_id": "SA5026060287", "name": "Traffic Light"}, "geometry": {"type": "Point", "coordinates": [-0.1850427, 5.5532313]}}, {"type": "Feature", "properties": {"stop_id": "SA5026060286", "name": "E. C. Quaye Road"}, "geometry": {"type": "Point", "coordinates": [-0.2064297, 5.5443406]}}, {"type": "Feature", "properties": {"stop_id": "5035473846", "name": "Presby"}, "geometry": {"type": "Point", "coordinates": [-0.2333187, 5.5750403]}}, {"type": "Feature", "properties": {"stop_id": "SA4994958923", "name": "Mr. Biggs"}, "geometry": {"type": "Point", "coordinates": [-0.2133534, 5.5677653]}}, {"type": "Feature", "properties": {"stop_id": "SA4994958921", "name": "Fitting Shop"}, "geometry": {"type": "Point", "coordinates": [-0.2261722, 5.599276]}}, {"type": "Feature", "properties": {"stop_id": "SA4994958927", "name": "Accra Poly"}, "geometry": {"type": "Point", "coordinates": [-0.20843, 5.5534864]}}, {"type": "Feature", "properties": {"stop_id": "SA4994958926", "name": "Starlite"}, "geometry": {"type": "Point", "coordinates": [-0.2090847, 5.5559622]}}, {"type": "Feature", "properties": {"stop_id": "SA4994958925", "name": "Champion"}, "geometry": {"type": "Point", "coordinates": [-0.209378, 5.5572353]}}, {"type": "Feature", "properties": {"stop_id": "SA5113124904", "name": "1st Curve"}, "geometry": {"type": "Point", "coordinates": [-0.2105739, 5.6420465]}}, {"type": "Feature", "properties": {"stop_id": "SA5115955262", "name": "Toll Booth"}, "geometry": {"type": "Point", "coordinates": [-0.1438361, 5.6344534]}}, {"type": "Feature", "properties": {"stop_id": "SA5115955264", "name": "National Service"}, "geometry": {"type": "Point", "coordinates": [-0.1831346, 5.6096595]}}, {"type": "Feature", "properties": {"stop_id": "SA5113124901", "name": "Blue Kiosk"}, "geometry": {"type": "Point", "coordinates": [-0.2104242, 5.6475399]}}, {"type": "Feature", "properties": {"stop_id": "SA5023802905", "name": "Add a name to the stop with JungleBus app"}, "geometry": {"type": "Point", "coordinates": [-0.2517039, 5.5834631]}}, {"type": "Feature", "properties": {"stop_id": "SA5023802907", "name": "Circle Station"}, "geometry": {"type": "Point", "coordinates": [-0.251954, 5.5902909]}}, {"type": "Feature", "properties": {"stop_id": "5083477304", "name": "Korle beach resort junction"}, "geometry": {"type": "Point", "coordinates": [-0.2276452, 5.529311]}}, {"type": "Feature", "properties": {"stop_id": "5083477303", "name": "Accra Royal"}, "geometry": {"type": "Point", "coordinates": [-0.2147935, 5.5354945]}}, {"type": "Feature", "properties": {"stop_id": "5052100023", "name": "Accra Post Office"}, "geometry": {"type": "Point", "coordinates": [-0.2097732, 5.5419766]}}, {"type": "Feature", "properties": {"stop_id": "5083477301", "name": "Palledium"}, "geometry": {"type": "Point", "coordinates": [-0.2154358, 5.5416013]}}, {"type": "Feature", "properties": {"stop_id": "5023072584", "name": "Rainbow"}, "geometry": {"type": "Point", "coordinates": [-0.2400603, 5.5339757]}}, {"type": "Feature", "properties": {"stop_id": "5023072585", "name": "Abodwe"}, "geometry": {"type": "Point", "coordinates": [-0.2423192, 5.5346365]}}, {"type": "Feature", "properties": {"stop_id": "5023072586", "name": "IBE"}, "geometry": {"type": "Point", "coordinates": [-0.2473816, 5.539031]}}, {"type": "Feature", "properties": {"stop_id": "5023072587", "name": "Abodoo Bridge"}, "geometry": {"type": "Point", "coordinates": [-0.2511376, 5.5396514]}}, {"type": "Feature", "properties": {"stop_id": "5023072580", "name": "Accra Bishop"}, "geometry": {"type": "Point", "coordinates": [-0.204513, 5.5439312]}}, {"type": "Feature", "properties": {"stop_id": "5120474814", "name": "Achimota New Station"}, "geometry": {"type": "Point", "coordinates": [-0.2235599, 5.6209176]}}, {"type": "Feature", "properties": {"stop_id": "SA5025202271", "name": "Soko"}, "geometry": {"type": "Point", "coordinates": [-0.2524844, 5.5451638]}}, {"type": "Feature", "properties": {"stop_id": "SA5025202270", "name": "Akoto Lante"}, "geometry": {"type": "Point", "coordinates": [-0.2131227, 5.5388694]}}, {"type": "Feature", "properties": {"stop_id": "5035473848", "name": "Washingbay"}, "geometry": {"type": "Point", "coordinates": [-0.2395381, 5.5862349]}}, {"type": "Feature", "properties": {"stop_id": "5035412454", "name": "Accra"}, "geometry": {"type": "Point", "coordinates": [-0.2140185, 5.552383]}}, {"type": "Feature", "properties": {"stop_id": "SA5030747566", "name": "High Flow"}, "geometry": {"type": "Point", "coordinates": [-0.186271, 5.61024]}}, {"type": "Feature", "properties": {"stop_id": "SA5009980412", "name": "Sapeiman"}, "geometry": {"type": "Point", "coordinates": [-0.3113924, 5.7257431]}}, {"type": "Feature", "properties": {"stop_id": "4998106217", "name": "NDC"}, "geometry": {"type": "Point", "coordinates": [-0.2128873, 5.5792706]}}, {"type": "Feature", "properties": {"stop_id": "SA2026403679", "name": "Agege Last Stop"}, "geometry": {"type": "Point", "coordinates": [-0.2639939, 5.5293198]}}, {"type": "Feature", "properties": {"stop_id": "5035412451", "name": "Alhadji"}, "geometry": {"type": "Point", "coordinates": [-0.2389863, 5.5846894]}}, {"type": "Feature", "properties": {"stop_id": "5045353352", "name": "Soko Junction"}, "geometry": {"type": "Point", "coordinates": [-0.2489086, 5.5452074]}}, {"type": "Feature", "properties": {"stop_id": "4995193048", "name": "Old Stop"}, "geometry": {"type": "Point", "coordinates": [-0.2328982, 5.5877115]}}, {"type": "Feature", "properties": {"stop_id": "4150793106", "name": "Spanner"}, "geometry": {"type": "Point", "coordinates": [-0.1761345, 5.6204153]}}, {"type": "Feature", "properties": {"stop_id": "5035412450", "name": "Washing Bay"}, "geometry": {"type": "Point", "coordinates": [-0.2395313, 5.586302]}}, {"type": "Feature", "properties": {"stop_id": "SA5000179124", "name": "Dansoman Control"}, "geometry": {"type": "Point", "coordinates": [-0.2645437, 5.5459695]}}, {"type": "Feature", "properties": {"stop_id": "SA5054694251", "name": "Olympia"}, "geometry": {"type": "Point", "coordinates": [-0.158709, 5.5578802]}}, {"type": "Feature", "properties": {"stop_id": "SA5082971645", "name": "Palledium"}, "geometry": {"type": "Point", "coordinates": [-0.2156498, 5.5420116]}}, {"type": "Feature", "properties": {"stop_id": "5035412452", "name": "Presby"}, "geometry": {"type": "Point", "coordinates": [-0.2329899, 5.574691]}}, {"type": "Feature", "properties": {"stop_id": "SA5040597424", "name": "Israel Junction"}, "geometry": {"type": "Point", "coordinates": [-0.2638615, 5.6308505]}}, {"type": "Feature", "properties": {"stop_id": "SA5000179122", "name": "Beecham"}, "geometry": {"type": "Point", "coordinates": [-0.264496, 5.5523658]}}, {"type": "Feature", "properties": {"stop_id": "5004847997", "name": "Sankara"}, "geometry": {"type": "Point", "coordinates": [-0.1912203, 5.5727986]}}, {"type": "Feature", "properties": {"stop_id": "SA5040597425", "name": "Alhaji Station"}, "geometry": {"type": "Point", "coordinates": [-0.2617423, 5.6282898]}}, {"type": "Feature", "properties": {"stop_id": "SA5022509209", "name": "Banana Inn Transformer"}, "geometry": {"type": "Point", "coordinates": [-0.2532018, 5.5408294]}}, {"type": "Feature", "properties": {"stop_id": "SA5022509208", "name": "St.Marys"}, "geometry": {"type": "Point", "coordinates": [-0.2490921, 5.5386984]}}, {"type": "Feature", "properties": {"stop_id": "5045437549", "name": "A.M.A"}, "geometry": {"type": "Point", "coordinates": [-0.2362923, 5.5754828]}}, {"type": "Feature", "properties": {"stop_id": "5045437548", "name": "Paradise"}, "geometry": {"type": "Point", "coordinates": [-0.2393714, 5.5860981]}}, {"type": "Feature", "properties": {"stop_id": "SA5028241071", "name": "Zodiac"}, "geometry": {"type": "Point", "coordinates": [-0.2622763, 5.5601563]}}, {"type": "Feature", "properties": {"stop_id": "SA5040597422", "name": "Isreal Station"}, "geometry": {"type": "Point", "coordinates": [-0.2690475, 5.6311823]}}, {"type": "Feature", "properties": {"stop_id": "5045437545", "name": "Afropa"}, "geometry": {"type": "Point", "coordinates": [-0.2451932, 5.5901138]}}, {"type": "Feature", "properties": {"stop_id": "SA5022509206", "name": "Mamprobi Methodist"}, "geometry": {"type": "Point", "coordinates": [-0.2438564, 5.535064]}}, {"type": "Feature", "properties": {"stop_id": "SA4990163125", "name": "Circle Overhead"}, "geometry": {"type": "Point", "coordinates": [-0.2139913, 5.5701413]}}, {"type": "Feature", "properties": {"stop_id": "SA5022509200", "name": "Agbado"}, "geometry": {"type": "Point", "coordinates": [-0.2158582, 5.5386122]}}, {"type": "Feature", "properties": {"stop_id": "SA5022509203", "name": "Total"}, "geometry": {"type": "Point", "coordinates": [-0.2288497, 5.5356219]}}, {"type": "Feature", "properties": {"stop_id": "5084325659", "name": "Ablekuma Block Factory"}, "geometry": {"type": "Point", "coordinates": [-0.3244384, 5.6322668]}}, {"type": "Feature", "properties": {"stop_id": "SA4995054813", "name": "Aquinas"}, "geometry": {"type": "Point", "coordinates": [-0.1794401, 5.5743025]}}, {"type": "Feature", "properties": {"stop_id": "SA4286137016", "name": "St. Johns"}, "geometry": {"type": "Point", "coordinates": [-0.2424338, 5.6388495]}}, {"type": "Feature", "properties": {"stop_id": "5030423318", "name": "Beduwa"}, "geometry": {"type": "Point", "coordinates": [-0.1611693, 5.6425178]}}, {"type": "Feature", "properties": {"stop_id": "SA5025335724", "name": "Camara"}, "geometry": {"type": "Point", "coordinates": [-0.2568237, 5.5370903]}}, {"type": "Feature", "properties": {"stop_id": "SA4997066318", "name": "Goil Filling Station"}, "geometry": {"type": "Point", "coordinates": [-0.1716013, 5.7000568]}}, {"type": "Feature", "properties": {"stop_id": "SA5040597421", "name": "Lomnava First Curve"}, "geometry": {"type": "Point", "coordinates": [-0.2714589, 5.631602]}}, {"type": "Feature", "properties": {"stop_id": "4999883666", "name": "Akoko Darko Junction"}, "geometry": {"type": "Point", "coordinates": [-0.2156386, 5.5851589]}}, {"type": "Feature", "properties": {"stop_id": "SA4982950473", "name": "Accra Girls"}, "geometry": {"type": "Point", "coordinates": [-0.1934691, 5.5982415]}}, {"type": "Feature", "properties": {"stop_id": "3073421167", "name": "Dzorwulu Junction"}, "geometry": {"type": "Point", "coordinates": [-0.1944473, 5.6173445]}}, {"type": "Feature", "properties": {"stop_id": "5084325655", "name": "Waakye"}, "geometry": {"type": "Point", "coordinates": [-0.3322688, 5.6386292]}}, {"type": "Feature", "properties": {"stop_id": "4400503928", "name": "Palm Wine"}, "geometry": {"type": "Point", "coordinates": [-0.1525381, 5.5764716]}}, {"type": "Feature", "properties": {"stop_id": "SA3676894848", "name": "Community 4"}, "geometry": {"type": "Point", "coordinates": [-0.0035486, 5.6580141]}}, {"type": "Feature", "properties": {"stop_id": "SA5084325674", "name": "Rana motors"}, "geometry": {"type": "Point", "coordinates": [-0.2244496, 5.5585234]}}, {"type": "Feature", "properties": {"stop_id": "5036505671", "name": "Westlands junction"}, "geometry": {"type": "Point", "coordinates": [-0.2097508, 5.6502525]}}, {"type": "Feature", "properties": {"stop_id": "4990163125", "name": "Circle Overhead"}, "geometry": {"type": "Point", "coordinates": [-0.2139913, 5.5701413]}}, {"type": "Feature", "properties": {"stop_id": "4990163124", "name": "Circle"}, "geometry": {"type": "Point", "coordinates": [-0.2158739, 5.5714604]}}, {"type": "Feature", "properties": {"stop_id": "SA5084325670", "name": "Academy"}, "geometry": {"type": "Point", "coordinates": [-0.2951326, 5.6059551]}}, {"type": "Feature", "properties": {"stop_id": "4990163122", "name": "Caprice"}, "geometry": {"type": "Point", "coordinates": [-0.2166779, 5.5825335]}}, {"type": "Feature", "properties": {"stop_id": "4990163121", "name": "Alajo"}, "geometry": {"type": "Point", "coordinates": [-0.2183032, 5.5909137]}}, {"type": "Feature", "properties": {"stop_id": "SA5084325673", "name": "Calvary"}, "geometry": {"type": "Point", "coordinates": [-0.2885705, 5.5935559]}}, {"type": "Feature", "properties": {"stop_id": "5026151278", "name": "St. Theresa's"}, "geometry": {"type": "Point", "coordinates": [-0.2283104, 5.5793684]}}, {"type": "Feature", "properties": {"stop_id": "SA5022982310", "name": "Antie-Eku Pallas Town"}, "geometry": {"type": "Point", "coordinates": [-0.2847954, 5.6126691]}}, {"type": "Feature", "properties": {"stop_id": "5024320803", "name": "Pokuase Junction"}, "geometry": {"type": "Point", "coordinates": [-0.2813242, 5.6873361]}}, {"type": "Feature", "properties": {"stop_id": "5051604065", "name": "Sakaman"}, "geometry": {"type": "Point", "coordinates": [-0.2740368, 5.5749275]}}, {"type": "Feature", "properties": {"stop_id": "5051604064", "name": "Awoshie"}, "geometry": {"type": "Point", "coordinates": [-0.2734534, 5.584756]}}, {"type": "Feature", "properties": {"stop_id": "4990162111", "name": "Abeka Post Office"}, "geometry": {"type": "Point", "coordinates": [-0.2435927, 5.6039005]}}, {"type": "Feature", "properties": {"stop_id": "SA4994619136", "name": "Abelenkpe Curve"}, "geometry": {"type": "Point", "coordinates": [-0.2157098, 5.607529]}}, {"type": "Feature", "properties": {"stop_id": "5022185720", "name": "SSNIT Flats"}, "geometry": {"type": "Point", "coordinates": [-0.2732443, 5.5633137]}}, {"type": "Feature", "properties": {"stop_id": "5083501064", "name": "Tea Garden"}, "geometry": {"type": "Point", "coordinates": [-0.2416824, 5.526985]}}, {"type": "Feature", "properties": {"stop_id": "SA5084834971", "name": "Omanjor"}, "geometry": {"type": "Point", "coordinates": [-0.2965767, 5.6386133]}}, {"type": "Feature", "properties": {"stop_id": "5105027556", "name": "Academy"}, "geometry": {"type": "Point", "coordinates": [-0.2711852, 5.5291558]}}, {"type": "Feature", "properties": {"stop_id": "5083501067", "name": "Accra Royal"}, "geometry": {"type": "Point", "coordinates": [-0.2149929, 5.5354688]}}, {"type": "Feature", "properties": {"stop_id": "5083501068", "name": "Jamestown Police Station"}, "geometry": {"type": "Point", "coordinates": [-0.2135751, 5.536136]}}, {"type": "Feature", "properties": {"stop_id": "5045157926", "name": "School Junction"}, "geometry": {"type": "Point", "coordinates": [-0.2288011, 5.5676914]}}, {"type": "Feature", "properties": {"stop_id": "SA5008553424", "name": "CP"}, "geometry": {"type": "Point", "coordinates": [-0.2118865, 5.6157442]}}, {"type": "Feature", "properties": {"stop_id": "SA5024136437", "name": "New life"}, "geometry": {"type": "Point", "coordinates": [-0.1500602, 5.5663582]}}, {"type": "Feature", "properties": {"stop_id": "SA4990644969", "name": "Parakuo"}, "geometry": {"type": "Point", "coordinates": [-0.073187, 5.6233422]}}, {"type": "Feature", "properties": {"stop_id": "5045157927", "name": "Transport"}, "geometry": {"type": "Point", "coordinates": [-0.2254852, 5.566357]}}, {"type": "Feature", "properties": {"stop_id": "SA4980974768", "name": "Mamprobi Shell"}, "geometry": {"type": "Point", "coordinates": [-0.2375607, 5.5335068]}}, {"type": "Feature", "properties": {"stop_id": "SA5004961000", "name": "Fire Service"}, "geometry": {"type": "Point", "coordinates": [-0.1854365, 5.569301]}}, {"type": "Feature", "properties": {"stop_id": "SA4740682127", "name": "Weija Barrier"}, "geometry": {"type": "Point", "coordinates": [-0.3292343, 5.5511501]}}, {"type": "Feature", "properties": {"stop_id": "5021041721", "name": "Phobia"}, "geometry": {"type": "Point", "coordinates": [-0.2714869, 5.6588532]}}, {"type": "Feature", "properties": {"stop_id": "5021041722", "name": "Asofan Old Station"}, "geometry": {"type": "Point", "coordinates": [-0.2860496, 5.6539463]}}, {"type": "Feature", "properties": {"stop_id": "5021041723", "name": "Jojo Water"}, "geometry": {"type": "Point", "coordinates": [-0.2848142, 5.6507771]}}, {"type": "Feature", "properties": {"stop_id": "SA4990644967", "name": "Sakumono"}, "geometry": {"type": "Point", "coordinates": [-0.0694091, 5.6226239]}}, {"type": "Feature", "properties": {"stop_id": "2815791263", "name": "Nyamekye"}, "geometry": {"type": "Point", "coordinates": [-0.256375, 5.6028962]}}, {"type": "Feature", "properties": {"stop_id": "SA5049651137", "name": "Ashongman"}, "geometry": {"type": "Point", "coordinates": [-0.2166703, 5.5742577]}}, {"type": "Feature", "properties": {"stop_id": "4974194650", "name": "Shangrila"}, "geometry": {"type": "Point", "coordinates": [-0.1760971, 5.6160691]}}, {"type": "Feature", "properties": {"stop_id": "SA5026172579", "name": "Alliance"}, "geometry": {"type": "Point", "coordinates": [-0.1759377, 5.5979817]}}, {"type": "Feature", "properties": {"stop_id": "SA5127360604", "name": "Teshie Rasta Road"}, "geometry": {"type": "Point", "coordinates": [-0.1310071, 5.5899072]}}, {"type": "Feature", "properties": {"stop_id": "5022509203", "name": "Total"}, "geometry": {"type": "Point", "coordinates": [-0.2288497, 5.5356219]}}, {"type": "Feature", "properties": {"stop_id": "4997374746", "name": "Opeibea Second"}, "geometry": {"type": "Point", "coordinates": [-0.1801215, 5.5952582]}}, {"type": "Feature", "properties": {"stop_id": "5041550700", "name": "Santa Maria"}, "geometry": {"type": "Point", "coordinates": [-0.2758197, 5.6057173]}}, {"type": "Feature", "properties": {"stop_id": "5040165386", "name": "Mangoase"}, "geometry": {"type": "Point", "coordinates": [-0.1786553, 5.6172571]}}, {"type": "Feature", "properties": {"stop_id": "5040165387", "name": "Container Second"}, "geometry": {"type": "Point", "coordinates": [-0.1820357, 5.6168167]}}, {"type": "Feature", "properties": {"stop_id": "4997374742", "name": "TV3"}, "geometry": {"type": "Point", "coordinates": [-0.1896684, 5.5763199]}}, {"type": "Feature", "properties": {"stop_id": "4997374743", "name": "Flagstaff House"}, "geometry": {"type": "Point", "coordinates": [-0.1881095, 5.5763685]}}, {"type": "Feature", "properties": {"stop_id": "4997374740", "name": "Nima Police Station"}, "geometry": {"type": "Point", "coordinates": [-0.2007878, 5.5742089]}}, {"type": "Feature", "properties": {"stop_id": "4997374741", "name": "Mobil"}, "geometry": {"type": "Point", "coordinates": [-0.1975167, 5.5741271]}}, {"type": "Feature", "properties": {"stop_id": "SA5064890130", "name": "Coca-Cola / Police Station"}, "geometry": {"type": "Point", "coordinates": [-0.1055212, 5.6499864]}}, {"type": "Feature", "properties": {"stop_id": "SA5064890132", "name": "Action Chapel"}, "geometry": {"type": "Point", "coordinates": [-0.1657708, 5.6263623]}}, {"type": "Feature", "properties": {"stop_id": "5040165388", "name": "Container First"}, "geometry": {"type": "Point", "coordinates": [-0.1829995, 5.6161708]}}, {"type": "Feature", "properties": {"stop_id": "5040165389", "name": "School Junction"}, "geometry": {"type": "Point", "coordinates": [-0.1841602, 5.6154609]}}, {"type": "Feature", "properties": {"stop_id": "4997374748", "name": "Legon Second Gate"}, "geometry": {"type": "Point", "coordinates": [-0.1774611, 5.6357626]}}, {"type": "Feature", "properties": {"stop_id": "5043547849", "name": "Chokor/ Chemuna"}, "geometry": {"type": "Point", "coordinates": [-0.2504633, 5.5262464]}}, {"type": "Feature", "properties": {"stop_id": "5047423646", "name": "Glefe Station Last Stop"}, "geometry": {"type": "Point", "coordinates": [-0.2736929, 5.5221444]}}, {"type": "Feature", "properties": {"stop_id": "5047423645", "name": "Assemblies"}, "geometry": {"type": "Point", "coordinates": [-0.2689547, 5.5269908]}}, {"type": "Feature", "properties": {"stop_id": "5047423644", "name": "Curve"}, "geometry": {"type": "Point", "coordinates": [-0.2679239, 5.5276423]}}, {"type": "Feature", "properties": {"stop_id": "5047423643", "name": "Last stop"}, "geometry": {"type": "Point", "coordinates": [-0.2651188, 5.5282421]}}, {"type": "Feature", "properties": {"stop_id": "5047423642", "name": "Karikari"}, "geometry": {"type": "Point", "coordinates": [-0.2612314, 5.5310472]}}, {"type": "Feature", "properties": {"stop_id": "5047423641", "name": "Zone 6"}, "geometry": {"type": "Point", "coordinates": [-0.2577058, 5.531367]}}, {"type": "Feature", "properties": {"stop_id": "5024569725", "name": "Vulcanizer"}, "geometry": {"type": "Point", "coordinates": [-0.2507324, 5.6379909]}}, {"type": "Feature", "properties": {"stop_id": "5045157928", "name": "Times"}, "geometry": {"type": "Point", "coordinates": [-0.2246004, 5.5662445]}}, {"type": "Feature", "properties": {"stop_id": "5064974048", "name": "Achimota Forest"}, "geometry": {"type": "Point", "coordinates": [-0.2185736, 5.6207628]}}, {"type": "Feature", "properties": {"stop_id": "5092806451", "name": "Sadisco"}, "geometry": {"type": "Point", "coordinates": [-0.2134912, 5.5756917]}}, {"type": "Feature", "properties": {"stop_id": "5047423649", "name": "Glefe Station"}, "geometry": {"type": "Point", "coordinates": [-0.2737437, 5.5216398]}}, {"type": "Feature", "properties": {"stop_id": "5092806452", "name": "Abelenkpe Fire Station"}, "geometry": {"type": "Point", "coordinates": [-0.212166, 5.6092978]}}, {"type": "Feature", "properties": {"stop_id": "5005030168", "name": "Tobinco Junction"}, "geometry": {"type": "Point", "coordinates": [-0.2062882, 5.5933223]}}, {"type": "Feature", "properties": {"stop_id": "4983237009", "name": "Lapaz Last stop"}, "geometry": {"type": "Point", "coordinates": [-0.2508921, 5.6094963]}}, {"type": "Feature", "properties": {"stop_id": "SA4990423833", "name": "MTN"}, "geometry": {"type": "Point", "coordinates": [-0.2457398, 5.6094268]}}, {"type": "Feature", "properties": {"stop_id": "SA4990423834", "name": "Container"}, "geometry": {"type": "Point", "coordinates": [-0.2450317, 5.612947]}}, {"type": "Feature", "properties": {"stop_id": "SA4990423835", "name": "Nii Boi Station"}, "geometry": {"type": "Point", "coordinates": [-0.2452452, 5.6137295]}}, {"type": "Feature", "properties": {"stop_id": "5064189139", "name": "Rush"}, "geometry": {"type": "Point", "coordinates": [-0.3452904, 5.7479435]}}, {"type": "Feature", "properties": {"stop_id": "5005030169", "name": "Taxi Rank"}, "geometry": {"type": "Point", "coordinates": [-0.2054596, 5.5919778]}}, {"type": "Feature", "properties": {"stop_id": "5064189137", "name": "Bridge"}, "geometry": {"type": "Point", "coordinates": [-0.331826, 5.7570227]}}, {"type": "Feature", "properties": {"stop_id": "5064189136", "name": "Voltic"}, "geometry": {"type": "Point", "coordinates": [-0.3295392, 5.7586082]}}, {"type": "Feature", "properties": {"stop_id": "5064189135", "name": "Container"}, "geometry": {"type": "Point", "coordinates": [-0.3150312, 5.7384707]}}, {"type": "Feature", "properties": {"stop_id": "5064189134", "name": "Pobiman"}, "geometry": {"type": "Point", "coordinates": [-0.3141809, 5.7354231]}}, {"type": "Feature", "properties": {"stop_id": "5043547846", "name": "Lantemame"}, "geometry": {"type": "Point", "coordinates": [-0.2459136, 5.5266297]}}, {"type": "Feature", "properties": {"stop_id": "SA5022185720", "name": "SSNIT Flats"}, "geometry": {"type": "Point", "coordinates": [-0.2732443, 5.5633137]}}, {"type": "Feature", "properties": {"stop_id": "SA4977886631", "name": "Opeibea Second"}, "geometry": {"type": "Point", "coordinates": [-0.1786398, 5.6007053]}}, {"type": "Feature", "properties": {"stop_id": "SA5040133316", "name": "Nima Junction"}, "geometry": {"type": "Point", "coordinates": [-0.2013688, 5.5731764]}}, {"type": "Feature", "properties": {"stop_id": "SA5040133317", "name": "Konka Curve"}, "geometry": {"type": "Point", "coordinates": [-0.19384, 5.5957258]}}, {"type": "Feature", "properties": {"stop_id": "SA5064405319", "name": "Agbogbloshie"}, "geometry": {"type": "Point", "coordinates": [-0.2261222, 5.5552916]}}, {"type": "Feature", "properties": {"stop_id": "SA5000176414", "name": "Crystal"}, "geometry": {"type": "Point", "coordinates": [-0.2665905, 5.5761773]}}, {"type": "Feature", "properties": {"stop_id": "5064974043", "name": "Adjiringanor Bridge"}, "geometry": {"type": "Point", "coordinates": [-0.1445744, 5.6457942]}}, {"type": "Feature", "properties": {"stop_id": "SA5104944364", "name": "Masalachi"}, "geometry": {"type": "Point", "coordinates": [-0.2070668, 5.590114]}}, {"type": "Feature", "properties": {"stop_id": "SA5104944365", "name": "P.T.C"}, "geometry": {"type": "Point", "coordinates": [-0.213734, 5.5683329]}}, {"type": "Feature", "properties": {"stop_id": "SA5040133318", "name": "Asaviola"}, "geometry": {"type": "Point", "coordinates": [-0.1883249, 5.6042364]}}, {"type": "Feature", "properties": {"stop_id": "SA5040133319", "name": "Bostal Curve"}, "geometry": {"type": "Point", "coordinates": [-0.1878624, 5.6056102]}}, {"type": "Feature", "properties": {"stop_id": "SA5022199348", "name": "Las Palmas"}, "geometry": {"type": "Point", "coordinates": [-0.2490504, 5.6068938]}}, {"type": "Feature", "properties": {"stop_id": "5034072898", "name": "Forestry"}, "geometry": {"type": "Point", "coordinates": [-0.2159547, 5.6173255]}}, {"type": "Feature", "properties": {"stop_id": "5009983530", "name": "Agya Appiah"}, "geometry": {"type": "Point", "coordinates": [-0.3074529, 5.7158309]}}, {"type": "Feature", "properties": {"stop_id": "4286137016", "name": "St. Johns"}, "geometry": {"type": "Point", "coordinates": [-0.2424338, 5.6388495]}}, {"type": "Feature", "properties": {"stop_id": "5009983531", "name": "Sapeiman"}, "geometry": {"type": "Point", "coordinates": [-0.3123328, 5.7287391]}}, {"type": "Feature", "properties": {"stop_id": "5034072897", "name": "Railway"}, "geometry": {"type": "Point", "coordinates": [-0.2081505, 5.6078213]}}, {"type": "Feature", "properties": {"stop_id": "SA4997810035", "name": "USA"}, "geometry": {"type": "Point", "coordinates": [-0.2483771, 5.5322769]}}, {"type": "Feature", "properties": {"stop_id": "4995095759", "name": "Post Office"}, "geometry": {"type": "Point", "coordinates": [-0.1761758, 5.5853445]}}, {"type": "Feature", "properties": {"stop_id": "SA3154441074", "name": "Mampong"}, "geometry": {"type": "Point", "coordinates": [-0.2559185, 5.6015887]}}, {"type": "Feature", "properties": {"stop_id": "SA5025315895", "name": "Camara (Station)"}, "geometry": {"type": "Point", "coordinates": [-0.2552293, 5.5366004]}}, {"type": "Feature", "properties": {"stop_id": "SA5025315896", "name": "Mangoase"}, "geometry": {"type": "Point", "coordinates": [-0.2526934, 5.5356807]}}, {"type": "Feature", "properties": {"stop_id": "SA5025315897", "name": "Camara Junction"}, "geometry": {"type": "Point", "coordinates": [-0.250495, 5.5356732]}}, {"type": "Feature", "properties": {"stop_id": "SA5025315898", "name": "Nku Kpotoi"}, "geometry": {"type": "Point", "coordinates": [-0.2486018, 5.535621]}}, {"type": "Feature", "properties": {"stop_id": "SA5025315899", "name": "IBE (Camara)"}, "geometry": {"type": "Point", "coordinates": [-0.2475464, 5.5356405]}}, {"type": "Feature", "properties": {"stop_id": "5037296283", "name": "Taxi Rank Alajo"}, "geometry": {"type": "Point", "coordinates": [-0.2169013, 5.5960336]}}, {"type": "Feature", "properties": {"stop_id": "SA5111702009", "name": "Abossey Okai Zongo Junction"}, "geometry": {"type": "Point", "coordinates": [-0.2344091, 5.5561093]}}, {"type": "Feature", "properties": {"stop_id": "SA5111702008", "name": "Mataheko"}, "geometry": {"type": "Point", "coordinates": [-0.2390114, 5.5604305]}}, {"type": "Feature", "properties": {"stop_id": "SA5045437550", "name": "Presby junction"}, "geometry": {"type": "Point", "coordinates": [-0.2361305, 5.5741479]}}, {"type": "Feature", "properties": {"stop_id": "SA5045437551", "name": "First junction"}, "geometry": {"type": "Point", "coordinates": [-0.2355617, 5.5724138]}}, {"type": "Feature", "properties": {"stop_id": "SA4740602044", "name": "Tuba"}, "geometry": {"type": "Point", "coordinates": [-0.3819991, 5.546819]}}, {"type": "Feature", "properties": {"stop_id": "SA5033271032", "name": "Zenith"}, "geometry": {"type": "Point", "coordinates": [-0.1819222, 5.5653136]}}, {"type": "Feature", "properties": {"stop_id": "SA5033271033", "name": "Mami Dokuno"}, "geometry": {"type": "Point", "coordinates": [-0.2126905, 5.5701548]}}, {"type": "Feature", "properties": {"stop_id": "SA5033271030", "name": "Christian Council"}, "geometry": {"type": "Point", "coordinates": [-0.1828747, 5.5533827]}}, {"type": "Feature", "properties": {"stop_id": "SA5033271031", "name": "Kelewele"}, "geometry": {"type": "Point", "coordinates": [-0.1814955, 5.5536435]}}, {"type": "Feature", "properties": {"stop_id": "SA5010786348", "name": "Second Juction"}, "geometry": {"type": "Point", "coordinates": [-0.1416218, 5.5856485]}}, {"type": "Feature", "properties": {"stop_id": "SA5028866874", "name": "Nima Roundabout"}, "geometry": {"type": "Point", "coordinates": [-0.2005471, 5.5781224]}}, {"type": "Feature", "properties": {"stop_id": "SA5025315901", "name": "Accra Salaga"}, "geometry": {"type": "Point", "coordinates": [-0.2088476, 5.5405534]}}, {"type": "Feature", "properties": {"stop_id": "4461423012", "name": "Dzorwulu Junction"}, "geometry": {"type": "Point", "coordinates": [-0.1911487, 5.6184985]}}, {"type": "Feature", "properties": {"stop_id": "SA5040165405", "name": "Curve"}, "geometry": {"type": "Point", "coordinates": [-0.1971821, 5.5815185]}}, {"type": "Feature", "properties": {"stop_id": "SA5040597020", "name": "Second Curve"}, "geometry": {"type": "Point", "coordinates": [-0.2717567, 5.6344909]}}, {"type": "Feature", "properties": {"stop_id": "SA5040165406", "name": "School Junction Nima"}, "geometry": {"type": "Point", "coordinates": [-0.1986659, 5.5780331]}}, {"type": "Feature", "properties": {"stop_id": "5023043119", "name": "UTC"}, "geometry": {"type": "Point", "coordinates": [-0.2183589, 5.5380377]}}, {"type": "Feature", "properties": {"stop_id": "SA5040165402", "name": "Mamobi Market"}, "geometry": {"type": "Point", "coordinates": [-0.1947939, 5.5938906]}}, {"type": "Feature", "properties": {"stop_id": "5027248833", "name": "Abodwe"}, "geometry": {"type": "Point", "coordinates": [-0.2422987, 5.5351291]}}, {"type": "Feature", "properties": {"stop_id": "4997071024", "name": "Fire Stone"}, "geometry": {"type": "Point", "coordinates": [-0.1751118, 5.6712951]}}, {"type": "Feature", "properties": {"stop_id": "4997071027", "name": "UPS"}, "geometry": {"type": "Point", "coordinates": [-0.1782402, 5.6607021]}}, {"type": "Feature", "properties": {"stop_id": "4997071026", "name": "Atomic First"}, "geometry": {"type": "Point", "coordinates": [-0.1770577, 5.6662381]}}, {"type": "Feature", "properties": {"stop_id": "5027248837", "name": "Alomo Junction"}, "geometry": {"type": "Point", "coordinates": [-0.2437244, 5.5268044]}}, {"type": "Feature", "properties": {"stop_id": "5008338671", "name": "Taifa Junction"}, "geometry": {"type": "Point", "coordinates": [-0.2524267, 5.6495117]}}, {"type": "Feature", "properties": {"stop_id": "SA5041051499", "name": "Haatso"}, "geometry": {"type": "Point", "coordinates": [-0.2046504, 5.6672765]}}, {"type": "Feature", "properties": {"stop_id": "5008338673", "name": "Taifa Junction"}, "geometry": {"type": "Point", "coordinates": [-0.2512271, 5.6483787]}}, {"type": "Feature", "properties": {"stop_id": "SA5010303808", "name": "Alhadji No Front"}, "geometry": {"type": "Point", "coordinates": [-0.2490542, 5.6166925]}}, {"type": "Feature", "properties": {"stop_id": "SA5010303809", "name": "Rasta Park"}, "geometry": {"type": "Point", "coordinates": [-0.251604, 5.6325717]}}, {"type": "Feature", "properties": {"stop_id": "5095915260", "name": "Transformer Sowutuom"}, "geometry": {"type": "Point", "coordinates": [-0.2780232, 5.6220017]}}, {"type": "Feature", "properties": {"stop_id": "5027248838", "name": "Tea Gadern"}, "geometry": {"type": "Point", "coordinates": [-0.2422749, 5.5276379]}}, {"type": "Feature", "properties": {"stop_id": "4997071029", "name": "GSL"}, "geometry": {"type": "Point", "coordinates": [-0.1992563, 5.6168459]}}, {"type": "Feature", "properties": {"stop_id": "4997071028", "name": "Airport Junction"}, "geometry": {"type": "Point", "coordinates": [-0.1794792, 5.6219506]}}, {"type": "Feature", "properties": {"stop_id": "5010113604", "name": "Ayigbe Town"}, "geometry": {"type": "Point", "coordinates": [-0.3538303, 5.5502324]}}, {"type": "Feature", "properties": {"stop_id": "5023989063", "name": "Total"}, "geometry": {"type": "Point", "coordinates": [-0.1599998, 5.5591382]}}, {"type": "Feature", "properties": {"stop_id": "5082619899", "name": "Market"}, "geometry": {"type": "Point", "coordinates": [-0.2216032, 5.5512025]}}, {"type": "Feature", "properties": {"stop_id": "4998004817", "name": "Mamprobi Alhaji Station"}, "geometry": {"type": "Point", "coordinates": [-0.2504105, 5.5309718]}}, {"type": "Feature", "properties": {"stop_id": "5023989060", "name": "Police Station La"}, "geometry": {"type": "Point", "coordinates": [-0.1531001, 5.5613376]}}, {"type": "Feature", "properties": {"stop_id": "4998004819", "name": "Junction"}, "geometry": {"type": "Point", "coordinates": [-0.2428767, 5.534047]}}, {"type": "Feature", "properties": {"stop_id": "4998004818", "name": "JB Spot"}, "geometry": {"type": "Point", "coordinates": [-0.2476161, 5.531242]}}, {"type": "Feature", "properties": {"stop_id": "SA5102983310", "name": "Junction Appiah Danquah"}, "geometry": {"type": "Point", "coordinates": [-0.2438919, 5.5467066]}}, {"type": "Feature", "properties": {"stop_id": "5079586574", "name": "Pig Farm Junction"}, "geometry": {"type": "Point", "coordinates": [-0.1975412, 5.601231]}}, {"type": "Feature", "properties": {"stop_id": "5079586575", "name": "Kaukudi"}, "geometry": {"type": "Point", "coordinates": [-0.1894146, 5.5931947]}}, {"type": "Feature", "properties": {"stop_id": "5079586576", "name": "Library"}, "geometry": {"type": "Point", "coordinates": [-0.1918205, 5.5885563]}}, {"type": "Feature", "properties": {"stop_id": "5079586577", "name": "441"}, "geometry": {"type": "Point", "coordinates": [-0.1924785, 5.5868755]}}, {"type": "Feature", "properties": {"stop_id": "5079586572", "name": "Curve"}, "geometry": {"type": "Point", "coordinates": [-0.2258668, 5.6196832]}}, {"type": "Feature", "properties": {"stop_id": "5079586573", "name": "Vulcanizer"}, "geometry": {"type": "Point", "coordinates": [-0.2250184, 5.6196274]}}, {"type": "Feature", "properties": {"stop_id": "5079586578", "name": "Nima Junction"}, "geometry": {"type": "Point", "coordinates": [-0.1943796, 5.5826114]}}, {"type": "Feature", "properties": {"stop_id": "5079586579", "name": "Sunny FM"}, "geometry": {"type": "Point", "coordinates": [-0.199547, 5.5709431]}}, {"type": "Feature", "properties": {"stop_id": "5028483798", "name": "Boola ho"}, "geometry": {"type": "Point", "coordinates": [-0.1187405, 5.6047662]}}, {"type": "Feature", "properties": {"stop_id": "5028483799", "name": "Lekma"}, "geometry": {"type": "Point", "coordinates": [-0.1200311, 5.6041248]}}, {"type": "Feature", "properties": {"stop_id": "SA4990252726", "name": "Best Point"}, "geometry": {"type": "Point", "coordinates": [-0.2401984, 5.6353158]}}, {"type": "Feature", "properties": {"stop_id": "SA4990252727", "name": "Mile 7 Junction"}, "geometry": {"type": "Point", "coordinates": [-0.2409738, 5.6342088]}}, {"type": "Feature", "properties": {"stop_id": "5064268096", "name": "Kaneshie Last Stop"}, "geometry": {"type": "Point", "coordinates": [-0.233974, 5.5662033]}}, {"type": "Feature", "properties": {"stop_id": "5064268097", "name": "Welfare"}, "geometry": {"type": "Point", "coordinates": [-0.234168, 5.5691119]}}, {"type": "Feature", "properties": {"stop_id": "SA4990252722", "name": "Dome Crossing"}, "geometry": {"type": "Point", "coordinates": [-0.2365271, 5.6471683]}}, {"type": "Feature", "properties": {"stop_id": "SA4990252723", "name": "Adehyeman"}, "geometry": {"type": "Point", "coordinates": [-0.2370387, 5.6455626]}}, {"type": "Feature", "properties": {"stop_id": "SA4990252721", "name": "Dome Old Station"}, "geometry": {"type": "Point", "coordinates": [-0.2374285, 5.6516641]}}, {"type": "Feature", "properties": {"stop_id": "SA4992650310", "name": "Azumah Nelson Complex"}, "geometry": {"type": "Point", "coordinates": [-0.2269653, 5.5750903]}}, {"type": "Feature", "properties": {"stop_id": "5064268098", "name": "Sunlight"}, "geometry": {"type": "Point", "coordinates": [-0.2323568, 5.5902545]}}, {"type": "Feature", "properties": {"stop_id": "5064268099", "name": "Drug Store"}, "geometry": {"type": "Point", "coordinates": [-0.2326527, 5.590827]}}, {"type": "Feature", "properties": {"stop_id": "SA4990252728", "name": "Presby Junction"}, "geometry": {"type": "Point", "coordinates": [-0.2429117, 5.6330591]}}, {"type": "Feature", "properties": {"stop_id": "SA4990252729", "name": "Mile 7 Park"}, "geometry": {"type": "Point", "coordinates": [-0.2441669, 5.6322471]}}, {"type": "Feature", "properties": {"stop_id": "SA5008726860", "name": "Kwashieman"}, "geometry": {"type": "Point", "coordinates": [-0.2698644, 5.5893862]}}, {"type": "Feature", "properties": {"stop_id": "SA5008726861", "name": "McCarthy"}, "geometry": {"type": "Point", "coordinates": [-0.2879177, 5.5670112]}}, {"type": "Feature", "properties": {"stop_id": "SA5008726863", "name": "Modex"}, "geometry": {"type": "Point", "coordinates": [-0.3224709, 5.5530226]}}, {"type": "Feature", "properties": {"stop_id": "5029276337", "name": "Five junction"}, "geometry": {"type": "Point", "coordinates": [-0.1844207, 5.552308]}}, {"type": "Feature", "properties": {"stop_id": "SA5008726866", "name": "Galelia Market"}, "geometry": {"type": "Point", "coordinates": [-0.4005726, 5.5381989]}}, {"type": "Feature", "properties": {"stop_id": "5020636351", "name": "Wass"}, "geometry": {"type": "Point", "coordinates": [-0.1711675, 5.7045087]}}, {"type": "Feature", "properties": {"stop_id": "5011681556", "name": "Palm Wine"}, "geometry": {"type": "Point", "coordinates": [-0.1522422, 5.5763849]}}, {"type": "Feature", "properties": {"stop_id": "5011681557", "name": "Kpogas"}, "geometry": {"type": "Point", "coordinates": [-0.1496981, 5.5726689]}}, {"type": "Feature", "properties": {"stop_id": "5043729312", "name": "Ridge"}, "geometry": {"type": "Point", "coordinates": [-0.2113101, 5.59762]}}, {"type": "Feature", "properties": {"stop_id": "5084325666", "name": "Block Factory"}, "geometry": {"type": "Point", "coordinates": [-0.2963368, 5.6203528]}}, {"type": "Feature", "properties": {"stop_id": "SA5030894253", "name": "Bombay"}, "geometry": {"type": "Point", "coordinates": [-0.2528996, 5.5956803]}}, {"type": "Feature", "properties": {"stop_id": "5024322023", "name": "White House"}, "geometry": {"type": "Point", "coordinates": [-0.2836777, 5.7147037]}}, {"type": "Feature", "properties": {"stop_id": "SA5027186818", "name": "Opetekwei"}, "geometry": {"type": "Point", "coordinates": [-0.2736525, 5.5276577]}}, {"type": "Feature", "properties": {"stop_id": "5049594492", "name": "Railway"}, "geometry": {"type": "Point", "coordinates": [-0.2226898, 5.5870939]}}, {"type": "Feature", "properties": {"stop_id": "5024322024", "name": "Afiaman Pamprom"}, "geometry": {"type": "Point", "coordinates": [-0.2864823, 5.7099642]}}, {"type": "Feature", "properties": {"stop_id": "SA5024303420", "name": "One Way"}, "geometry": {"type": "Point", "coordinates": [-0.2102472, 5.5370285]}}, {"type": "Feature", "properties": {"stop_id": "5040124408", "name": "Circle Lido"}, "geometry": {"type": "Point", "coordinates": [-0.213544, 5.5715044]}}, {"type": "Feature", "properties": {"stop_id": "SA5095822094", "name": "Block factory Sowutuom"}, "geometry": {"type": "Point", "coordinates": [-0.2890952, 5.6311019]}}, {"type": "Feature", "properties": {"stop_id": "5109596753", "name": "Christian Centre"}, "geometry": {"type": "Point", "coordinates": [-0.1503211, 5.6384485]}}, {"type": "Feature", "properties": {"stop_id": "SA5054364798", "name": "Top Radio"}, "geometry": {"type": "Point", "coordinates": [-0.2101658, 5.5770384]}}, {"type": "Feature", "properties": {"stop_id": "SA4994875970", "name": "Adabraka Market"}, "geometry": {"type": "Point", "coordinates": [-0.2139185, 5.5630962]}}, {"type": "Feature", "properties": {"stop_id": "SA4994875971", "name": "PnP Junction"}, "geometry": {"type": "Point", "coordinates": [-0.2357075, 5.5991258]}}, {"type": "Feature", "properties": {"stop_id": "SA5027285560", "name": "Ashtown"}, "geometry": {"type": "Point", "coordinates": [-0.2490471, 5.559346]}}, {"type": "Feature", "properties": {"stop_id": "5037296278", "name": "Circle (Alajo Station)"}, "geometry": {"type": "Point", "coordinates": [-0.2142356, 5.5711437]}}, {"type": "Feature", "properties": {"stop_id": "SA5024320814", "name": "Mayera/Adusa"}, "geometry": {"type": "Point", "coordinates": [-0.2718504, 5.7356167]}}, {"type": "Feature", "properties": {"stop_id": "SA5027285561", "name": "Club Corner"}, "geometry": {"type": "Point", "coordinates": [-0.2434774, 5.5582163]}}, {"type": "Feature", "properties": {"stop_id": "SA5064974030", "name": "Bishop"}, "geometry": {"type": "Point", "coordinates": [-0.1266431, 5.6748025]}}, {"type": "Feature", "properties": {"stop_id": "5035800240", "name": "Abotare"}, "geometry": {"type": "Point", "coordinates": [-0.2454483, 5.6051606]}}, {"type": "Feature", "properties": {"stop_id": "SA5051112452", "name": "Mallam Station"}, "geometry": {"type": "Point", "coordinates": [-0.2380144, 5.566669]}}, {"type": "Feature", "properties": {"stop_id": "SA5051112453", "name": "Kaneshie Market"}, "geometry": {"type": "Point", "coordinates": [-0.2342995, 5.5644409]}}, {"type": "Feature", "properties": {"stop_id": "3154428908", "name": "Abrantie"}, "geometry": {"type": "Point", "coordinates": [-0.2516826, 5.6052237]}}, {"type": "Feature", "properties": {"stop_id": "SA5035642555", "name": "Emmanuel"}, "geometry": {"type": "Point", "coordinates": [-0.2403812, 5.6809851]}}, {"type": "Feature", "properties": {"stop_id": "SA5113195630", "name": "Manmay"}, "geometry": {"type": "Point", "coordinates": [-0.2031894, 5.6761342]}}, {"type": "Feature", "properties": {"stop_id": "SA4983237018", "name": "Attah Junction"}, "geometry": {"type": "Point", "coordinates": [-0.2653242, 5.6102493]}}, {"type": "Feature", "properties": {"stop_id": "5113398164", "name": "Immigration"}, "geometry": {"type": "Point", "coordinates": [-0.1918167, 5.5693854]}}, {"type": "Feature", "properties": {"stop_id": "SA5113195637", "name": "Islamic"}, "geometry": {"type": "Point", "coordinates": [-0.2048955, 5.698154]}}, {"type": "Feature", "properties": {"stop_id": "SA4983237011", "name": "Lapaz Market"}, "geometry": {"type": "Point", "coordinates": [-0.2571886, 5.6074265]}}, {"type": "Feature", "properties": {"stop_id": "SA4983237010", "name": "Lapaz Community Junction"}, "geometry": {"type": "Point", "coordinates": [-0.2549457, 5.606581]}}, {"type": "Feature", "properties": {"stop_id": "SA4983237013", "name": "Tabora Number2"}, "geometry": {"type": "Point", "coordinates": [-0.2604171, 5.6060498]}}, {"type": "Feature", "properties": {"stop_id": "SA4983237012", "name": "Tabora Number 3"}, "geometry": {"type": "Point", "coordinates": [-0.2586053, 5.6072264]}}, {"type": "Feature", "properties": {"stop_id": "SA4983237015", "name": "Race Course Blue Gate"}, "geometry": {"type": "Point", "coordinates": [-0.2623911, 5.6074933]}}, {"type": "Feature", "properties": {"stop_id": "SA4983237014", "name": "Ahenfie"}, "geometry": {"type": "Point", "coordinates": [-0.260941, 5.606501]}}, {"type": "Feature", "properties": {"stop_id": "SA4983237017", "name": "Container Race Course"}, "geometry": {"type": "Point", "coordinates": [-0.2640514, 5.6090589]}}, {"type": "Feature", "properties": {"stop_id": "SA4983237016", "name": "School Junction Race Course"}, "geometry": {"type": "Point", "coordinates": [-0.2632488, 5.6082761]}}, {"type": "Feature", "properties": {"stop_id": "4998045789", "name": "Sempe First"}, "geometry": {"type": "Point", "coordinates": [-0.2390579, 5.5385926]}}, {"type": "Feature", "properties": {"stop_id": "SA4998106217", "name": "NDC"}, "geometry": {"type": "Point", "coordinates": [-0.2128873, 5.5792706]}}, {"type": "Feature", "properties": {"stop_id": "4990252736", "name": "Abeka Lapaz"}, "geometry": {"type": "Point", "coordinates": [-0.2471764, 5.6094993]}}, {"type": "Feature", "properties": {"stop_id": "SA5037690453", "name": "Vulcanizer"}, "geometry": {"type": "Point", "coordinates": [-0.244496, 5.5820379]}}, {"type": "Feature", "properties": {"stop_id": "4990252734", "name": "Family Life"}, "geometry": {"type": "Point", "coordinates": [-0.2484473, 5.6224046]}}, {"type": "Feature", "properties": {"stop_id": "4990252733", "name": "Mile 7 T-Junction"}, "geometry": {"type": "Point", "coordinates": [-0.2505962, 5.6263989]}}, {"type": "Feature", "properties": {"stop_id": "SA5037690454", "name": "Datus"}, "geometry": {"type": "Point", "coordinates": [-0.2426672, 5.5820319]}}, {"type": "Feature", "properties": {"stop_id": "4990252731", "name": "Jesus and Mary"}, "geometry": {"type": "Point", "coordinates": [-0.2460741, 5.6308278]}}, {"type": "Feature", "properties": {"stop_id": "4990252730", "name": "Masalaashi"}, "geometry": {"type": "Point", "coordinates": [-0.2451977, 5.6314823]}}, {"type": "Feature", "properties": {"stop_id": "5027216642", "name": "Exhibition"}, "geometry": {"type": "Point", "coordinates": [-0.2642468, 5.5373987]}}, {"type": "Feature", "properties": {"stop_id": "SA5047020126", "name": "Sea Theatre"}, "geometry": {"type": "Point", "coordinates": [-0.2035456, 5.6114863]}}, {"type": "Feature", "properties": {"stop_id": "SA5022509207", "name": "Akoshi Junction Mamprobi"}, "geometry": {"type": "Point", "coordinates": [-0.2463636, 5.5355357]}}, {"type": "Feature", "properties": {"stop_id": "SA4999589685", "name": "Washing Bay"}, "geometry": {"type": "Point", "coordinates": [-0.0279198, 5.685137]}}, {"type": "Feature", "properties": {"stop_id": "SA4999589684", "name": "Ashaiman"}, "geometry": {"type": "Point", "coordinates": [-0.0327126, 5.6869137]}}, {"type": "Feature", "properties": {"stop_id": "SA5112961115", "name": "Mallata"}, "geometry": {"type": "Point", "coordinates": [-0.2079011, 5.5776657]}}, {"type": "Feature", "properties": {"stop_id": "SA5035642557", "name": "Bridge"}, "geometry": {"type": "Point", "coordinates": [-0.2311246, 5.6836872]}}, {"type": "Feature", "properties": {"stop_id": "5058534295", "name": "Chokor/ Chemuna"}, "geometry": {"type": "Point", "coordinates": [-0.2504583, 5.5262029]}}, {"type": "Feature", "properties": {"stop_id": "5040165403", "name": "Gutter"}, "geometry": {"type": "Point", "coordinates": [-0.1966034, 5.5881572]}}, {"type": "Feature", "properties": {"stop_id": "4983237016", "name": "School Junction Race Course"}, "geometry": {"type": "Point", "coordinates": [-0.2632488, 5.6082761]}}, {"type": "Feature", "properties": {"stop_id": "4983237015", "name": "Race Course Blue Gate"}, "geometry": {"type": "Point", "coordinates": [-0.2623911, 5.6074933]}}, {"type": "Feature", "properties": {"stop_id": "5040165400", "name": "Accra Girls"}, "geometry": {"type": "Point", "coordinates": [-0.1939158, 5.598149]}}, {"type": "Feature", "properties": {"stop_id": "4983237013", "name": "Tabora Number2"}, "geometry": {"type": "Point", "coordinates": [-0.2604171, 5.6060498]}}, {"type": "Feature", "properties": {"stop_id": "5040165406", "name": "School Junction Nima"}, "geometry": {"type": "Point", "coordinates": [-0.1986659, 5.5780331]}}, {"type": "Feature", "properties": {"stop_id": "4983237011", "name": "Lapaz Market"}, "geometry": {"type": "Point", "coordinates": [-0.2571886, 5.6074265]}}, {"type": "Feature", "properties": {"stop_id": "5040165404", "name": "Nima Station"}, "geometry": {"type": "Point", "coordinates": [-0.1982404, 5.5819737]}}, {"type": "Feature", "properties": {"stop_id": "3045917870", "name": "Accra Mall Roundabout"}, "geometry": {"type": "Point", "coordinates": [-0.1747326, 5.6220398]}}, {"type": "Feature", "properties": {"stop_id": "4739884021", "name": "Mallam Junction"}, "geometry": {"type": "Point", "coordinates": [-0.285949, 5.5698342]}}, {"type": "Feature", "properties": {"stop_id": "5119159350", "name": "Polyclinic Junction"}, "geometry": {"type": "Point", "coordinates": [-0.2015221, 5.5894988]}}, {"type": "Feature", "properties": {"stop_id": "3045917876", "name": "Accra Mall"}, "geometry": {"type": "Point", "coordinates": [-0.1740477, 5.6227677]}}, {"type": "Feature", "properties": {"stop_id": "5064916989", "name": "Action Chapel"}, "geometry": {"type": "Point", "coordinates": [-0.1655281, 5.6267821]}}, {"type": "Feature", "properties": {"stop_id": "SA4992783152", "name": "Community 8"}, "geometry": {"type": "Point", "coordinates": [-0.0099318, 5.6732099]}}, {"type": "Feature", "properties": {"stop_id": "SA4992783153", "name": "Tema Motorway Total"}, "geometry": {"type": "Point", "coordinates": [-0.0139995, 5.6826001]}}, {"type": "Feature", "properties": {"stop_id": "SA4992783151", "name": "Tema Main Harbour"}, "geometry": {"type": "Point", "coordinates": [0.0031339, 5.6452868]}}, {"type": "Feature", "properties": {"stop_id": "SA4992783156", "name": "Neoplan"}, "geometry": {"type": "Point", "coordinates": [-0.2185707, 5.5695212]}}, {"type": "Feature", "properties": {"stop_id": "SA4992783154", "name": "Ashaiman Overhead"}, "geometry": {"type": "Point", "coordinates": [-0.025778, 5.6820534]}}, {"type": "Feature", "properties": {"stop_id": "SA4992783155", "name": "Trasacco"}, "geometry": {"type": "Point", "coordinates": [-0.1176802, 5.6450566]}}, {"type": "Feature", "properties": {"stop_id": "SA5026151285", "name": "Demod"}, "geometry": {"type": "Point", "coordinates": [-0.2408005, 5.5890142]}}, {"type": "Feature", "properties": {"stop_id": "SA5035642556", "name": "2nd Lotto kiosk"}, "geometry": {"type": "Point", "coordinates": [-0.2347146, 5.681497]}}, {"type": "Feature", "properties": {"stop_id": "5058534290", "name": "Accra New Tema Station"}, "geometry": {"type": "Point", "coordinates": [-0.2010513, 5.5486693]}}, {"type": "Feature", "properties": {"stop_id": "4983237017", "name": "Container Race Course"}, "geometry": {"type": "Point", "coordinates": [-0.2640514, 5.6090589]}}, {"type": "Feature", "properties": {"stop_id": "SA5008220725", "name": "Airport"}, "geometry": {"type": "Point", "coordinates": [-0.2527234, 5.6533152]}}, {"type": "Feature", "properties": {"stop_id": "SA5040075675", "name": "Adabraka"}, "geometry": {"type": "Point", "coordinates": [-0.2144044, 5.5649038]}}, {"type": "Feature", "properties": {"stop_id": "SA5040075676", "name": "Avenor"}, "geometry": {"type": "Point", "coordinates": [-0.2168103, 5.580647]}}, {"type": "Feature", "properties": {"stop_id": "SA5040075677", "name": "Olympic junction"}, "geometry": {"type": "Point", "coordinates": [-0.2101294, 5.5852405]}}, {"type": "Feature", "properties": {"stop_id": "5047020127", "name": "Vulcanizer"}, "geometry": {"type": "Point", "coordinates": [-0.2008508, 5.611814]}}, {"type": "Feature", "properties": {"stop_id": "4995193047", "name": "Green Hand"}, "geometry": {"type": "Point", "coordinates": [-0.2304628, 5.5820723]}}, {"type": "Feature", "properties": {"stop_id": "SA5000179129", "name": "Kofi ne Ama"}, "geometry": {"type": "Point", "coordinates": [-0.2652411, 5.5324576]}}, {"type": "Feature", "properties": {"stop_id": "SA5000179128", "name": "Seven Great"}, "geometry": {"type": "Point", "coordinates": [-0.2651323, 5.5352343]}}, {"type": "Feature", "properties": {"stop_id": "SA5000179127", "name": "Exhibition (Dansoman)"}, "geometry": {"type": "Point", "coordinates": [-0.2647419, 5.5379064]}}, {"type": "Feature", "properties": {"stop_id": "SA5001014675", "name": "Abomatte"}, "geometry": {"type": "Point", "coordinates": [-0.2601868, 5.5626814]}}, {"type": "Feature", "properties": {"stop_id": "SA5000179125", "name": "Dansoman Police Station"}, "geometry": {"type": "Point", "coordinates": [-0.2645687, 5.5435269]}}, {"type": "Feature", "properties": {"stop_id": "4995193049", "name": "Kaneshie Market Station"}, "geometry": {"type": "Point", "coordinates": [-0.2352465, 5.5658238]}}, {"type": "Feature", "properties": {"stop_id": "SA5040075678", "name": "Deeper life junction"}, "geometry": {"type": "Point", "coordinates": [-0.207511, 5.5911932]}}, {"type": "Feature", "properties": {"stop_id": "SA5040075679", "name": "Ojawe"}, "geometry": {"type": "Point", "coordinates": [-0.2080939, 5.5950069]}}, {"type": "Feature", "properties": {"stop_id": "SA5000179121", "name": "Mama's Inn"}, "geometry": {"type": "Point", "coordinates": [-0.2644759, 5.554371]}}, {"type": "Feature", "properties": {"stop_id": "SA5020525325", "name": "WAEC"}, "geometry": {"type": "Point", "coordinates": [-0.1994537, 5.5647504]}}, {"type": "Feature", "properties": {"stop_id": "SA5008589263", "name": "Fusi Junction"}, "geometry": {"type": "Point", "coordinates": [-0.2919485, 5.6983793]}}, {"type": "Feature", "properties": {"stop_id": "SA5020282545", "name": "Beduwa"}, "geometry": {"type": "Point", "coordinates": [-0.1613522, 5.6424108]}}, {"type": "Feature", "properties": {"stop_id": "4990644994", "name": "Flower Pot"}, "geometry": {"type": "Point", "coordinates": [-0.1525619, 5.6267862]}}, {"type": "Feature", "properties": {"stop_id": "4990644995", "name": "Abeka Lapaz"}, "geometry": {"type": "Point", "coordinates": [-0.2466865, 5.6072099]}}, {"type": "Feature", "properties": {"stop_id": "4972695858", "name": "Agbogba Junction"}, "geometry": {"type": "Point", "coordinates": [-0.18729, 5.6672969]}}, {"type": "Feature", "properties": {"stop_id": "4990644990", "name": "Zain Office"}, "geometry": {"type": "Point", "coordinates": [-0.1295281, 5.636397]}}, {"type": "Feature", "properties": {"stop_id": "4990644991", "name": "Cylinder"}, "geometry": {"type": "Point", "coordinates": [-0.1328471, 5.6350484]}}, {"type": "Feature", "properties": {"stop_id": "4990644992", "name": "Second"}, "geometry": {"type": "Point", "coordinates": [-0.1412343, 5.6316199]}}, {"type": "Feature", "properties": {"stop_id": "4990644993", "name": "Energy"}, "geometry": {"type": "Point", "coordinates": [-0.1430386, 5.6308497]}}, {"type": "Feature", "properties": {"stop_id": "SA5049651138", "name": "Old Melcom"}, "geometry": {"type": "Point", "coordinates": [-0.2264412, 5.5876185]}}, {"type": "Feature", "properties": {"stop_id": "SA5008691263", "name": "Weija Junction"}, "geometry": {"type": "Point", "coordinates": [-0.3038519, 5.5559137]}}, {"type": "Feature", "properties": {"stop_id": "SA5008691262", "name": "Tetegu"}, "geometry": {"type": "Point", "coordinates": [-0.3096742, 5.5539403]}}, {"type": "Feature", "properties": {"stop_id": "SA5008691260", "name": "Shoprite"}, "geometry": {"type": "Point", "coordinates": [-0.342076, 5.5463936]}}, {"type": "Feature", "properties": {"stop_id": "4981090380", "name": "Legon First"}, "geometry": {"type": "Point", "coordinates": [-0.1795016, 5.6489286]}}, {"type": "Feature", "properties": {"stop_id": "SA5041288969", "name": "Timber Market"}, "geometry": {"type": "Point", "coordinates": [-0.2161393, 5.5434076]}}, {"type": "Feature", "properties": {"stop_id": "SA5010113614", "name": "Kata"}, "geometry": {"type": "Point", "coordinates": [-0.2595904, 5.6022547]}}, {"type": "Feature", "properties": {"stop_id": "5102717949", "name": "1st stop"}, "geometry": {"type": "Point", "coordinates": [-0.2270166, 5.5294972]}}, {"type": "Feature", "properties": {"stop_id": "SA5010113612", "name": "Vineyard"}, "geometry": {"type": "Point", "coordinates": [-0.2729429, 5.5859568]}}, {"type": "Feature", "properties": {"stop_id": "SA5010113610", "name": "Block Factory"}, "geometry": {"type": "Point", "coordinates": [-0.3354833, 5.5488549]}}, {"type": "Feature", "properties": {"stop_id": "SA5010113611", "name": "Water Works"}, "geometry": {"type": "Point", "coordinates": [-0.2779412, 5.5798023]}}, {"type": "Feature", "properties": {"stop_id": "5031643334", "name": "Total"}, "geometry": {"type": "Point", "coordinates": [-0.2077946, 5.5652032]}}, {"type": "Feature", "properties": {"stop_id": "5031643335", "name": "Roundabout Ridge"}, "geometry": {"type": "Point", "coordinates": [-0.1976165, 5.5599174]}}, {"type": "Feature", "properties": {"stop_id": "5031643336", "name": "Stadium"}, "geometry": {"type": "Point", "coordinates": [-0.1904382, 5.5534727]}}, {"type": "Feature", "properties": {"stop_id": "5047154062", "name": "Bawaleshie Traffic Light"}, "geometry": {"type": "Point", "coordinates": [-0.1691411, 5.6416293]}}, {"type": "Feature", "properties": {"stop_id": "SA5047542830", "name": "Wolarm"}, "geometry": {"type": "Point", "coordinates": [-0.2355746, 5.5277463]}}, {"type": "Feature", "properties": {"stop_id": "SA5047542831", "name": "Galilee"}, "geometry": {"type": "Point", "coordinates": [-0.2335019, 5.5281617]}}, {"type": "Feature", "properties": {"stop_id": "4980974749", "name": "Asoredan ho"}, "geometry": {"type": "Point", "coordinates": [-0.232268, 5.531474]}}, {"type": "Feature", "properties": {"stop_id": "SA5047542833", "name": "Korle beach resort"}, "geometry": {"type": "Point", "coordinates": [-0.2279085, 5.5293018]}}, {"type": "Feature", "properties": {"stop_id": "SA5047542834", "name": "Korle er naa"}, "geometry": {"type": "Point", "coordinates": [-0.2193863, 5.5314145]}}, {"type": "Feature", "properties": {"stop_id": "SA5084325667", "name": "CP"}, "geometry": {"type": "Point", "coordinates": [-0.2945457, 5.6187165]}}, {"type": "Feature", "properties": {"stop_id": "SA5084325666", "name": "Block Factory"}, "geometry": {"type": "Point", "coordinates": [-0.2963368, 5.6203528]}}, {"type": "Feature", "properties": {"stop_id": "SA5026574430", "name": "Orgle-Road"}, "geometry": {"type": "Point", "coordinates": [-0.237113, 5.5864599]}}, {"type": "Feature", "properties": {"stop_id": "5058534294", "name": "Mamprobi Alhaji Station"}, "geometry": {"type": "Point", "coordinates": [-0.250409, 5.530924]}}, {"type": "Feature", "properties": {"stop_id": "SA5084325663", "name": "Ablekuma Junction"}, "geometry": {"type": "Point", "coordinates": [-0.3087365, 5.6269624]}}, {"type": "Feature", "properties": {"stop_id": "SA5084325662", "name": "Ablekuma Park"}, "geometry": {"type": "Point", "coordinates": [-0.313538, 5.6273138]}}, {"type": "Feature", "properties": {"stop_id": "SA5084325661", "name": "Bokorbokor"}, "geometry": {"type": "Point", "coordinates": [-0.3201353, 5.6290685]}}, {"type": "Feature", "properties": {"stop_id": "SA5084325660", "name": "Ablekuma CP"}, "geometry": {"type": "Point", "coordinates": [-0.3235555, 5.6316851]}}, {"type": "Feature", "properties": {"stop_id": "SA5026603974", "name": "Tsofi"}, "geometry": {"type": "Point", "coordinates": [-0.2346773, 5.5786]}}, {"type": "Feature", "properties": {"stop_id": "SA5045459190", "name": "Great Lamptey"}, "geometry": {"type": "Point", "coordinates": [-0.2448241, 5.5577071]}}, {"type": "Feature", "properties": {"stop_id": "SA5084325668", "name": "Nsunfa"}, "geometry": {"type": "Point", "coordinates": [-0.2942715, 5.6164455]}}, {"type": "Feature", "properties": {"stop_id": "5021041020", "name": "Royco"}, "geometry": {"type": "Point", "coordinates": [-0.2927873, 5.6437336]}}, {"type": "Feature", "properties": {"stop_id": "5024320819", "name": "Osofo Ama"}, "geometry": {"type": "Point", "coordinates": [-0.2782642, 5.7226657]}}, {"type": "Feature", "properties": {"stop_id": "5024320818", "name": "Fase Junction"}, "geometry": {"type": "Point", "coordinates": [-0.2770536, 5.7239004]}}, {"type": "Feature", "properties": {"stop_id": "5024320817", "name": "Mayera Market"}, "geometry": {"type": "Point", "coordinates": [-0.2765037, 5.7262195]}}, {"type": "Feature", "properties": {"stop_id": "5024320816", "name": "Okaiman Junction"}, "geometry": {"type": "Point", "coordinates": [-0.2758552, 5.7284153]}}, {"type": "Feature", "properties": {"stop_id": "5024320815", "name": "Adusah Quarters"}, "geometry": {"type": "Point", "coordinates": [-0.2726838, 5.7325085]}}, {"type": "Feature", "properties": {"stop_id": "5024320814", "name": "Mayera/Adusa"}, "geometry": {"type": "Point", "coordinates": [-0.2718504, 5.7356167]}}, {"type": "Feature", "properties": {"stop_id": "5024320813", "name": "Container"}, "geometry": {"type": "Point", "coordinates": [-0.2449816, 5.6129948]}}, {"type": "Feature", "properties": {"stop_id": "5083164018", "name": "Mamprobi Police Station"}, "geometry": {"type": "Point", "coordinates": [-0.2397401, 5.533956]}}, {"type": "Feature", "properties": {"stop_id": "SA5084834966", "name": "Heavenly Church"}, "geometry": {"type": "Point", "coordinates": [-0.2856258, 5.6270753]}}, {"type": "Feature", "properties": {"stop_id": "5064974031", "name": "Obinim"}, "geometry": {"type": "Point", "coordinates": [-0.1273401, 5.6728844]}}, {"type": "Feature", "properties": {"stop_id": "SA5084834963", "name": "Odorkor official town"}, "geometry": {"type": "Point", "coordinates": [-0.2656221, 5.5872685]}}, {"type": "Feature", "properties": {"stop_id": "5014786531", "name": "Ashfoam Junction"}, "geometry": {"type": "Point", "coordinates": [-0.2238648, 5.5823796]}}, {"type": "Feature", "properties": {"stop_id": "SA5045217690", "name": "Good Shepherd"}, "geometry": {"type": "Point", "coordinates": [-0.2363187, 5.5838794]}}, {"type": "Feature", "properties": {"stop_id": "SA3133741256", "name": "Bawaleshie Second"}, "geometry": {"type": "Point", "coordinates": [-0.164944, 5.6420983]}}, {"type": "Feature", "properties": {"stop_id": "SA5024136421", "name": "Agric"}, "geometry": {"type": "Point", "coordinates": [-0.1985794, 5.5478404]}}, {"type": "Feature", "properties": {"stop_id": "SA5026407991", "name": "New Fadama (Market)"}, "geometry": {"type": "Point", "coordinates": [-0.2454041, 5.59614]}}, {"type": "Feature", "properties": {"stop_id": "SA5024136423", "name": "Castle Junction"}, "geometry": {"type": "Point", "coordinates": [-0.1896006, 5.5496516]}}, {"type": "Feature", "properties": {"stop_id": "SA5024136422", "name": "Ministries"}, "geometry": {"type": "Point", "coordinates": [-0.1946039, 5.5487527]}}, {"type": "Feature", "properties": {"stop_id": "SA5024136424", "name": "Second Stop/Ataa Adjettey"}, "geometry": {"type": "Point", "coordinates": [-0.1855936, 5.5504446]}}, {"type": "Feature", "properties": {"stop_id": "SA5084325665", "name": "Galilee"}, "geometry": {"type": "Point", "coordinates": [-0.3022059, 5.6234872]}}, {"type": "Feature", "properties": {"stop_id": "SA5026603976", "name": "Five Five"}, "geometry": {"type": "Point", "coordinates": [-0.2356854, 5.57281]}}, {"type": "Feature", "properties": {"stop_id": "2917277221", "name": "Abofu"}, "geometry": {"type": "Point", "coordinates": [-0.2228677, 5.613729]}}, {"type": "Feature", "properties": {"stop_id": "SA5022354481", "name": "Mataheko Quarters"}, "geometry": {"type": "Point", "coordinates": [-0.2475403, 5.5719739]}}, {"type": "Feature", "properties": {"stop_id": "5035775005", "name": "Old Tema Station"}, "geometry": {"type": "Point", "coordinates": [-0.1996262, 5.5499452]}}, {"type": "Feature", "properties": {"stop_id": "SA5022509212", "name": "Akoo Store"}, "geometry": {"type": "Point", "coordinates": [-0.2552249, 5.5497411]}}, {"type": "Feature", "properties": {"stop_id": "5040165399", "name": "Power House"}, "geometry": {"type": "Point", "coordinates": [-0.1942183, 5.599705]}}, {"type": "Feature", "properties": {"stop_id": "SA5022354480", "name": "Accra Academy"}, "geometry": {"type": "Point", "coordinates": [-0.2455052, 5.5707697]}}, {"type": "Feature", "properties": {"stop_id": "SA5116094288", "name": "Aquettey"}, "geometry": {"type": "Point", "coordinates": [-0.2159321, 5.6077479]}}, {"type": "Feature", "properties": {"stop_id": "SA4739843023", "name": "McCarthy Junction"}, "geometry": {"type": "Point", "coordinates": [-0.288941, 5.5655092]}}, {"type": "Feature", "properties": {"stop_id": "5040165393", "name": "Bostal Second"}, "geometry": {"type": "Point", "coordinates": [-0.1874049, 5.6084109]}}, {"type": "Feature", "properties": {"stop_id": "SA5116094285", "name": "Bridge"}, "geometry": {"type": "Point", "coordinates": [-0.2036133, 5.5827055]}}, {"type": "Feature", "properties": {"stop_id": "5040165391", "name": "Chinese"}, "geometry": {"type": "Point", "coordinates": [-0.1869055, 5.6123865]}}, {"type": "Feature", "properties": {"stop_id": "5040165390", "name": "T Junction"}, "geometry": {"type": "Point", "coordinates": [-0.187492, 5.6132613]}}, {"type": "Feature", "properties": {"stop_id": "5040165397", "name": "SGS"}, "geometry": {"type": "Point", "coordinates": [-0.1921013, 5.6021328]}}, {"type": "Feature", "properties": {"stop_id": "5040165396", "name": "Sign Board"}, "geometry": {"type": "Point", "coordinates": [-0.1884405, 5.6018428]}}, {"type": "Feature", "properties": {"stop_id": "5040165395", "name": "Bostal"}, "geometry": {"type": "Point", "coordinates": [-0.1887258, 5.6063949]}}, {"type": "Feature", "properties": {"stop_id": "5040165394", "name": "Bostal First"}, "geometry": {"type": "Point", "coordinates": [-0.188201, 5.6071968]}}, {"type": "Feature", "properties": {"stop_id": "SA5028660324", "name": "Okponglo Roundabout"}, "geometry": {"type": "Point", "coordinates": [-0.1837592, 5.6403652]}}, {"type": "Feature", "properties": {"stop_id": "SA5028660325", "name": "Polo"}, "geometry": {"type": "Point", "coordinates": [-0.2182477, 5.6316307]}}, {"type": "Feature", "properties": {"stop_id": "SA5064890129", "name": "Biscuit Factory"}, "geometry": {"type": "Point", "coordinates": [-0.066885, 5.6640865]}}, {"type": "Feature", "properties": {"stop_id": "SA4997071028", "name": "Airport Junction"}, "geometry": {"type": "Point", "coordinates": [-0.1794792, 5.6219506]}}, {"type": "Feature", "properties": {"stop_id": "4997374751", "name": "Atomic Second"}, "geometry": {"type": "Point", "coordinates": [-0.1775621, 5.6663817]}}, {"type": "Feature", "properties": {"stop_id": "4997374750", "name": "Presec"}, "geometry": {"type": "Point", "coordinates": [-0.1783598, 5.6617587]}}, {"type": "Feature", "properties": {"stop_id": "5040070776", "name": "Mallam Market"}, "geometry": {"type": "Point", "coordinates": [-0.2803866, 5.5725434]}}, {"type": "Feature", "properties": {"stop_id": "5040070777", "name": "Weija Junction"}, "geometry": {"type": "Point", "coordinates": [-0.3037498, 5.5564611]}}, {"type": "Feature", "properties": {"stop_id": "4977880923", "name": "License Office"}, "geometry": {"type": "Point", "coordinates": [-0.1806082, 5.5919333]}}, {"type": "Feature", "properties": {"stop_id": "5040133316", "name": "Nima Junction"}, "geometry": {"type": "Point", "coordinates": [-0.2013688, 5.5731764]}}, {"type": "Feature", "properties": {"stop_id": "5040133317", "name": "Konka Curve"}, "geometry": {"type": "Point", "coordinates": [-0.19384, 5.5957258]}}, {"type": "Feature", "properties": {"stop_id": "5040332110", "name": "Lapaz Market"}, "geometry": {"type": "Point", "coordinates": [-0.2568799, 5.6073637]}}, {"type": "Feature", "properties": {"stop_id": "SA5040045040", "name": "Weija"}, "geometry": {"type": "Point", "coordinates": [-0.3373797, 5.5722546]}}, {"type": "Feature", "properties": {"stop_id": "SA5040045041", "name": "Weija Market"}, "geometry": {"type": "Point", "coordinates": [-0.3346752, 5.5710576]}}, {"type": "Feature", "properties": {"stop_id": "SA5040045042", "name": "Weija School"}, "geometry": {"type": "Point", "coordinates": [-0.3303497, 5.5695067]}}, {"type": "Feature", "properties": {"stop_id": "SA5040045043", "name": "Oblogo"}, "geometry": {"type": "Point", "coordinates": [-0.3122011, 5.5595978]}}, {"type": "Feature", "properties": {"stop_id": "SA5040045045", "name": "Accra CMB"}, "geometry": {"type": "Point", "coordinates": [-0.2130633, 5.5506809]}}, {"type": "Feature", "properties": {"stop_id": "5088442010", "name": "Post Office"}, "geometry": {"type": "Point", "coordinates": [-0.2091462, 5.5416982]}}, {"type": "Feature", "properties": {"stop_id": "5088442011", "name": "Ebenezer"}, "geometry": {"type": "Point", "coordinates": [-0.2699202, 5.529509]}}, {"type": "Feature", "properties": {"stop_id": "SA2917271600", "name": "Tesano"}, "geometry": {"type": "Point", "coordinates": [-0.2259544, 5.604561]}}, {"type": "Feature", "properties": {"stop_id": "SA4997071021", "name": "Ritz Junction"}, "geometry": {"type": "Point", "coordinates": [-0.1713683, 5.6876395]}}, {"type": "Feature", "properties": {"stop_id": "5030650717", "name": "Alaska"}, "geometry": {"type": "Point", "coordinates": [-0.1971293, 5.5862518]}}, {"type": "Feature", "properties": {"stop_id": "SA5102949428", "name": "Appiah Danquah"}, "geometry": {"type": "Point", "coordinates": [-0.2464951, 5.5467717]}}, {"type": "Feature", "properties": {"stop_id": "4977886631", "name": "Opeibea Second"}, "geometry": {"type": "Point", "coordinates": [-0.1786398, 5.6007053]}}, {"type": "Feature", "properties": {"stop_id": "SA5030650716", "name": "Jack and Jill"}, "geometry": {"type": "Point", "coordinates": [-0.1897591, 5.6019885]}}, {"type": "Feature", "properties": {"stop_id": "SA5102949429", "name": "Taxi Rank"}, "geometry": {"type": "Point", "coordinates": [-0.2459042, 5.5467769]}}, {"type": "Feature", "properties": {"stop_id": "5064189142", "name": "Kotokou station"}, "geometry": {"type": "Point", "coordinates": [-0.3565557, 5.7400116]}}, {"type": "Feature", "properties": {"stop_id": "SA5036565846", "name": "Post Box"}, "geometry": {"type": "Point", "coordinates": [-0.2055429, 5.661621]}}, {"type": "Feature", "properties": {"stop_id": "SA5036565847", "name": "Barrier"}, "geometry": {"type": "Point", "coordinates": [-0.2052667, 5.6621855]}}, {"type": "Feature", "properties": {"stop_id": "SA5036565844", "name": "Flower pot"}, "geometry": {"type": "Point", "coordinates": [-0.2069005, 5.6589029]}}, {"type": "Feature", "properties": {"stop_id": "SA5036565845", "name": "Pharmarcy"}, "geometry": {"type": "Point", "coordinates": [-0.2060374, 5.6606307]}}, {"type": "Feature", "properties": {"stop_id": "SA5036565842", "name": "Communication"}, "geometry": {"type": "Point", "coordinates": [-0.2086187, 5.6542123]}}, {"type": "Feature", "properties": {"stop_id": "SA4997071025", "name": "Atomic Second"}, "geometry": {"type": "Point", "coordinates": [-0.1766341, 5.6679806]}}, {"type": "Feature", "properties": {"stop_id": "5040917093", "name": "Yellow House"}, "geometry": {"type": "Point", "coordinates": [-0.2690014, 5.6382209]}}, {"type": "Feature", "properties": {"stop_id": "SA5036565841", "name": "Sign board"}, "geometry": {"type": "Point", "coordinates": [-0.2093378, 5.6521095]}}, {"type": "Feature", "properties": {"stop_id": "5045432463", "name": "Wireless"}, "geometry": {"type": "Point", "coordinates": [-0.2402827, 5.5862405]}}, {"type": "Feature", "properties": {"stop_id": "5045432462", "name": "Awonye"}, "geometry": {"type": "Point", "coordinates": [-0.236322, 5.5825259]}}, {"type": "Feature", "properties": {"stop_id": "5045432461", "name": "St. Johns"}, "geometry": {"type": "Point", "coordinates": [-0.2352191, 5.5823546]}}, {"type": "Feature", "properties": {"stop_id": "5045432460", "name": "Tsofi"}, "geometry": {"type": "Point", "coordinates": [-0.2354665, 5.5780319]}}, {"type": "Feature", "properties": {"stop_id": "SA5036565848", "name": "Haatso Junction"}, "geometry": {"type": "Point", "coordinates": [-0.204272, 5.6675272]}}, {"type": "Feature", "properties": {"stop_id": "5045432464", "name": "Afropa"}, "geometry": {"type": "Point", "coordinates": [-0.2468737, 5.5903471]}}, {"type": "Feature", "properties": {"stop_id": "4994875970", "name": "Adabraka Market"}, "geometry": {"type": "Point", "coordinates": [-0.2139185, 5.5630962]}}, {"type": "Feature", "properties": {"stop_id": "5045459190", "name": "Great Lamptey"}, "geometry": {"type": "Point", "coordinates": [-0.2448241, 5.5577071]}}, {"type": "Feature", "properties": {"stop_id": "4994875972", "name": "Abeka Lapaz"}, "geometry": {"type": "Point", "coordinates": [-0.2481701, 5.6062795]}}, {"type": "Feature", "properties": {"stop_id": "SA4995054809", "name": "Afridom"}, "geometry": {"type": "Point", "coordinates": [-0.1813457, 5.564834]}}, {"type": "Feature", "properties": {"stop_id": "SA5014716654", "name": "Circle Industrial Area"}, "geometry": {"type": "Point", "coordinates": [-0.2194154, 5.5692159]}}, {"type": "Feature", "properties": {"stop_id": "5047108305", "name": "Bridge"}, "geometry": {"type": "Point", "coordinates": [-0.1550035, 5.6463234]}}, {"type": "Feature", "properties": {"stop_id": "SA5036784355", "name": "Abofu Market"}, "geometry": {"type": "Point", "coordinates": [-0.2251228, 5.6160622]}}, {"type": "Feature", "properties": {"stop_id": "5020021370", "name": "Neoplan"}, "geometry": {"type": "Point", "coordinates": [-0.2329536, 5.6240908]}}, {"type": "Feature", "properties": {"stop_id": "SA5036784357", "name": "Marwako"}, "geometry": {"type": "Point", "coordinates": [-0.2250436, 5.6121625]}}, {"type": "Feature", "properties": {"stop_id": "SA5036784356", "name": "Abofu Overhead"}, "geometry": {"type": "Point", "coordinates": [-0.2251567, 5.6137127]}}, {"type": "Feature", "properties": {"stop_id": "SA5036784359", "name": "Village Gym"}, "geometry": {"type": "Point", "coordinates": [-0.2187996, 5.6130886]}}, {"type": "Feature", "properties": {"stop_id": "SA5036784358", "name": "AMA"}, "geometry": {"type": "Point", "coordinates": [-0.2210195, 5.6129989]}}, {"type": "Feature", "properties": {"stop_id": "SA5033271029", "name": "Last stop"}, "geometry": {"type": "Point", "coordinates": [-0.1837006, 5.5533493]}}, {"type": "Feature", "properties": {"stop_id": "5112610015", "name": "New Fadama"}, "geometry": {"type": "Point", "coordinates": [-0.247825, 5.5983579]}}, {"type": "Feature", "properties": {"stop_id": "5000179130", "name": "Dansoman Last Stop"}, "geometry": {"type": "Point", "coordinates": [-0.2653083, 5.529697]}}, {"type": "Feature", "properties": {"stop_id": "5040045045", "name": "Accra CMB"}, "geometry": {"type": "Point", "coordinates": [-0.2130633, 5.5506809]}}, {"type": "Feature", "properties": {"stop_id": "5040045042", "name": "Weija School"}, "geometry": {"type": "Point", "coordinates": [-0.3303497, 5.5695067]}}, {"type": "Feature", "properties": {"stop_id": "SA4462281289", "name": "Mallam Junction"}, "geometry": {"type": "Point", "coordinates": [-0.2855065, 5.5710149]}}, {"type": "Feature", "properties": {"stop_id": "5040045040", "name": "Weija"}, "geometry": {"type": "Point", "coordinates": [-0.3373797, 5.5722546]}}, {"type": "Feature", "properties": {"stop_id": "5040045041", "name": "Weija Market"}, "geometry": {"type": "Point", "coordinates": [-0.3346752, 5.5710576]}}, {"type": "Feature", "properties": {"stop_id": "SA5045437549", "name": "A.M.A"}, "geometry": {"type": "Point", "coordinates": [-0.2362923, 5.5754828]}}, {"type": "Feature", "properties": {"stop_id": "SA5045437548", "name": "Paradise"}, "geometry": {"type": "Point", "coordinates": [-0.2393714, 5.5860981]}}, {"type": "Feature", "properties": {"stop_id": "SA4974193122", "name": "Opeibea First"}, "geometry": {"type": "Point", "coordinates": [-0.1795113, 5.5980107]}}, {"type": "Feature", "properties": {"stop_id": "SA4974193123", "name": "37 Hospital"}, "geometry": {"type": "Point", "coordinates": [-0.1831067, 5.587623]}}, {"type": "Feature", "properties": {"stop_id": "SA4974193124", "name": "Sankara"}, "geometry": {"type": "Point", "coordinates": [-0.1912352, 5.5707147]}}, {"type": "Feature", "properties": {"stop_id": "SA4974193125", "name": "Ridge"}, "geometry": {"type": "Point", "coordinates": [-0.1966274, 5.5605037]}}, {"type": "Feature", "properties": {"stop_id": "5020021371", "name": "Achimota Overhead"}, "geometry": {"type": "Point", "coordinates": [-0.2303119, 5.6199311]}}, {"type": "Feature", "properties": {"stop_id": "SA5023052029", "name": "Champion"}, "geometry": {"type": "Point", "coordinates": [-0.2493454, 5.6425907]}}, {"type": "Feature", "properties": {"stop_id": "SA5023052028", "name": "Assemblies"}, "geometry": {"type": "Point", "coordinates": [-0.2722296, 5.6588991]}}, {"type": "Feature", "properties": {"stop_id": "SA5024569744", "name": "Adusah Block Factory"}, "geometry": {"type": "Point", "coordinates": [-0.2730378, 5.7320935]}}, {"type": "Feature", "properties": {"stop_id": "SA5047154062", "name": "Bawaleshie Traffic Light"}, "geometry": {"type": "Point", "coordinates": [-0.1691411, 5.6416293]}}, {"type": "Feature", "properties": {"stop_id": "SA5010303812", "name": "Tantra Reservoir"}, "geometry": {"type": "Point", "coordinates": [-0.2506472, 5.6416549]}}, {"type": "Feature", "properties": {"stop_id": "SA5010303811", "name": "Tantra Hills Estate"}, "geometry": {"type": "Point", "coordinates": [-0.2506448, 5.6361666]}}, {"type": "Feature", "properties": {"stop_id": "5104165254", "name": "Osu Cemetry Junction"}, "geometry": {"type": "Point", "coordinates": [-0.1893916, 5.5531368]}}, {"type": "Feature", "properties": {"stop_id": "5104165253", "name": "Osu Salem"}, "geometry": {"type": "Point", "coordinates": [-0.185967, 5.5559081]}}, {"type": "Feature", "properties": {"stop_id": "5104165252", "name": "Kaadzano Junction"}, "geometry": {"type": "Point", "coordinates": [-0.1744149, 5.5536535]}}, {"type": "Feature", "properties": {"stop_id": "5104165251", "name": "La Olympia"}, "geometry": {"type": "Point", "coordinates": [-0.1585498, 5.5596887]}}, {"type": "Feature", "properties": {"stop_id": "SA5013209307", "name": "Bola Junction"}, "geometry": {"type": "Point", "coordinates": [-0.2870201, 5.5734026]}}, {"type": "Feature", "properties": {"stop_id": "SA5013209306", "name": "Mallam Gbawe"}, "geometry": {"type": "Point", "coordinates": [-0.3095373, 5.5767395]}}, {"type": "Feature", "properties": {"stop_id": "SA5104904324", "name": "Ridge"}, "geometry": {"type": "Point", "coordinates": [-0.2016787, 5.563561]}}, {"type": "Feature", "properties": {"stop_id": "SA5013209303", "name": "Gbawe Kwatey Road"}, "geometry": {"type": "Point", "coordinates": [-0.2942497, 5.5767319]}}, {"type": "Feature", "properties": {"stop_id": "SA5013209302", "name": "Mallam Road"}, "geometry": {"type": "Point", "coordinates": [-0.30845, 5.5772391]}}, {"type": "Feature", "properties": {"stop_id": "5020021372", "name": "Achimota Old Station"}, "geometry": {"type": "Point", "coordinates": [-0.2289824, 5.6151636]}}, {"type": "Feature", "properties": {"stop_id": "SA2581150583", "name": "Shiashie"}, "geometry": {"type": "Point", "coordinates": [-0.1764355, 5.6276839]}}, {"type": "Feature", "properties": {"stop_id": "5052665988", "name": "Ashaiman Traffic Junction"}, "geometry": {"type": "Point", "coordinates": [-0.029393, 5.6869257]}}, {"type": "Feature", "properties": {"stop_id": "4992783156", "name": "Neoplan"}, "geometry": {"type": "Point", "coordinates": [-0.2185707, 5.5695212]}}, {"type": "Feature", "properties": {"stop_id": "5010113612", "name": "Vineyard"}, "geometry": {"type": "Point", "coordinates": [-0.2729429, 5.5859568]}}, {"type": "Feature", "properties": {"stop_id": "SA5111790654", "name": "Filling Station"}, "geometry": {"type": "Point", "coordinates": [-0.2539324, 5.5591365]}}, {"type": "Feature", "properties": {"stop_id": "SA5111790656", "name": "Station"}, "geometry": {"type": "Point", "coordinates": [-0.2528763, 5.566682]}}, {"type": "Feature", "properties": {"stop_id": "SA5024136427", "name": "Rigal Bus stop 2"}, "geometry": {"type": "Point", "coordinates": [-0.1761098, 5.5531387]}}, {"type": "Feature", "properties": {"stop_id": "4992365325", "name": "Energy"}, "geometry": {"type": "Point", "coordinates": [-0.1433853, 5.630844]}}, {"type": "Feature", "properties": {"stop_id": "SA5024136426", "name": "Shell"}, "geometry": {"type": "Point", "coordinates": [-0.1789361, 5.5520707]}}, {"type": "Feature", "properties": {"stop_id": "SA5026070131", "name": "CPP"}, "geometry": {"type": "Point", "coordinates": [-0.230742, 5.582812]}}, {"type": "Feature", "properties": {"stop_id": "SA4990252731", "name": "Jesus and Mary"}, "geometry": {"type": "Point", "coordinates": [-0.2460741, 5.6308278]}}, {"type": "Feature", "properties": {"stop_id": "SA4990252730", "name": "Masalaashi"}, "geometry": {"type": "Point", "coordinates": [-0.2451977, 5.6314823]}}, {"type": "Feature", "properties": {"stop_id": "SA4990252733", "name": "Mile 7 T-Junction"}, "geometry": {"type": "Point", "coordinates": [-0.2505962, 5.6263989]}}, {"type": "Feature", "properties": {"stop_id": "SA4990252732", "name": "Mile 7 Clinic"}, "geometry": {"type": "Point", "coordinates": [-0.2478736, 5.629669]}}, {"type": "Feature", "properties": {"stop_id": "SA4990252735", "name": "Fishpond"}, "geometry": {"type": "Point", "coordinates": [-0.2499147, 5.6185649]}}, {"type": "Feature", "properties": {"stop_id": "SA4990252734", "name": "Family Life"}, "geometry": {"type": "Point", "coordinates": [-0.2484473, 5.6224046]}}, {"type": "Feature", "properties": {"stop_id": "5022509198", "name": "Arena"}, "geometry": {"type": "Point", "coordinates": [-0.2153515, 5.5455298]}}, {"type": "Feature", "properties": {"stop_id": "5010113613", "name": "Hong Kong"}, "geometry": {"type": "Point", "coordinates": [-0.261077, 5.6012928]}}, {"type": "Feature", "properties": {"stop_id": "4992365324", "name": "Flower Pot"}, "geometry": {"type": "Point", "coordinates": [-0.1535764, 5.6269062]}}, {"type": "Feature", "properties": {"stop_id": "4997066317", "name": "Adenta Station"}, "geometry": {"type": "Point", "coordinates": [-0.1656149, 5.7060932]}}, {"type": "Feature", "properties": {"stop_id": "5039861616", "name": "Electricity Junction"}, "geometry": {"type": "Point", "coordinates": [-0.2201231, 5.5799647]}}, {"type": "Feature", "properties": {"stop_id": "5005030174", "name": "Commercial Bank"}, "geometry": {"type": "Point", "coordinates": [-0.2063164, 5.5853664]}}, {"type": "Feature", "properties": {"stop_id": "5104249330", "name": "Okponglo"}, "geometry": {"type": "Point", "coordinates": [-0.1763916, 5.6409416]}}, {"type": "Feature", "properties": {"stop_id": "SA5093104322", "name": "Flamingo"}, "geometry": {"type": "Point", "coordinates": [-0.2445081, 5.5645406]}}, {"type": "Feature", "properties": {"stop_id": "SA5064189145", "name": "Estate"}, "geometry": {"type": "Point", "coordinates": [-0.3650513, 5.7256508]}}, {"type": "Feature", "properties": {"stop_id": "SA5064189147", "name": "Kwashiekuma"}, "geometry": {"type": "Point", "coordinates": [-0.3614676, 5.7111923]}}, {"type": "Feature", "properties": {"stop_id": "SA5064189140", "name": "Akotoshi no.1"}, "geometry": {"type": "Point", "coordinates": [-0.3485668, 5.745609]}}, {"type": "Feature", "properties": {"stop_id": "SA5064189141", "name": "Rafiki"}, "geometry": {"type": "Point", "coordinates": [-0.3496052, 5.7449102]}}, {"type": "Feature", "properties": {"stop_id": "SA5064189142", "name": "Kotokou station"}, "geometry": {"type": "Point", "coordinates": [-0.3565557, 5.7400116]}}, {"type": "Feature", "properties": {"stop_id": "SA5064189143", "name": "Kwarteman"}, "geometry": {"type": "Point", "coordinates": [-0.353171, 5.7362661]}}, {"type": "Feature", "properties": {"stop_id": "5010113614", "name": "Kata"}, "geometry": {"type": "Point", "coordinates": [-0.2595904, 5.6022547]}}, {"type": "Feature", "properties": {"stop_id": "4977925526", "name": "Legon Second Gate"}, "geometry": {"type": "Point", "coordinates": [-0.1773683, 5.6375586]}}, {"type": "Feature", "properties": {"stop_id": "SA4994875969", "name": "Roxy Cinema"}, "geometry": {"type": "Point", "coordinates": [-0.2124429, 5.5577685]}}, {"type": "Feature", "properties": {"stop_id": "SA4994875968", "name": "Accra UTC"}, "geometry": {"type": "Point", "coordinates": [-0.210626, 5.5495887]}}, {"type": "Feature", "properties": {"stop_id": "5095822098", "name": "Pentecost"}, "geometry": {"type": "Point", "coordinates": [-0.2739806, 5.6137664]}}, {"type": "Feature", "properties": {"stop_id": "SA5039839200", "name": "Dannex"}, "geometry": {"type": "Point", "coordinates": [-0.2228277, 5.574225]}}, {"type": "Feature", "properties": {"stop_id": "5026060290", "name": "SSNIT"}, "geometry": {"type": "Point", "coordinates": [-0.1817012, 5.5627294]}}, {"type": "Feature", "properties": {"stop_id": "5095822094", "name": "Block factory Sowutuom"}, "geometry": {"type": "Point", "coordinates": [-0.2890952, 5.6311019]}}, {"type": "Feature", "properties": {"stop_id": "5095822095", "name": "Heavenly Church"}, "geometry": {"type": "Point", "coordinates": [-0.2855866, 5.6271502]}}, {"type": "Feature", "properties": {"stop_id": "5095822096", "name": "Masalaachi Sowutuom"}, "geometry": {"type": "Point", "coordinates": [-0.2853957, 5.626257]}}, {"type": "Feature", "properties": {"stop_id": "5095822097", "name": "Mystical Rose Int School Junction"}, "geometry": {"type": "Point", "coordinates": [-0.2744266, 5.6152467]}}, {"type": "Feature", "properties": {"stop_id": "5095822093", "name": "Sowutuom"}, "geometry": {"type": "Point", "coordinates": [-0.2905494, 5.6311167]}}, {"type": "Feature", "properties": {"stop_id": "5047542834", "name": "Korle er naa"}, "geometry": {"type": "Point", "coordinates": [-0.2193863, 5.5314145]}}, {"type": "Feature", "properties": {"stop_id": "5040165398", "name": "Frensho"}, "geometry": {"type": "Point", "coordinates": [-0.1933249, 5.6017437]}}, {"type": "Feature", "properties": {"stop_id": "5047542832", "name": "White House"}, "geometry": {"type": "Point", "coordinates": [-0.2326423, 5.5283354]}}, {"type": "Feature", "properties": {"stop_id": "5047542833", "name": "Korle beach resort"}, "geometry": {"type": "Point", "coordinates": [-0.2279085, 5.5293018]}}, {"type": "Feature", "properties": {"stop_id": "5047542830", "name": "Wolarm"}, "geometry": {"type": "Point", "coordinates": [-0.2355746, 5.5277463]}}, {"type": "Feature", "properties": {"stop_id": "5047542831", "name": "Galilee"}, "geometry": {"type": "Point", "coordinates": [-0.2335019, 5.5281617]}}, {"type": "Feature", "properties": {"stop_id": "5010113615", "name": "Kwashieman Junction"}, "geometry": {"type": "Point", "coordinates": [-0.2668543, 5.5941616]}}, {"type": "Feature", "properties": {"stop_id": "5113528013", "name": "Lamptey Mills Junction"}, "geometry": {"type": "Point", "coordinates": [-0.2358832, 5.5561515]}}, {"type": "Feature", "properties": {"stop_id": "SA4752602021", "name": "Okponglo"}, "geometry": {"type": "Point", "coordinates": [-0.1781459, 5.6396084]}}, {"type": "Feature", "properties": {"stop_id": "5113195634", "name": "Pawpaw"}, "geometry": {"type": "Point", "coordinates": [-0.1942655, 5.6858329]}}, {"type": "Feature", "properties": {"stop_id": "5113528014", "name": "Kaneshie Zongo"}, "geometry": {"type": "Point", "coordinates": [-0.2360096, 5.5525423]}}, {"type": "Feature", "properties": {"stop_id": "SA5051112449", "name": "Awoshie Vineyard"}, "geometry": {"type": "Point", "coordinates": [-0.2743695, 5.5844992]}}, {"type": "Feature", "properties": {"stop_id": "SA5051112448", "name": "Awoshie Amangoase"}, "geometry": {"type": "Point", "coordinates": [-0.2778301, 5.5864521]}}, {"type": "Feature", "properties": {"stop_id": "5113124899", "name": "Communication"}, "geometry": {"type": "Point", "coordinates": [-0.2086516, 5.6538735]}}, {"type": "Feature", "properties": {"stop_id": "SA5012075057", "name": "Trade Fair"}, "geometry": {"type": "Point", "coordinates": [-0.1474347, 5.569156]}}, {"type": "Feature", "properties": {"stop_id": "5035800238", "name": "Tesano Gardens"}, "geometry": {"type": "Point", "coordinates": [-0.2311306, 5.5982905]}}, {"type": "Feature", "properties": {"stop_id": "5035800239", "name": "Abeka Bcos Junction"}, "geometry": {"type": "Point", "coordinates": [-0.2348019, 5.5988017]}}, {"type": "Feature", "properties": {"stop_id": "SA5051112441", "name": "Fanmilk Junction"}, "geometry": {"type": "Point", "coordinates": [-0.2984659, 5.6219947]}}, {"type": "Feature", "properties": {"stop_id": "5035800237", "name": "Fitting Shop"}, "geometry": {"type": "Point", "coordinates": [-0.2262839, 5.5991828]}}, {"type": "Feature", "properties": {"stop_id": "SA5051112443", "name": "Anyaa School Junction"}, "geometry": {"type": "Point", "coordinates": [-0.2930233, 5.6028846]}}, {"type": "Feature", "properties": {"stop_id": "SA5051112442", "name": "NIC"}, "geometry": {"type": "Point", "coordinates": [-0.296214, 5.6137148]}}, {"type": "Feature", "properties": {"stop_id": "SA5051112445", "name": "Awoshie Onyinase"}, "geometry": {"type": "Point", "coordinates": [-0.2865352, 5.5915481]}}, {"type": "Feature", "properties": {"stop_id": "SA5051112444", "name": "Anyaa Market (Awoshie)"}, "geometry": {"type": "Point", "coordinates": [-0.2906915, 5.5991156]}}, {"type": "Feature", "properties": {"stop_id": "SA5051112446", "name": "Abrantie"}, "geometry": {"type": "Point", "coordinates": [-0.281869, 5.588814]}}, {"type": "Feature", "properties": {"stop_id": "5104184939", "name": "Osu Salem"}, "geometry": {"type": "Point", "coordinates": [-0.1843583, 5.552133]}}, {"type": "Feature", "properties": {"stop_id": "5104184938", "name": "Osu Police Station"}, "geometry": {"type": "Point", "coordinates": [-0.1778036, 5.5525029]}}, {"type": "Feature", "properties": {"stop_id": "SA5113195625", "name": "Kwashieman Junction"}, "geometry": {"type": "Point", "coordinates": [-0.2101245, 5.6493102]}}, {"type": "Feature", "properties": {"stop_id": "5040165392", "name": "High Flow"}, "geometry": {"type": "Point", "coordinates": [-0.186245, 5.6101959]}}, {"type": "Feature", "properties": {"stop_id": "5043131238", "name": "Family Friend"}, "geometry": {"type": "Point", "coordinates": [-0.2733205, 5.6003962]}}, {"type": "Feature", "properties": {"stop_id": "SA5113195629", "name": "Block Factory"}, "geometry": {"type": "Point", "coordinates": [-0.2044844, 5.6722116]}}, {"type": "Feature", "properties": {"stop_id": "5025202269", "name": "Accra Post Office"}, "geometry": {"type": "Point", "coordinates": [-0.2089857, 5.5405002]}}, {"type": "Feature", "properties": {"stop_id": "5022199348", "name": "Las Palmas"}, "geometry": {"type": "Point", "coordinates": [-0.2490504, 5.6068938]}}, {"type": "Feature", "properties": {"stop_id": "SA5028483804", "name": "Curve"}, "geometry": {"type": "Point", "coordinates": [-0.1308059, 5.5957384]}}, {"type": "Feature", "properties": {"stop_id": "SA5028483805", "name": "Rasta"}, "geometry": {"type": "Point", "coordinates": [-0.131002, 5.5850886]}}, {"type": "Feature", "properties": {"stop_id": "SA5024437368", "name": "Ekutu Junction"}, "geometry": {"type": "Point", "coordinates": [-0.2370347, 5.5684977]}}, {"type": "Feature", "properties": {"stop_id": "SA5028483807", "name": "Container"}, "geometry": {"type": "Point", "coordinates": [-0.1305979, 5.578719]}}, {"type": "Feature", "properties": {"stop_id": "SA5012075059", "name": "Home Touch"}, "geometry": {"type": "Point", "coordinates": [-0.1681506, 5.587133]}}, {"type": "Feature", "properties": {"stop_id": "SA5028483801", "name": "ECG"}, "geometry": {"type": "Point", "coordinates": [-0.1201833, 5.6011943]}}, {"type": "Feature", "properties": {"stop_id": "SA5028483802", "name": "Junction"}, "geometry": {"type": "Point", "coordinates": [-0.1216968, 5.5948142]}}, {"type": "Feature", "properties": {"stop_id": "SA5028483803", "name": "Curve"}, "geometry": {"type": "Point", "coordinates": [-0.1259056, 5.5967663]}}, {"type": "Feature", "properties": {"stop_id": "5050667454", "name": "Attah Junction"}, "geometry": {"type": "Point", "coordinates": [-0.2651625, 5.6101907]}}, {"type": "Feature", "properties": {"stop_id": "SA5012075054", "name": "First Junction"}, "geometry": {"type": "Point", "coordinates": [-0.0994342, 5.587495]}}, {"type": "Feature", "properties": {"stop_id": "5050667456", "name": "Phobia Junction"}, "geometry": {"type": "Point", "coordinates": [-0.2696814, 5.6133366]}}, {"type": "Feature", "properties": {"stop_id": "SA5012075056", "name": "La Beach Hotel"}, "geometry": {"type": "Point", "coordinates": [-0.138769, 5.5643143]}}, {"type": "Feature", "properties": {"stop_id": "4998045793", "name": "Abodwe"}, "geometry": {"type": "Point", "coordinates": [-0.2422865, 5.53506]}}, {"type": "Feature", "properties": {"stop_id": "4998045792", "name": "Sempe Second"}, "geometry": {"type": "Point", "coordinates": [-0.2400797, 5.5375136]}}, {"type": "Feature", "properties": {"stop_id": "4998045791", "name": "Kaneshie Takoradi Station"}, "geometry": {"type": "Point", "coordinates": [-0.2370755, 5.5648094]}}, {"type": "Feature", "properties": {"stop_id": "SA5012075052", "name": "Cold Store"}, "geometry": {"type": "Point", "coordinates": [-0.085651, 5.5958154]}}, {"type": "Feature", "properties": {"stop_id": "SA5113528014", "name": "Kaneshie Zongo"}, "geometry": {"type": "Point", "coordinates": [-0.2360096, 5.5525423]}}, {"type": "Feature", "properties": {"stop_id": "SA4980974736", "name": "Kasoa Station"}, "geometry": {"type": "Point", "coordinates": [-0.2401432, 5.5562747]}}, {"type": "Feature", "properties": {"stop_id": "5010252539", "name": "Tantra Hills"}, "geometry": {"type": "Point", "coordinates": [-0.2472712, 5.6460553]}}, {"type": "Feature", "properties": {"stop_id": "5012402221", "name": "Kpogas"}, "geometry": {"type": "Point", "coordinates": [-0.1006644, 5.635189]}}, {"type": "Feature", "properties": {"stop_id": "SA4980974733", "name": "Dansoman Junction"}, "geometry": {"type": "Point", "coordinates": [-0.2376365, 5.5632117]}}, {"type": "Feature", "properties": {"stop_id": "SA5010786349", "name": "Junction"}, "geometry": {"type": "Point", "coordinates": [-0.1426688, 5.5843281]}}, {"type": "Feature", "properties": {"stop_id": "SA4980974731", "name": "Kaneshie"}, "geometry": {"type": "Point", "coordinates": [-0.2358676, 5.5640961]}}, {"type": "Feature", "properties": {"stop_id": "SA4980974730", "name": "Korle Bu Junction"}, "geometry": {"type": "Point", "coordinates": [-0.2399263, 5.5436043]}}, {"type": "Feature", "properties": {"stop_id": "SA5010786347", "name": "Tse Addo"}, "geometry": {"type": "Point", "coordinates": [-0.1385354, 5.5876178]}}, {"type": "Feature", "properties": {"stop_id": "5010252537", "name": "Income Tax"}, "geometry": {"type": "Point", "coordinates": [-0.2630976, 5.6564432]}}, {"type": "Feature", "properties": {"stop_id": "SA4980974739", "name": "Radio Gold"}, "geometry": {"type": "Point", "coordinates": [-0.2401327, 5.5480701]}}, {"type": "Feature", "properties": {"stop_id": "SA4980974738", "name": "Black Smith"}, "geometry": {"type": "Point", "coordinates": [-0.2401201, 5.5511073]}}, {"type": "Feature", "properties": {"stop_id": "SA5012075051", "name": "Nungua"}, "geometry": {"type": "Point", "coordinates": [-0.0791144, 5.6022292]}}, {"type": "Feature", "properties": {"stop_id": "5041513177", "name": "Nyamekye Junction"}, "geometry": {"type": "Point", "coordinates": [-0.2547369, 5.6044867]}}, {"type": "Feature", "properties": {"stop_id": "5040075678", "name": "Deeper life junction"}, "geometry": {"type": "Point", "coordinates": [-0.207511, 5.5911932]}}, {"type": "Feature", "properties": {"stop_id": "5040075679", "name": "Ojawe"}, "geometry": {"type": "Point", "coordinates": [-0.2080939, 5.5950069]}}, {"type": "Feature", "properties": {"stop_id": "5040133319", "name": "Bostal Curve"}, "geometry": {"type": "Point", "coordinates": [-0.1878624, 5.6056102]}}, {"type": "Feature", "properties": {"stop_id": "5040075676", "name": "Avenor"}, "geometry": {"type": "Point", "coordinates": [-0.2168103, 5.580647]}}, {"type": "Feature", "properties": {"stop_id": "5040075677", "name": "Olympic junction"}, "geometry": {"type": "Point", "coordinates": [-0.2101294, 5.5852405]}}, {"type": "Feature", "properties": {"stop_id": "5040075674", "name": "Kingsway"}, "geometry": {"type": "Point", "coordinates": [-0.2109297, 5.5518572]}}, {"type": "Feature", "properties": {"stop_id": "5040075675", "name": "Adabraka"}, "geometry": {"type": "Point", "coordinates": [-0.2144044, 5.5649038]}}, {"type": "Feature", "properties": {"stop_id": "5064916995", "name": "Biscuit Factory"}, "geometry": {"type": "Point", "coordinates": [-0.0672222, 5.6643226]}}, {"type": "Feature", "properties": {"stop_id": "5064916994", "name": "Abattoir"}, "geometry": {"type": "Point", "coordinates": [-0.072688, 5.662129]}}, {"type": "Feature", "properties": {"stop_id": "5064916996", "name": "Under Bridge"}, "geometry": {"type": "Point", "coordinates": [-0.0438795, 5.6750143]}}, {"type": "Feature", "properties": {"stop_id": "5064916991", "name": "Toll booth"}, "geometry": {"type": "Point", "coordinates": [-0.1455015, 5.6342154]}}, {"type": "Feature", "properties": {"stop_id": "5064916990", "name": "Flower Pot"}, "geometry": {"type": "Point", "coordinates": [-0.1548285, 5.6302277]}}, {"type": "Feature", "properties": {"stop_id": "5064916993", "name": "KICC"}, "geometry": {"type": "Point", "coordinates": [-0.0935572, 5.6551537]}}, {"type": "Feature", "properties": {"stop_id": "5064916992", "name": "Police Station"}, "geometry": {"type": "Point", "coordinates": [-0.1050284, 5.6505728]}}, {"type": "Feature", "properties": {"stop_id": "5041513173", "name": "Family Friend"}, "geometry": {"type": "Point", "coordinates": [-0.2732295, 5.6003628]}}, {"type": "Feature", "properties": {"stop_id": "SA5112822913", "name": "Kanda Overhead"}, "geometry": {"type": "Point", "coordinates": [-0.1983432, 5.5747177]}}, {"type": "Feature", "properties": {"stop_id": "4990162113", "name": "Eno"}, "geometry": {"type": "Point", "coordinates": [-0.241571, 5.602627]}}, {"type": "Feature", "properties": {"stop_id": "5040070775", "name": "Darkuman Junction"}, "geometry": {"type": "Point", "coordinates": [-0.2544491, 5.5761129]}}, {"type": "Feature", "properties": {"stop_id": "SA5082993455", "name": "Galloway"}, "geometry": {"type": "Point", "coordinates": [-0.218063, 5.5480245]}}, {"type": "Feature", "properties": {"stop_id": "SA5082993457", "name": "Abossey Okai junction"}, "geometry": {"type": "Point", "coordinates": [-0.2336468, 5.5559064]}}, {"type": "Feature", "properties": {"stop_id": "SA5082993456", "name": "Sabolai"}, "geometry": {"type": "Point", "coordinates": [-0.2253995, 5.5550324]}}, {"type": "Feature", "properties": {"stop_id": "SA5024322028", "name": "Pokuase Old Station"}, "geometry": {"type": "Point", "coordinates": [-0.2830946, 5.6908021]}}, {"type": "Feature", "properties": {"stop_id": "SA5105027556", "name": "Academy"}, "geometry": {"type": "Point", "coordinates": [-0.2711852, 5.5291558]}}, {"type": "Feature", "properties": {"stop_id": "5029108940", "name": "Bridge"}, "geometry": {"type": "Point", "coordinates": [-0.1771379, 5.5649713]}}, {"type": "Feature", "properties": {"stop_id": "SA5043547849", "name": "Chokor/ Chemuna"}, "geometry": {"type": "Point", "coordinates": [-0.2504633, 5.5262464]}}, {"type": "Feature", "properties": {"stop_id": "SA5082993459", "name": "Zongo junction"}, "geometry": {"type": "Point", "coordinates": [-0.2405444, 5.5574766]}}, {"type": "Feature", "properties": {"stop_id": "5024785670", "name": "Mental"}, "geometry": {"type": "Point", "coordinates": [-0.2045667, 5.5626314]}}, {"type": "Feature", "properties": {"stop_id": "4995193051", "name": "Social Welfare"}, "geometry": {"type": "Point", "coordinates": [-0.2343274, 5.5688102]}}, {"type": "Feature", "properties": {"stop_id": "4995193050", "name": "Kaneshie Last Stop"}, "geometry": {"type": "Point", "coordinates": [-0.2340054, 5.566246]}}, {"type": "Feature", "properties": {"stop_id": "4995193053", "name": "Kaneshie Polyclinic"}, "geometry": {"type": "Point", "coordinates": [-0.2306941, 5.5742633]}}, {"type": "Feature", "properties": {"stop_id": "SA3676894846", "name": "Site 10"}, "geometry": {"type": "Point", "coordinates": [0.0002416, 5.6510377]}}, {"type": "Feature", "properties": {"stop_id": "5120539773", "name": "Graphic"}, "geometry": {"type": "Point", "coordinates": [-0.216882, 5.5547868]}}, {"type": "Feature", "properties": {"stop_id": "4995193054", "name": "Masalakyi"}, "geometry": {"type": "Point", "coordinates": [-0.2316552, 5.5849443]}}, {"type": "Feature", "properties": {"stop_id": "5038307543", "name": "Damresco"}, "geometry": {"type": "Point", "coordinates": [-0.2183392, 5.6384216]}}, {"type": "Feature", "properties": {"stop_id": "5038307542", "name": "Colf store"}, "geometry": {"type": "Point", "coordinates": [-0.2169849, 5.6371407]}}, {"type": "Feature", "properties": {"stop_id": "4990162112", "name": "Fadama Junction"}, "geometry": {"type": "Point", "coordinates": [-0.2424967, 5.6030771]}}, {"type": "Feature", "properties": {"stop_id": "SA5012075053", "name": "Brigade"}, "geometry": {"type": "Point", "coordinates": [-0.0889986, 5.5937887]}}, {"type": "Feature", "properties": {"stop_id": "SA4984742321", "name": "Flagstaff House"}, "geometry": {"type": "Point", "coordinates": [-0.1879467, 5.5762059]}}, {"type": "Feature", "properties": {"stop_id": "SA5045239822", "name": "Bank"}, "geometry": {"type": "Point", "coordinates": [-0.2543862, 5.5362606]}}, {"type": "Feature", "properties": {"stop_id": "SA5045239823", "name": "Clinic"}, "geometry": {"type": "Point", "coordinates": [-0.2450368, 5.5383283]}}, {"type": "Feature", "properties": {"stop_id": "4990644989", "name": "Manet"}, "geometry": {"type": "Point", "coordinates": [-0.1264227, 5.6376596]}}, {"type": "Feature", "properties": {"stop_id": "4990644988", "name": "Lion"}, "geometry": {"type": "Point", "coordinates": [-0.1232697, 5.6389049]}}, {"type": "Feature", "properties": {"stop_id": "SA5045239824", "name": "Downright"}, "geometry": {"type": "Point", "coordinates": [-0.2429357, 5.5397505]}}, {"type": "Feature", "properties": {"stop_id": "SA5045239825", "name": "Summerhut"}, "geometry": {"type": "Point", "coordinates": [-0.2395878, 5.5405319]}}, {"type": "Feature", "properties": {"stop_id": "4990644983", "name": "Coke"}, "geometry": {"type": "Point", "coordinates": [-0.1108132, 5.6431943]}}, {"type": "Feature", "properties": {"stop_id": "SA5022942961", "name": "Agbogbloshie"}, "geometry": {"type": "Point", "coordinates": [-0.2163592, 5.5499675]}}, {"type": "Feature", "properties": {"stop_id": "4990644981", "name": "Shell Signboard"}, "geometry": {"type": "Point", "coordinates": [-0.1044998, 5.637421]}}, {"type": "Feature", "properties": {"stop_id": "4990644980", "name": "Costal"}, "geometry": {"type": "Point", "coordinates": [-0.1004211, 5.6349644]}}, {"type": "Feature", "properties": {"stop_id": "4990644987", "name": "Printex"}, "geometry": {"type": "Point", "coordinates": [-0.1194479, 5.6404354]}}, {"type": "Feature", "properties": {"stop_id": "4990644986", "name": "Herbalife"}, "geometry": {"type": "Point", "coordinates": [-0.1174757, 5.6412267]}}, {"type": "Feature", "properties": {"stop_id": "4990644985", "name": "Blue Gate"}, "geometry": {"type": "Point", "coordinates": [-0.1146587, 5.6423513]}}, {"type": "Feature", "properties": {"stop_id": "4990644984", "name": "Junction Wise"}, "geometry": {"type": "Point", "coordinates": [-0.1127662, 5.6431443]}}, {"type": "Feature", "properties": {"stop_id": "5111784810", "name": "New Russia"}, "geometry": {"type": "Point", "coordinates": [-0.2570488, 5.5561363]}}, {"type": "Feature", "properties": {"stop_id": "5025827612", "name": "Pamprom"}, "geometry": {"type": "Point", "coordinates": [-0.2325967, 5.5633981]}}, {"type": "Feature", "properties": {"stop_id": "5025827613", "name": "Fata"}, "geometry": {"type": "Point", "coordinates": [-0.2219632, 5.5570165]}}, {"type": "Feature", "properties": {"stop_id": "5025827614", "name": "Graphic"}, "geometry": {"type": "Point", "coordinates": [-0.2187955, 5.5555348]}}, {"type": "Feature", "properties": {"stop_id": "5025827615", "name": "After Dat"}, "geometry": {"type": "Point", "coordinates": [-0.2149149, 5.557122]}}, {"type": "Feature", "properties": {"stop_id": "5112961115", "name": "Mallata"}, "geometry": {"type": "Point", "coordinates": [-0.2079011, 5.5776657]}}, {"type": "Feature", "properties": {"stop_id": "5021998663", "name": "Parakuo"}, "geometry": {"type": "Point", "coordinates": [-0.2218822, 5.6418508]}}, {"type": "Feature", "properties": {"stop_id": "4977927743", "name": "Airport Second"}, "geometry": {"type": "Point", "coordinates": [-0.1781224, 5.6041926]}}, {"type": "Feature", "properties": {"stop_id": "SA5047423649", "name": "Glefe Station"}, "geometry": {"type": "Point", "coordinates": [-0.2737437, 5.5216398]}}, {"type": "Feature", "properties": {"stop_id": "SA5035473850", "name": "Mangoase"}, "geometry": {"type": "Point", "coordinates": [-0.248217, 5.5862569]}}, {"type": "Feature", "properties": {"stop_id": "5119306504", "name": "Konka Curve"}, "geometry": {"type": "Point", "coordinates": [-0.1937817, 5.5956824]}}, {"type": "Feature", "properties": {"stop_id": "4996770218", "name": "Omanko"}, "geometry": {"type": "Point", "coordinates": [-0.2536072, 5.5557969]}}, {"type": "Feature", "properties": {"stop_id": "4996770215", "name": "Seventh Day Adventist"}, "geometry": {"type": "Point", "coordinates": [-0.246258, 5.5591138]}}, {"type": "Feature", "properties": {"stop_id": "4996770214", "name": "JT"}, "geometry": {"type": "Point", "coordinates": [-0.2452565, 5.5626227]}}, {"type": "Feature", "properties": {"stop_id": "4996770217", "name": "Russia"}, "geometry": {"type": "Point", "coordinates": [-0.2510543, 5.5564131]}}, {"type": "Feature", "properties": {"stop_id": "4996770216", "name": "Paa Willie"}, "geometry": {"type": "Point", "coordinates": [-0.251848, 5.5595961]}}, {"type": "Feature", "properties": {"stop_id": "SA5047423645", "name": "Assemblies"}, "geometry": {"type": "Point", "coordinates": [-0.2689547, 5.5269908]}}, {"type": "Feature", "properties": {"stop_id": "SA5047423644", "name": "Curve"}, "geometry": {"type": "Point", "coordinates": [-0.2679239, 5.5276423]}}, {"type": "Feature", "properties": {"stop_id": "4996770213", "name": "First Light"}, "geometry": {"type": "Point", "coordinates": [-0.2426501, 5.5678938]}}, {"type": "Feature", "properties": {"stop_id": "SA5082619899", "name": "Market"}, "geometry": {"type": "Point", "coordinates": [-0.2216032, 5.5512025]}}, {"type": "Feature", "properties": {"stop_id": "5102717951", "name": "Fire Service"}, "geometry": {"type": "Point", "coordinates": [-0.2169306, 5.5321095]}}, {"type": "Feature", "properties": {"stop_id": "5102717950", "name": "Nzunzu"}, "geometry": {"type": "Point", "coordinates": [-0.2241098, 5.5301095]}}, {"type": "Feature", "properties": {"stop_id": "SA5010113605", "name": "Second"}, "geometry": {"type": "Point", "coordinates": [-0.4189544, 5.5355393]}}, {"type": "Feature", "properties": {"stop_id": "5064268101", "name": "Junction"}, "geometry": {"type": "Point", "coordinates": [-0.2333063, 5.5960832]}}, {"type": "Feature", "properties": {"stop_id": "5040597013", "name": "Lomnava"}, "geometry": {"type": "Point", "coordinates": [-0.2826545, 5.6400971]}}, {"type": "Feature", "properties": {"stop_id": "4990162109", "name": "Circle"}, "geometry": {"type": "Point", "coordinates": [-0.2132909, 5.5706712]}}, {"type": "Feature", "properties": {"stop_id": "SA5026574429", "name": "Awony3"}, "geometry": {"type": "Point", "coordinates": [-0.2390748, 5.5852883]}}, {"type": "Feature", "properties": {"stop_id": "SA5026574428", "name": "Ayigbe town"}, "geometry": {"type": "Point", "coordinates": [-0.2399984, 5.5834266]}}, {"type": "Feature", "properties": {"stop_id": "5040597017", "name": "Lomnava Last Stop"}, "geometry": {"type": "Point", "coordinates": [-0.2785844, 5.6358948]}}, {"type": "Feature", "properties": {"stop_id": "5040597016", "name": "Agenda"}, "geometry": {"type": "Point", "coordinates": [-0.2788107, 5.639606]}}, {"type": "Feature", "properties": {"stop_id": "SA5026574425", "name": "Obeyeyie"}, "geometry": {"type": "Point", "coordinates": [-0.2390148, 5.5791172]}}, {"type": "Feature", "properties": {"stop_id": "5040597018", "name": "Stelee Drug store"}, "geometry": {"type": "Point", "coordinates": [-0.2740448, 5.6357349]}}, {"type": "Feature", "properties": {"stop_id": "SA5026574427", "name": "Fita"}, "geometry": {"type": "Point", "coordinates": [-0.2390496, 5.5813456]}}, {"type": "Feature", "properties": {"stop_id": "SA5026574426", "name": "Ayigbe Town Old Station"}, "geometry": {"type": "Point", "coordinates": [-0.2398133, 5.5804387]}}, {"type": "Feature", "properties": {"stop_id": "SA5047542827", "name": "Agege Commando"}, "geometry": {"type": "Point", "coordinates": [-0.268442, 5.5273111]}}, {"type": "Feature", "properties": {"stop_id": "SA5026574423", "name": "Ola Balm"}, "geometry": {"type": "Point", "coordinates": [-0.2384366, 5.5760083]}}, {"type": "Feature", "properties": {"stop_id": "SA5047542824", "name": "Junction"}, "geometry": {"type": "Point", "coordinates": [-0.2711773, 5.5257416]}}, {"type": "Feature", "properties": {"stop_id": "SA5084325652", "name": "Nuumo Tse"}, "geometry": {"type": "Point", "coordinates": [-0.3389308, 5.6421026]}}, {"type": "Feature", "properties": {"stop_id": "SA5084325653", "name": "Twibleoo"}, "geometry": {"type": "Point", "coordinates": [-0.3365596, 5.6416207]}}, {"type": "Feature", "properties": {"stop_id": "SA5084325650", "name": "Junction"}, "geometry": {"type": "Point", "coordinates": [-0.3448599, 5.6430676]}}, {"type": "Feature", "properties": {"stop_id": "SA5084325651", "name": "Alavanyo"}, "geometry": {"type": "Point", "coordinates": [-0.3413544, 5.6426378]}}, {"type": "Feature", "properties": {"stop_id": "SA5084325656", "name": "Mangoase"}, "geometry": {"type": "Point", "coordinates": [-0.3314719, 5.6377213]}}, {"type": "Feature", "properties": {"stop_id": "SA5084325657", "name": "Paradise"}, "geometry": {"type": "Point", "coordinates": [-0.3283749, 5.635304]}}, {"type": "Feature", "properties": {"stop_id": "4997066315", "name": "Masalakyi"}, "geometry": {"type": "Point", "coordinates": [-0.231531, 5.5847277]}}, {"type": "Feature", "properties": {"stop_id": "5045217690", "name": "Good Shepherd"}, "geometry": {"type": "Point", "coordinates": [-0.2363187, 5.5838794]}}, {"type": "Feature", "properties": {"stop_id": "SA5030747554", "name": "Borla"}, "geometry": {"type": "Point", "coordinates": [-0.1978956, 5.5838624]}}, {"type": "Feature", "properties": {"stop_id": "SA5084325659", "name": "Ablekuma Block Factory"}, "geometry": {"type": "Point", "coordinates": [-0.3244384, 5.6322668]}}, {"type": "Feature", "properties": {"stop_id": "SA4977925526", "name": "Legon Second Gate"}, "geometry": {"type": "Point", "coordinates": [-0.1773683, 5.6375586]}}, {"type": "Feature", "properties": {"stop_id": "5012401319", "name": "Blue Gate"}, "geometry": {"type": "Point", "coordinates": [-0.1147912, 5.6424103]}}, {"type": "Feature", "properties": {"stop_id": "SA5008220722", "name": "Nii Ayi Kushie Street"}, "geometry": {"type": "Point", "coordinates": [-0.2498049, 5.6422381]}}, {"type": "Feature", "properties": {"stop_id": "SA5008220723", "name": "Taifa"}, "geometry": {"type": "Point", "coordinates": [-0.252853, 5.6583888]}}, {"type": "Feature", "properties": {"stop_id": "SA5008220726", "name": "Taifa Junction"}, "geometry": {"type": "Point", "coordinates": [-0.2516116, 5.6493606]}}, {"type": "Feature", "properties": {"stop_id": "SA5008220727", "name": "St. Anthony School"}, "geometry": {"type": "Point", "coordinates": [-0.2500769, 5.6194047]}}, {"type": "Feature", "properties": {"stop_id": "SA5008220724", "name": "Daavi"}, "geometry": {"type": "Point", "coordinates": [-0.2524653, 5.6551228]}}, {"type": "Feature", "properties": {"stop_id": "5064519467", "name": "Nkrumah flat"}, "geometry": {"type": "Point", "coordinates": [-0.2319218, 5.5739285]}}, {"type": "Feature", "properties": {"stop_id": "5064519468", "name": "Abossey Okai"}, "geometry": {"type": "Point", "coordinates": [-0.2303096, 5.5594533]}}, {"type": "Feature", "properties": {"stop_id": "5064519469", "name": "Agbogbloshie"}, "geometry": {"type": "Point", "coordinates": [-0.2198427, 5.5516948]}}, {"type": "Feature", "properties": {"stop_id": "5115661235", "name": "Choice Second"}, "geometry": {"type": "Point", "coordinates": [-0.3267253, 5.5524119]}}, {"type": "Feature", "properties": {"stop_id": "5028660323", "name": "Legon"}, "geometry": {"type": "Point", "coordinates": [-0.1790346, 5.6407013]}}, {"type": "Feature", "properties": {"stop_id": "5095971780", "name": "Waterworks"}, "geometry": {"type": "Point", "coordinates": [-0.2404217, 5.5560825]}}, {"type": "Feature", "properties": {"stop_id": "SA5024437370", "name": "Bishop"}, "geometry": {"type": "Point", "coordinates": [-0.2389246, 5.5720977]}}, {"type": "Feature", "properties": {"stop_id": "5028660324", "name": "Okponglo Roundabout"}, "geometry": {"type": "Point", "coordinates": [-0.1837592, 5.6403652]}}, {"type": "Feature", "properties": {"stop_id": "5028660325", "name": "Polo"}, "geometry": {"type": "Point", "coordinates": [-0.2182477, 5.6316307]}}, {"type": "Feature", "properties": {"stop_id": "4990070174", "name": "Abeka Lapaz"}, "geometry": {"type": "Point", "coordinates": [-0.2490744, 5.6064091]}}, {"type": "Feature", "properties": {"stop_id": "SA5083117565", "name": "Osu Salem"}, "geometry": {"type": "Point", "coordinates": [-0.1836159, 5.5543082]}}, {"type": "Feature", "properties": {"stop_id": "SA5025827613", "name": "Fata"}, "geometry": {"type": "Point", "coordinates": [-0.2219632, 5.5570165]}}, {"type": "Feature", "properties": {"stop_id": "4997810027", "name": "Ebenezer"}, "geometry": {"type": "Point", "coordinates": [-0.2698437, 5.5295119]}}, {"type": "Feature", "properties": {"stop_id": "5289574722", "name": "Jayeemens"}, "geometry": {"type": "Point", "coordinates": [-0.2913583, 5.5605998]}}, {"type": "Feature", "properties": {"stop_id": "SA5008691258", "name": "Broadcasting"}, "geometry": {"type": "Point", "coordinates": [-0.3589589, 5.5522963]}}, {"type": "Feature", "properties": {"stop_id": "SA5008691256", "name": "Washing Bay"}, "geometry": {"type": "Point", "coordinates": [-0.4062946, 5.5368843]}}, {"type": "Feature", "properties": {"stop_id": "SA5008691257", "name": "Galelia"}, "geometry": {"type": "Point", "coordinates": [-0.3988882, 5.5390738]}}, {"type": "Feature", "properties": {"stop_id": "SA5008691254", "name": "Pink FM"}, "geometry": {"type": "Point", "coordinates": [-0.4163409, 5.5356813]}}, {"type": "Feature", "properties": {"stop_id": "SA5008691255", "name": "Iron City"}, "geometry": {"type": "Point", "coordinates": [-0.4109579, 5.5357802]}}, {"type": "Feature", "properties": {"stop_id": "SA5008691252", "name": "Kasoa"}, "geometry": {"type": "Point", "coordinates": [-0.4237953, 5.5347882]}}, {"type": "Feature", "properties": {"stop_id": "5000972542", "name": "St. Martin Depores"}, "geometry": {"type": "Point", "coordinates": [-0.2652108, 5.5596502]}}, {"type": "Feature", "properties": {"stop_id": "5000972543", "name": "Thirteen"}, "geometry": {"type": "Point", "coordinates": [-0.2703117, 5.5676582]}}, {"type": "Feature", "properties": {"stop_id": "5000972540", "name": "Mama's Inn"}, "geometry": {"type": "Point", "coordinates": [-0.2645959, 5.5544064]}}, {"type": "Feature", "properties": {"stop_id": "5000972541", "name": "Dansoman Roundabout"}, "geometry": {"type": "Point", "coordinates": [-0.2648474, 5.5572835]}}, {"type": "Feature", "properties": {"stop_id": "5000972546", "name": "Ave Maria"}, "geometry": {"type": "Point", "coordinates": [-0.2681883, 5.564806]}}, {"type": "Feature", "properties": {"stop_id": "5000972547", "name": "Sakaman Taxi Rank"}, "geometry": {"type": "Point", "coordinates": [-0.2722016, 5.5714297]}}, {"type": "Feature", "properties": {"stop_id": "5000972544", "name": "Dela"}, "geometry": {"type": "Point", "coordinates": [-0.2714024, 5.5708658]}}, {"type": "Feature", "properties": {"stop_id": "5000972545", "name": "Oxygen (o2)"}, "geometry": {"type": "Point", "coordinates": [-0.2652406, 5.5611133]}}, {"type": "Feature", "properties": {"stop_id": "5000972548", "name": "Tantua School"}, "geometry": {"type": "Point", "coordinates": [-0.2727864, 5.5724371]}}, {"type": "Feature", "properties": {"stop_id": "5000972549", "name": "Sakaman"}, "geometry": {"type": "Point", "coordinates": [-0.2743683, 5.5754152]}}, {"type": "Feature", "properties": {"stop_id": "5040133318", "name": "Asaviola"}, "geometry": {"type": "Point", "coordinates": [-0.1883249, 5.6042364]}}, {"type": "Feature", "properties": {"stop_id": "SA5116094290", "name": "Vulcanizer"}, "geometry": {"type": "Point", "coordinates": [-0.2223709, 5.612659]}}, {"type": "Feature", "properties": {"stop_id": "SA5021004842", "name": "Chairman"}, "geometry": {"type": "Point", "coordinates": [-0.2860262, 5.6492683]}}, {"type": "Feature", "properties": {"stop_id": "5120608514", "name": "Circle"}, "geometry": {"type": "Point", "coordinates": [-0.2118058, 5.5664426]}}, {"type": "Feature", "properties": {"stop_id": "5120608512", "name": "Frytol"}, "geometry": {"type": "Point", "coordinates": [-0.1968678, 5.5871629]}}, {"type": "Feature", "properties": {"stop_id": "5120608513", "name": "Borla"}, "geometry": {"type": "Point", "coordinates": [-0.1978329, 5.5837304]}}, {"type": "Feature", "properties": {"stop_id": "5036784359", "name": "Village Gym"}, "geometry": {"type": "Point", "coordinates": [-0.2187996, 5.6130886]}}, {"type": "Feature", "properties": {"stop_id": "5036784358", "name": "AMA"}, "geometry": {"type": "Point", "coordinates": [-0.2210195, 5.6129989]}}, {"type": "Feature", "properties": {"stop_id": "5036784357", "name": "Marwako"}, "geometry": {"type": "Point", "coordinates": [-0.2250436, 5.6121625]}}, {"type": "Feature", "properties": {"stop_id": "4995054805", "name": "Presby School Junction"}, "geometry": {"type": "Point", "coordinates": [-0.1833494, 5.554982]}}, {"type": "Feature", "properties": {"stop_id": "4995054806", "name": "Osu Shell"}, "geometry": {"type": "Point", "coordinates": [-0.1826812, 5.5565974]}}, {"type": "Feature", "properties": {"stop_id": "4995054807", "name": "Papaye"}, "geometry": {"type": "Point", "coordinates": [-0.1822208, 5.5595692]}}, {"type": "Feature", "properties": {"stop_id": "5039935859", "name": "Orgle Road"}, "geometry": {"type": "Point", "coordinates": [-0.2357227, 5.57735]}}, {"type": "Feature", "properties": {"stop_id": "SA4400510902", "name": "Congo Junction"}, "geometry": {"type": "Point", "coordinates": [-0.163151, 5.5882053]}}, {"type": "Feature", "properties": {"stop_id": "5041513175", "name": "Jah Love"}, "geometry": {"type": "Point", "coordinates": [-0.2706603, 5.5963807]}}, {"type": "Feature", "properties": {"stop_id": "3154321446", "name": "Tabora Number 1"}, "geometry": {"type": "Point", "coordinates": [-0.2578491, 5.6037223]}}, {"type": "Feature", "properties": {"stop_id": "SA5024042173", "name": "Darkuman Station"}, "geometry": {"type": "Point", "coordinates": [-0.251327, 5.5891697]}}, {"type": "Feature", "properties": {"stop_id": "SA5024042172", "name": "Masalatsi"}, "geometry": {"type": "Point", "coordinates": [-0.2516073, 5.5827543]}}, {"type": "Feature", "properties": {"stop_id": "SA5023802908", "name": "Alafia"}, "geometry": {"type": "Point", "coordinates": [-0.2524053, 5.592935]}}, {"type": "Feature", "properties": {"stop_id": "SA5021004843", "name": "Jojo Water"}, "geometry": {"type": "Point", "coordinates": [-0.2850616, 5.6511327]}}, {"type": "Feature", "properties": {"stop_id": "5022942960", "name": "Total"}, "geometry": {"type": "Point", "coordinates": [-0.2289742, 5.5356745]}}, {"type": "Feature", "properties": {"stop_id": "5079630603", "name": "La-Palm Hotel"}, "geometry": {"type": "Point", "coordinates": [-0.1431045, 5.5633178]}}, {"type": "Feature", "properties": {"stop_id": "5096189434", "name": "Korle Gonno"}, "geometry": {"type": "Point", "coordinates": [-0.2304346, 5.5287408]}}, {"type": "Feature", "properties": {"stop_id": "5043353511", "name": "School junction"}, "geometry": {"type": "Point", "coordinates": [-0.26536, 5.5867981]}}, {"type": "Feature", "properties": {"stop_id": "5043353510", "name": "Kwashieman Junction"}, "geometry": {"type": "Point", "coordinates": [-0.2678831, 5.5911858]}}, {"type": "Feature", "properties": {"stop_id": "5043353513", "name": "Odorkor"}, "geometry": {"type": "Point", "coordinates": [-0.2624177, 5.5807036]}}, {"type": "Feature", "properties": {"stop_id": "5043353512", "name": "Off town junction"}, "geometry": {"type": "Point", "coordinates": [-0.2647836, 5.5850565]}}, {"type": "Feature", "properties": {"stop_id": "5043353515", "name": "Glory Land junction"}, "geometry": {"type": "Point", "coordinates": [-0.2574568, 5.5784262]}}, {"type": "Feature", "properties": {"stop_id": "5043353514", "name": "Waterworks junction"}, "geometry": {"type": "Point", "coordinates": [-0.2597268, 5.5798092]}}, {"type": "Feature", "properties": {"stop_id": "5043353517", "name": "Goil"}, "geometry": {"type": "Point", "coordinates": [-0.2490946, 5.5733854]}}, {"type": "Feature", "properties": {"stop_id": "SA5024320816", "name": "Okaiman Junction"}, "geometry": {"type": "Point", "coordinates": [-0.2758552, 5.7284153]}}, {"type": "Feature", "properties": {"stop_id": "5043353519", "name": "Graphic junction"}, "geometry": {"type": "Point", "coordinates": [-0.2142871, 5.5541473]}}, {"type": "Feature", "properties": {"stop_id": "SA5024320818", "name": "Fase Junction"}, "geometry": {"type": "Point", "coordinates": [-0.2770536, 5.7239004]}}, {"type": "Feature", "properties": {"stop_id": "5034253899", "name": "Awoshie Last stop"}, "geometry": {"type": "Point", "coordinates": [-0.2872307, 5.5919397]}}, {"type": "Feature", "properties": {"stop_id": "SA5036565850", "name": "Atomic junction"}, "geometry": {"type": "Point", "coordinates": [-0.1779022, 5.6673058]}}, {"type": "Feature", "properties": {"stop_id": "SA4997810028", "name": "Point 6"}, "geometry": {"type": "Point", "coordinates": [-0.2683841, 5.528276]}}, {"type": "Feature", "properties": {"stop_id": "SA4997810029", "name": "Atomic"}, "geometry": {"type": "Point", "coordinates": [-0.2659963, 5.527639]}}, {"type": "Feature", "properties": {"stop_id": "SA4997810026", "name": "Mamponse"}, "geometry": {"type": "Point", "coordinates": [-0.2736519, 5.52768]}}, {"type": "Feature", "properties": {"stop_id": "SA4997810027", "name": "Ebenezer"}, "geometry": {"type": "Point", "coordinates": [-0.2698437, 5.5295119]}}, {"type": "Feature", "properties": {"stop_id": "SA4977927743", "name": "Airport Second"}, "geometry": {"type": "Point", "coordinates": [-0.1781224, 5.6041926]}}, {"type": "Feature", "properties": {"stop_id": "5008691260", "name": "Shoprite"}, "geometry": {"type": "Point", "coordinates": [-0.342076, 5.5463936]}}, {"type": "Feature", "properties": {"stop_id": "SA5043353519", "name": "Graphic junction"}, "geometry": {"type": "Point", "coordinates": [-0.2142871, 5.5541473]}}, {"type": "Feature", "properties": {"stop_id": "SA5043353517", "name": "Goil"}, "geometry": {"type": "Point", "coordinates": [-0.2490946, 5.5733854]}}, {"type": "Feature", "properties": {"stop_id": "SA5043353516", "name": "Darkuman junction"}, "geometry": {"type": "Point", "coordinates": [-0.2550811, 5.5770094]}}, {"type": "Feature", "properties": {"stop_id": "SA5043353515", "name": "Glory Land junction"}, "geometry": {"type": "Point", "coordinates": [-0.2574568, 5.5784262]}}, {"type": "Feature", "properties": {"stop_id": "SA5043353514", "name": "Waterworks junction"}, "geometry": {"type": "Point", "coordinates": [-0.2597268, 5.5798092]}}, {"type": "Feature", "properties": {"stop_id": "SA5043353512", "name": "Off town junction"}, "geometry": {"type": "Point", "coordinates": [-0.2647836, 5.5850565]}}, {"type": "Feature", "properties": {"stop_id": "SA5043353511", "name": "School junction"}, "geometry": {"type": "Point", "coordinates": [-0.26536, 5.5867981]}}, {"type": "Feature", "properties": {"stop_id": "4994875968", "name": "Accra UTC"}, "geometry": {"type": "Point", "coordinates": [-0.210626, 5.5495887]}}, {"type": "Feature", "properties": {"stop_id": "4710912590", "name": "High Tension"}, "geometry": {"type": "Point", "coordinates": [-0.2483251, 5.616029]}}, {"type": "Feature", "properties": {"stop_id": "5114018831", "name": "Point 6"}, "geometry": {"type": "Point", "coordinates": [-0.2673465, 5.5275468]}}, {"type": "Feature", "properties": {"stop_id": "SA5083501068", "name": "Jamestown Police Station"}, "geometry": {"type": "Point", "coordinates": [-0.2135751, 5.536136]}}, {"type": "Feature", "properties": {"stop_id": "SA5083501066", "name": "Korle gonno shell"}, "geometry": {"type": "Point", "coordinates": [-0.2249076, 5.5299358]}}, {"type": "Feature", "properties": {"stop_id": "SA5083501064", "name": "Tea Garden"}, "geometry": {"type": "Point", "coordinates": [-0.2416824, 5.526985]}}, {"type": "Feature", "properties": {"stop_id": "5114018830", "name": "USA"}, "geometry": {"type": "Point", "coordinates": [-0.2479427, 5.5322468]}}, {"type": "Feature", "properties": {"stop_id": "5000179121", "name": "Mama's Inn"}, "geometry": {"type": "Point", "coordinates": [-0.2644759, 5.554371]}}, {"type": "Feature", "properties": {"stop_id": "5000179123", "name": "Sahara"}, "geometry": {"type": "Point", "coordinates": [-0.2645143, 5.5505587]}}, {"type": "Feature", "properties": {"stop_id": "5000179122", "name": "Beecham"}, "geometry": {"type": "Point", "coordinates": [-0.264496, 5.5523658]}}, {"type": "Feature", "properties": {"stop_id": "5000179125", "name": "Dansoman Police Station"}, "geometry": {"type": "Point", "coordinates": [-0.2645687, 5.5435269]}}, {"type": "Feature", "properties": {"stop_id": "5000179124", "name": "Dansoman Control"}, "geometry": {"type": "Point", "coordinates": [-0.2645437, 5.5459695]}}, {"type": "Feature", "properties": {"stop_id": "5000179127", "name": "Exhibition (Dansoman)"}, "geometry": {"type": "Point", "coordinates": [-0.2647419, 5.5379064]}}, {"type": "Feature", "properties": {"stop_id": "5000179126", "name": "Dansoman Market"}, "geometry": {"type": "Point", "coordinates": [-0.2646057, 5.5411138]}}, {"type": "Feature", "properties": {"stop_id": "5000179129", "name": "Kofi ne Ama"}, "geometry": {"type": "Point", "coordinates": [-0.2652411, 5.5324576]}}, {"type": "Feature", "properties": {"stop_id": "5000179128", "name": "Seven Great"}, "geometry": {"type": "Point", "coordinates": [-0.2651323, 5.5352343]}}, {"type": "Feature", "properties": {"stop_id": "SA5026254414", "name": "Masalaachi"}, "geometry": {"type": "Point", "coordinates": [-0.173855, 5.6764997]}}, {"type": "Feature", "properties": {"stop_id": "SA5034362685", "name": "Israel Lomnava"}, "geometry": {"type": "Point", "coordinates": [-0.2688401, 5.6311312]}}, {"type": "Feature", "properties": {"stop_id": "4974195502", "name": "37 Hospital"}, "geometry": {"type": "Point", "coordinates": [-0.1826114, 5.5879146]}}, {"type": "Feature", "properties": {"stop_id": "4974195501", "name": "Sankara"}, "geometry": {"type": "Point", "coordinates": [-0.1894351, 5.5734253]}}, {"type": "Feature", "properties": {"stop_id": "5027390605", "name": "Abeka Lapaz Last Stop"}, "geometry": {"type": "Point", "coordinates": [-0.2469156, 5.6060986]}}, {"type": "Feature", "properties": {"stop_id": "5036784367", "name": "Nima Junction"}, "geometry": {"type": "Point", "coordinates": [-0.2085833, 5.5822317]}}, {"type": "Feature", "properties": {"stop_id": "5113195625", "name": "Kwashieman Junction"}, "geometry": {"type": "Point", "coordinates": [-0.2101245, 5.6493102]}}, {"type": "Feature", "properties": {"stop_id": "SA5036565843", "name": "Clinic/ police container"}, "geometry": {"type": "Point", "coordinates": [-0.2077138, 5.6571738]}}, {"type": "Feature", "properties": {"stop_id": "5039970966", "name": "College"}, "geometry": {"type": "Point", "coordinates": [-0.208338, 5.5832983]}}, {"type": "Feature", "properties": {"stop_id": "5039970967", "name": "Mallam Atta"}, "geometry": {"type": "Point", "coordinates": [-0.2092693, 5.5812484]}}, {"type": "Feature", "properties": {"stop_id": "5039970964", "name": "Vulcanizer"}, "geometry": {"type": "Point", "coordinates": [-0.2033918, 5.5932618]}}, {"type": "Feature", "properties": {"stop_id": "5039970965", "name": "Newtown Total"}, "geometry": {"type": "Point", "coordinates": [-0.2079, 5.5855719]}}, {"type": "Feature", "properties": {"stop_id": "5039970962", "name": "Agbadinar"}, "geometry": {"type": "Point", "coordinates": [-0.2074836, 5.587907]}}, {"type": "Feature", "properties": {"stop_id": "4990070169", "name": "Abeka Main Market"}, "geometry": {"type": "Point", "coordinates": [-0.2393011, 5.6008086]}}, {"type": "Feature", "properties": {"stop_id": "5039970960", "name": "Club 1000"}, "geometry": {"type": "Point", "coordinates": [-0.2005099, 5.5959381]}}, {"type": "Feature", "properties": {"stop_id": "5040075680", "name": "Kotobabi Down"}, "geometry": {"type": "Point", "coordinates": [-0.2093405, 5.5956724]}}, {"type": "Feature", "properties": {"stop_id": "4990070164", "name": "Abeka Junction"}, "geometry": {"type": "Point", "coordinates": [-0.2239655, 5.5989245]}}, {"type": "Feature", "properties": {"stop_id": "4990070165", "name": "Abeka Junction Curve"}, "geometry": {"type": "Point", "coordinates": [-0.2245869, 5.5993959]}}, {"type": "Feature", "properties": {"stop_id": "4990070166", "name": "Total"}, "geometry": {"type": "Point", "coordinates": [-0.2333453, 5.5980282]}}, {"type": "Feature", "properties": {"stop_id": "4990070167", "name": "Adom Junction"}, "geometry": {"type": "Point", "coordinates": [-0.2368642, 5.5995687]}}, {"type": "Feature", "properties": {"stop_id": "4990070160", "name": "Circle Asoredanho"}, "geometry": {"type": "Point", "coordinates": [-0.2167254, 5.5756325]}}, {"type": "Feature", "properties": {"stop_id": "4990070161", "name": "Caprice"}, "geometry": {"type": "Point", "coordinates": [-0.2170401, 5.5839552]}}, {"type": "Feature", "properties": {"stop_id": "5039970968", "name": "Asantewaa"}, "geometry": {"type": "Point", "coordinates": [-0.2105227, 5.57957]}}, {"type": "Feature", "properties": {"stop_id": "5039970969", "name": "Fidelity"}, "geometry": {"type": "Point", "coordinates": [-0.2120704, 5.5774927]}}, {"type": "Feature", "properties": {"stop_id": "5039026000", "name": "Taifa Post Office"}, "geometry": {"type": "Point", "coordinates": [-0.2507585, 5.652058]}}, {"type": "Feature", "properties": {"stop_id": "5112798929", "name": "Abelenkpe"}, "geometry": {"type": "Point", "coordinates": [-0.2180496, 5.6079878]}}, {"type": "Feature", "properties": {"stop_id": "4999883665", "name": "Caprice Taxi Station"}, "geometry": {"type": "Point", "coordinates": [-0.2172718, 5.5844696]}}, {"type": "Feature", "properties": {"stop_id": "SA5113124903", "name": "2nd Curve"}, "geometry": {"type": "Point", "coordinates": [-0.2098088, 5.642975]}}, {"type": "Feature", "properties": {"stop_id": "30729987", "name": "Airport First"}, "geometry": {"type": "Point", "coordinates": [-0.1773089, 5.6064531]}}, {"type": "Feature", "properties": {"stop_id": "5040372067", "name": "Tabora Asoredanho"}, "geometry": {"type": "Point", "coordinates": [-0.2627822, 5.6218117]}}, {"type": "Feature", "properties": {"stop_id": "4752773021", "name": "Mendskrom"}, "geometry": {"type": "Point", "coordinates": [-0.2971831, 5.5583351]}}, {"type": "Feature", "properties": {"stop_id": "SA5026603975", "name": "Council"}, "geometry": {"type": "Point", "coordinates": [-0.2363652, 5.5761723]}}, {"type": "Feature", "properties": {"stop_id": "5054364801", "name": "Over head First Stop"}, "geometry": {"type": "Point", "coordinates": [-0.212581, 5.5692329]}}, {"type": "Feature", "properties": {"stop_id": "SA5045157927", "name": "Transport"}, "geometry": {"type": "Point", "coordinates": [-0.2254852, 5.566357]}}, {"type": "Feature", "properties": {"stop_id": "4972894711", "name": "Mallam Market"}, "geometry": {"type": "Point", "coordinates": [-0.2787566, 5.5739276]}}, {"type": "Feature", "properties": {"stop_id": "SA5026603977", "name": "Cocoa Clinic"}, "geometry": {"type": "Point", "coordinates": [-0.2366278, 5.5713871]}}, {"type": "Feature", "properties": {"stop_id": "SA5028942308", "name": "Traffic"}, "geometry": {"type": "Point", "coordinates": [-0.1982492, 5.5826358]}}, {"type": "Feature", "properties": {"stop_id": "SA5026603970", "name": "St. Johns"}, "geometry": {"type": "Point", "coordinates": [-0.2350597, 5.5822919]}}, {"type": "Feature", "properties": {"stop_id": "5027248839", "name": "Kakalika"}, "geometry": {"type": "Point", "coordinates": [-0.2425509, 5.531008]}}, {"type": "Feature", "properties": {"stop_id": "SA5102104495", "name": "Agege"}, "geometry": {"type": "Point", "coordinates": [-0.2646911, 5.5290031]}}, {"type": "Feature", "properties": {"stop_id": "SA5026603971", "name": "Been to"}, "geometry": {"type": "Point", "coordinates": [-0.2354614, 5.5814187]}}, {"type": "Feature", "properties": {"stop_id": "5026060287", "name": "Traffic Light"}, "geometry": {"type": "Point", "coordinates": [-0.1850427, 5.5532313]}}, {"type": "Feature", "properties": {"stop_id": "5026060286", "name": "E. C. Quaye Road"}, "geometry": {"type": "Point", "coordinates": [-0.2064297, 5.5443406]}}, {"type": "Feature", "properties": {"stop_id": "5040372061", "name": "Tabora Number 4"}, "geometry": {"type": "Point", "coordinates": [-0.2603764, 5.6087957]}}, {"type": "Feature", "properties": {"stop_id": "5020102838", "name": "Shikpontele"}, "geometry": {"type": "Point", "coordinates": [-0.308907, 5.7186596]}}, {"type": "Feature", "properties": {"stop_id": "4994875971", "name": "PnP Junction"}, "geometry": {"type": "Point", "coordinates": [-0.2357075, 5.5991258]}}, {"type": "Feature", "properties": {"stop_id": "5009934992", "name": "Toman"}, "geometry": {"type": "Point", "coordinates": [-0.3050504, 5.7122526]}}, {"type": "Feature", "properties": {"stop_id": "SA5026603973", "name": "Sakora"}, "geometry": {"type": "Point", "coordinates": [-0.2341018, 5.5790784]}}, {"type": "Feature", "properties": {"stop_id": "5026060289", "name": "Frankies"}, "geometry": {"type": "Point", "coordinates": [-0.1819706, 5.5610865]}}, {"type": "Feature", "properties": {"stop_id": "5026060288", "name": "Shell"}, "geometry": {"type": "Point", "coordinates": [-0.1824081, 5.5582989]}}, {"type": "Feature", "properties": {"stop_id": "5047542825", "name": "Adofo Aman"}, "geometry": {"type": "Point", "coordinates": [-0.2699421, 5.5266116]}}, {"type": "Feature", "properties": {"stop_id": "5036565849", "name": "Supermarket"}, "geometry": {"type": "Point", "coordinates": [-0.1960412, 5.6674872]}}, {"type": "Feature", "properties": {"stop_id": "5047542827", "name": "Agege Commando"}, "geometry": {"type": "Point", "coordinates": [-0.268442, 5.5273111]}}, {"type": "Feature", "properties": {"stop_id": "5047542826", "name": "Assemblies"}, "geometry": {"type": "Point", "coordinates": [-0.2691144, 5.5269768]}}, {"type": "Feature", "properties": {"stop_id": "5084819816", "name": "Curve Omanjor"}, "geometry": {"type": "Point", "coordinates": [-0.2887976, 5.6338273]}}, {"type": "Feature", "properties": {"stop_id": "5047542823", "name": "Yellow House"}, "geometry": {"type": "Point", "coordinates": [-0.271889, 5.5243274]}}, {"type": "Feature", "properties": {"stop_id": "5036565840", "name": "Westlands junction"}, "geometry": {"type": "Point", "coordinates": [-0.2099058, 5.6500751]}}, {"type": "Feature", "properties": {"stop_id": "5036565841", "name": "Sign board"}, "geometry": {"type": "Point", "coordinates": [-0.2093378, 5.6521095]}}, {"type": "Feature", "properties": {"stop_id": "5036565842", "name": "Communication"}, "geometry": {"type": "Point", "coordinates": [-0.2086187, 5.6542123]}}, {"type": "Feature", "properties": {"stop_id": "5084819817", "name": "Mensah Addo Transfomer"}, "geometry": {"type": "Point", "coordinates": [-0.2873943, 5.6336341]}}, {"type": "Feature", "properties": {"stop_id": "5047542829", "name": "Aayalolo"}, "geometry": {"type": "Point", "coordinates": [-0.2474976, 5.5321722]}}, {"type": "Feature", "properties": {"stop_id": "5047542828", "name": "Curve"}, "geometry": {"type": "Point", "coordinates": [-0.2677237, 5.5278504]}}, {"type": "Feature", "properties": {"stop_id": "5036565846", "name": "Post Box"}, "geometry": {"type": "Point", "coordinates": [-0.2055429, 5.661621]}}, {"type": "Feature", "properties": {"stop_id": "5114018827", "name": "Agbobloshie Market"}, "geometry": {"type": "Point", "coordinates": [-0.2201832, 5.5503625]}}, {"type": "Feature", "properties": {"stop_id": "4997066314", "name": "PnP Junction"}, "geometry": {"type": "Point", "coordinates": [-0.235791, 5.5992202]}}, {"type": "Feature", "properties": {"stop_id": "5025202271", "name": "Soko"}, "geometry": {"type": "Point", "coordinates": [-0.2524844, 5.5451638]}}, {"type": "Feature", "properties": {"stop_id": "5025202270", "name": "Akoto Lante"}, "geometry": {"type": "Point", "coordinates": [-0.2131227, 5.5388694]}}, {"type": "Feature", "properties": {"stop_id": "5035706410", "name": "Precious Minerals"}, "geometry": {"type": "Point", "coordinates": [-0.2006711, 5.5506797]}}, {"type": "Feature", "properties": {"stop_id": "5023043120", "name": "Agbado"}, "geometry": {"type": "Point", "coordinates": [-0.2159085, 5.5385914]}}, {"type": "Feature", "properties": {"stop_id": "SA4740602036", "name": "Odorkor"}, "geometry": {"type": "Point", "coordinates": [-0.2648468, 5.5796764]}}, {"type": "Feature", "properties": {"stop_id": "SA4740602037", "name": "Legon Second"}, "geometry": {"type": "Point", "coordinates": [-0.1799915, 5.6518837]}}, {"type": "Feature", "properties": {"stop_id": "5104184940", "name": "La Olympia"}, "geometry": {"type": "Point", "coordinates": [-0.1581616, 5.5598933]}}, {"type": "Feature", "properties": {"stop_id": "SA5043729312", "name": "Ridge"}, "geometry": {"type": "Point", "coordinates": [-0.2113101, 5.59762]}}, {"type": "Feature", "properties": {"stop_id": "4994619136", "name": "Abelenkpe Curve"}, "geometry": {"type": "Point", "coordinates": [-0.2157098, 5.607529]}}, {"type": "Feature", "properties": {"stop_id": "SA5024437371", "name": "Post Office"}, "geometry": {"type": "Point", "coordinates": [-0.2513445, 5.5819757]}}, {"type": "Feature", "properties": {"stop_id": "5028241072", "name": "Abomatte"}, "geometry": {"type": "Point", "coordinates": [-0.260225, 5.5631678]}}, {"type": "Feature", "properties": {"stop_id": "5028241071", "name": "Zodiac"}, "geometry": {"type": "Point", "coordinates": [-0.2622763, 5.5601563]}}, {"type": "Feature", "properties": {"stop_id": "SA5024437372", "name": "Tabora Alhaji"}, "geometry": {"type": "Point", "coordinates": [-0.2617169, 5.6280271]}}, {"type": "Feature", "properties": {"stop_id": "5045462244", "name": "Sukura"}, "geometry": {"type": "Point", "coordinates": [-0.2492944, 5.5505701]}}, {"type": "Feature", "properties": {"stop_id": "5052216076", "name": "Mangoase"}, "geometry": {"type": "Point", "coordinates": [-0.2475492, 5.5819531]}}, {"type": "Feature", "properties": {"stop_id": "SA5045353363", "name": "Printing Press"}, "geometry": {"type": "Point", "coordinates": [-0.2438594, 5.5505008]}}, {"type": "Feature", "properties": {"stop_id": "SA5010786355", "name": "Kpogas"}, "geometry": {"type": "Point", "coordinates": [-0.1502083, 5.5731197]}}, {"type": "Feature", "properties": {"stop_id": "SA5010786354", "name": "AMA"}, "geometry": {"type": "Point", "coordinates": [-0.1464964, 5.5744905]}}, {"type": "Feature", "properties": {"stop_id": "SA5010786353", "name": "Zenith"}, "geometry": {"type": "Point", "coordinates": [-0.1450121, 5.5735155]}}, {"type": "Feature", "properties": {"stop_id": "SA5010786352", "name": "Container"}, "geometry": {"type": "Point", "coordinates": [-0.1388741, 5.5752918]}}, {"type": "Feature", "properties": {"stop_id": "5010252540", "name": "Tantra Resevoir"}, "geometry": {"type": "Point", "coordinates": [-0.2506602, 5.6415811]}}, {"type": "Feature", "properties": {"stop_id": "SA5010786350", "name": "Watermelon Junction"}, "geometry": {"type": "Point", "coordinates": [-0.1416891, 5.5826903]}}, {"type": "Feature", "properties": {"stop_id": "5039861615", "name": "Vodafone"}, "geometry": {"type": "Point", "coordinates": [-0.2161403, 5.5718565]}}, {"type": "Feature", "properties": {"stop_id": "5039861617", "name": "Immesco Rice"}, "geometry": {"type": "Point", "coordinates": [-0.2314403, 5.5897601]}}, {"type": "Feature", "properties": {"stop_id": "5111702006", "name": "Accra Rawlings Park"}, "geometry": {"type": "Point", "coordinates": [-0.2085122, 5.5455539]}}, {"type": "Feature", "properties": {"stop_id": "SA5079513347", "name": "Kaukudi"}, "geometry": {"type": "Point", "coordinates": [-0.1894888, 5.5940469]}}, {"type": "Feature", "properties": {"stop_id": "SA5079513346", "name": "Kanda Masalaachi"}, "geometry": {"type": "Point", "coordinates": [-0.1927163, 5.5867284]}}, {"type": "Feature", "properties": {"stop_id": "SA5079513345", "name": "Nima Junction"}, "geometry": {"type": "Point", "coordinates": [-0.1948065, 5.581985]}}, {"type": "Feature", "properties": {"stop_id": "SA5079513344", "name": "Overhead"}, "geometry": {"type": "Point", "coordinates": [-0.1970395, 5.5771783]}}, {"type": "Feature", "properties": {"stop_id": "SA5064359910", "name": "Blue Kiosk"}, "geometry": {"type": "Point", "coordinates": [-0.2332927, 5.5933758]}}, {"type": "Feature", "properties": {"stop_id": "SA5064359911", "name": "First Junction"}, "geometry": {"type": "Point", "coordinates": [-0.2333366, 5.5922367]}}, {"type": "Feature", "properties": {"stop_id": "5111702009", "name": "Abossey Okai Zongo Junction"}, "geometry": {"type": "Point", "coordinates": [-0.2344091, 5.5561093]}}, {"type": "Feature", "properties": {"stop_id": "SA5064359915", "name": "Mantse 1st gate"}, "geometry": {"type": "Point", "coordinates": [-0.2291134, 5.5756283]}}, {"type": "Feature", "properties": {"stop_id": "SA5083164018", "name": "Mamprobi Police Station"}, "geometry": {"type": "Point", "coordinates": [-0.2397401, 5.533956]}}, {"type": "Feature", "properties": {"stop_id": "5058534299", "name": "Appiah Danquah/Soko"}, "geometry": {"type": "Point", "coordinates": [-0.2524026, 5.5451981]}}, {"type": "Feature", "properties": {"stop_id": "5027274336", "name": "Market"}, "geometry": {"type": "Point", "coordinates": [-0.2605615, 5.5887639]}}, {"type": "Feature", "properties": {"stop_id": "5027274335", "name": "Macedonia"}, "geometry": {"type": "Point", "coordinates": [-0.2597169, 5.5910936]}}, {"type": "Feature", "properties": {"stop_id": "5027274334", "name": "Blue Kiosk"}, "geometry": {"type": "Point", "coordinates": [-0.2592586, 5.5922352]}}, {"type": "Feature", "properties": {"stop_id": "5027274333", "name": "Mangoase"}, "geometry": {"type": "Point", "coordinates": [-0.2587421, 5.5941284]}}, {"type": "Feature", "properties": {"stop_id": "5027274332", "name": "Official Town"}, "geometry": {"type": "Point", "coordinates": [-0.2587949, 5.5949885]}}, {"type": "Feature", "properties": {"stop_id": "5097648857", "name": "Community 7"}, "geometry": {"type": "Point", "coordinates": [-0.0162609, 5.6625038]}}, {"type": "Feature", "properties": {"stop_id": "SA5026460153", "name": "Kanda"}, "geometry": {"type": "Point", "coordinates": [-0.2018332, 5.5728472]}}, {"type": "Feature", "properties": {"stop_id": "4981090362", "name": "Legon station"}, "geometry": {"type": "Point", "coordinates": [-0.1789634, 5.6501681]}}, {"type": "Feature", "properties": {"stop_id": "SA4999883665", "name": "Caprice Taxi Station"}, "geometry": {"type": "Point", "coordinates": [-0.2172718, 5.5844696]}}, {"type": "Feature", "properties": {"stop_id": "SA5036784354", "name": "Presby School"}, "geometry": {"type": "Point", "coordinates": [-0.2244774, 5.6177376]}}, {"type": "Feature", "properties": {"stop_id": "4981090360", "name": "Achimota New Station"}, "geometry": {"type": "Point", "coordinates": [-0.2259058, 5.621493]}}, {"type": "Feature", "properties": {"stop_id": "5113361303", "name": "ADB House"}, "geometry": {"type": "Point", "coordinates": [-0.1940004, 5.5649249]}}, {"type": "Feature", "properties": {"stop_id": "SA5084325658", "name": "Point 5"}, "geometry": {"type": "Point", "coordinates": [-0.3263449, 5.6336624]}}, {"type": "Feature", "properties": {"stop_id": "SA5082543201", "name": "Alajo Blue Kiosk"}, "geometry": {"type": "Point", "coordinates": [-0.2145178, 5.5984993]}}, {"type": "Feature", "properties": {"stop_id": "SA5082543200", "name": "Polo Junction"}, "geometry": {"type": "Point", "coordinates": [-0.212226, 5.598347]}}, {"type": "Feature", "properties": {"stop_id": "SA5082543203", "name": "Alajo Junction"}, "geometry": {"type": "Point", "coordinates": [-0.218066, 5.5905534]}}, {"type": "Feature", "properties": {"stop_id": "SA5082543202", "name": "Sarbah Junction"}, "geometry": {"type": "Point", "coordinates": [-0.2167767, 5.5952385]}}, {"type": "Feature", "properties": {"stop_id": "SA5000179126", "name": "Dansoman Market"}, "geometry": {"type": "Point", "coordinates": [-0.2646057, 5.5411138]}}, {"type": "Feature", "properties": {"stop_id": "SA5064519467", "name": "Nkrumah flat"}, "geometry": {"type": "Point", "coordinates": [-0.2319218, 5.5739285]}}, {"type": "Feature", "properties": {"stop_id": "5025315254", "name": "Methodist Church of Ghana"}, "geometry": {"type": "Point", "coordinates": [-0.2121381, 5.536337]}}, {"type": "Feature", "properties": {"stop_id": "5025315255", "name": "Agbado"}, "geometry": {"type": "Point", "coordinates": [-0.2151171, 5.5385878]}}, {"type": "Feature", "properties": {"stop_id": "5025315256", "name": "Boxing Arena"}, "geometry": {"type": "Point", "coordinates": [-0.2206202, 5.5373444]}}, {"type": "Feature", "properties": {"stop_id": "5025315250", "name": "Kaneshie Foot Bridge"}, "geometry": {"type": "Point", "coordinates": [-0.2359506, 5.5651668]}}, {"type": "Feature", "properties": {"stop_id": "5025315251", "name": "Makola Tudu"}, "geometry": {"type": "Point", "coordinates": [-0.2070851, 5.5476549]}}, {"type": "Feature", "properties": {"stop_id": "5025315252", "name": "Market"}, "geometry": {"type": "Point", "coordinates": [-0.2067987, 5.5446021]}}, {"type": "Feature", "properties": {"stop_id": "5025315253", "name": "Melcom"}, "geometry": {"type": "Point", "coordinates": [-0.2070333, 5.5431965]}}, {"type": "Feature", "properties": {"stop_id": "5064991464", "name": "Adjiringanor (Block factory)"}, "geometry": {"type": "Point", "coordinates": [-0.1325391, 5.6484394]}}, {"type": "Feature", "properties": {"stop_id": "5064991465", "name": "Curve"}, "geometry": {"type": "Point", "coordinates": [-0.1293791, 5.6513647]}}, {"type": "Feature", "properties": {"stop_id": "5064991466", "name": "Ability"}, "geometry": {"type": "Point", "coordinates": [-0.131491, 5.6566066]}}, {"type": "Feature", "properties": {"stop_id": "5064991467", "name": "Zion"}, "geometry": {"type": "Point", "coordinates": [-0.1324584, 5.6590599]}}, {"type": "Feature", "properties": {"stop_id": "5064991460", "name": "Bawaleshie First"}, "geometry": {"type": "Point", "coordinates": [-0.1648465, 5.6421651]}}, {"type": "Feature", "properties": {"stop_id": "5064991461", "name": "Curve"}, "geometry": {"type": "Point", "coordinates": [-0.1488956, 5.6456813]}}, {"type": "Feature", "properties": {"stop_id": "5064991462", "name": "Adjiringanor Bridge"}, "geometry": {"type": "Point", "coordinates": [-0.1449765, 5.6458696]}}, {"type": "Feature", "properties": {"stop_id": "5064991463", "name": "Gate"}, "geometry": {"type": "Point", "coordinates": [-0.1373575, 5.6457678]}}, {"type": "Feature", "properties": {"stop_id": "5064991468", "name": "Caterpillar"}, "geometry": {"type": "Point", "coordinates": [-0.1303524, 5.6648836]}}, {"type": "Feature", "properties": {"stop_id": "5064991469", "name": "Morocco"}, "geometry": {"type": "Point", "coordinates": [-0.1282463, 5.6706085]}}, {"type": "Feature", "properties": {"stop_id": "5083117565", "name": "Osu Salem"}, "geometry": {"type": "Point", "coordinates": [-0.1836159, 5.5543082]}}, {"type": "Feature", "properties": {"stop_id": "SA5083251759", "name": "Asoredanho"}, "geometry": {"type": "Point", "coordinates": [-0.2380742, 5.5841501]}}, {"type": "Feature", "properties": {"stop_id": "SA5095971780", "name": "Waterworks"}, "geometry": {"type": "Point", "coordinates": [-0.2404217, 5.5560825]}}, {"type": "Feature", "properties": {"stop_id": "5037881468", "name": "Village First"}, "geometry": {"type": "Point", "coordinates": [-0.2173491, 5.6375643]}}, {"type": "Feature", "properties": {"stop_id": "SA5010113608", "name": "Chinese"}, "geometry": {"type": "Point", "coordinates": [-0.3897805, 5.5434112]}}, {"type": "Feature", "properties": {"stop_id": "SA5031022750", "name": "Happy Days"}, "geometry": {"type": "Point", "coordinates": [-0.2323775, 5.5556859]}}, {"type": "Feature", "properties": {"stop_id": "SA5022186330", "name": "Vice"}, "geometry": {"type": "Point", "coordinates": [-0.2555019, 5.5730916]}}, {"type": "Feature", "properties": {"stop_id": "SA5022186331", "name": "Curve"}, "geometry": {"type": "Point", "coordinates": [-0.2544244, 5.5724834]}}, {"type": "Feature", "properties": {"stop_id": "SA5064974043", "name": "Adjiringanor Bridge"}, "geometry": {"type": "Point", "coordinates": [-0.1445744, 5.6457942]}}, {"type": "Feature", "properties": {"stop_id": "SA5029234103", "name": "Junction"}, "geometry": {"type": "Point", "coordinates": [-0.1745985, 5.5788369]}}, {"type": "Feature", "properties": {"stop_id": "SA5022186334", "name": "Mataheko Police Quarters"}, "geometry": {"type": "Point", "coordinates": [-0.249833, 5.5674461]}}, {"type": "Feature", "properties": {"stop_id": "SA5022186335", "name": "Peace Clinic"}, "geometry": {"type": "Point", "coordinates": [-0.2473776, 5.5659396]}}, {"type": "Feature", "properties": {"stop_id": "SA5064974046", "name": "Yeboah"}, "geometry": {"type": "Point", "coordinates": [-0.1717598, 5.6362521]}}, {"type": "Feature", "properties": {"stop_id": "SA5064974048", "name": "Achimota Forest"}, "geometry": {"type": "Point", "coordinates": [-0.2185736, 5.6207628]}}, {"type": "Feature", "properties": {"stop_id": "5052380389", "name": "Achimota Police Station"}, "geometry": {"type": "Point", "coordinates": [-0.2184337, 5.6209087]}}, {"type": "Feature", "properties": {"stop_id": "SA5043094921", "name": "Africa"}, "geometry": {"type": "Point", "coordinates": [-0.2754227, 5.612736]}}, {"type": "Feature", "properties": {"stop_id": "5049610381", "name": "Bishop"}, "geometry": {"type": "Point", "coordinates": [-0.2388726, 5.5720594]}}, {"type": "Feature", "properties": {"stop_id": "4990423841", "name": "Mile 7 Clinic"}, "geometry": {"type": "Point", "coordinates": [-0.2479542, 5.6297191]}}, {"type": "Feature", "properties": {"stop_id": "5040045043", "name": "Oblogo"}, "geometry": {"type": "Point", "coordinates": [-0.3122011, 5.5595978]}}, {"type": "Feature", "properties": {"stop_id": "5020282546", "name": "Accra End of the Motorway"}, "geometry": {"type": "Point", "coordinates": [-0.176012, 5.6273481]}}, {"type": "Feature", "properties": {"stop_id": "4990162118", "name": "Total"}, "geometry": {"type": "Point", "coordinates": [-0.2330129, 5.5981088]}}, {"type": "Feature", "properties": {"stop_id": "5020282544", "name": "American House"}, "geometry": {"type": "Point", "coordinates": [-0.1500724, 5.6475723]}}, {"type": "Feature", "properties": {"stop_id": "5049610383", "name": "Azumah Nelson Complex"}, "geometry": {"type": "Point", "coordinates": [-0.2270332, 5.5748624]}}, {"type": "Feature", "properties": {"stop_id": "5040597020", "name": "Second Curve"}, "geometry": {"type": "Point", "coordinates": [-0.2717567, 5.6344909]}}, {"type": "Feature", "properties": {"stop_id": "5020282543", "name": "Adjringanor/Otanor"}, "geometry": {"type": "Point", "coordinates": [-0.1345249, 5.6467064]}}, {"type": "Feature", "properties": {"stop_id": "SA5035697844", "name": "Legon police station"}, "geometry": {"type": "Point", "coordinates": [-0.1796585, 5.6512919]}}, {"type": "Feature", "properties": {"stop_id": "4990162110", "name": "Abotare"}, "geometry": {"type": "Point", "coordinates": [-0.2452697, 5.6050751]}}, {"type": "Feature", "properties": {"stop_id": "5022186334", "name": "Mataheko Police Quarters"}, "geometry": {"type": "Point", "coordinates": [-0.249833, 5.5674461]}}, {"type": "Feature", "properties": {"stop_id": "5022186335", "name": "Peace Clinic"}, "geometry": {"type": "Point", "coordinates": [-0.2473776, 5.5659396]}}, {"type": "Feature", "properties": {"stop_id": "4990162115", "name": "Free Pipe"}, "geometry": {"type": "Point", "coordinates": [-0.2373871, 5.599799]}}, {"type": "Feature", "properties": {"stop_id": "4990162114", "name": "Abeka Main Market"}, "geometry": {"type": "Point", "coordinates": [-0.2391297, 5.6007988]}}, {"type": "Feature", "properties": {"stop_id": "5022186330", "name": "Vice"}, "geometry": {"type": "Point", "coordinates": [-0.2555019, 5.5730916]}}, {"type": "Feature", "properties": {"stop_id": "5022186331", "name": "Curve"}, "geometry": {"type": "Point", "coordinates": [-0.2544244, 5.5724834]}}, {"type": "Feature", "properties": {"stop_id": "SA5000179123", "name": "Sahara"}, "geometry": {"type": "Point", "coordinates": [-0.2645143, 5.5505587]}}, {"type": "Feature", "properties": {"stop_id": "SA4997374740", "name": "Nima Police Station"}, "geometry": {"type": "Point", "coordinates": [-0.2007878, 5.5742089]}}, {"type": "Feature", "properties": {"stop_id": "5013078305", "name": "Ayigbe Town"}, "geometry": {"type": "Point", "coordinates": [-0.2314688, 5.5538409]}}, {"type": "Feature", "properties": {"stop_id": "SA4997374742", "name": "TV3"}, "geometry": {"type": "Point", "coordinates": [-0.1896684, 5.5763199]}}, {"type": "Feature", "properties": {"stop_id": "SA4997374744", "name": "37 Water Works"}, "geometry": {"type": "Point", "coordinates": [-0.1854895, 5.5825313]}}, {"type": "Feature", "properties": {"stop_id": "SA5043547850", "name": "Bridge"}, "geometry": {"type": "Point", "coordinates": [-0.2489701, 5.5263755]}}, {"type": "Feature", "properties": {"stop_id": "SA4997374746", "name": "Opeibea Second"}, "geometry": {"type": "Point", "coordinates": [-0.1801215, 5.5952582]}}, {"type": "Feature", "properties": {"stop_id": "5054759318", "name": "Abotsi Anya"}, "geometry": {"type": "Point", "coordinates": [-0.1025033, 5.5850742]}}, {"type": "Feature", "properties": {"stop_id": "SA4980841288", "name": "Bambolino"}, "geometry": {"type": "Point", "coordinates": [-0.2423735, 5.6087099]}}, {"type": "Feature", "properties": {"stop_id": "SA4980841289", "name": "Lapaz Market"}, "geometry": {"type": "Point", "coordinates": [-0.24051, 5.6090177]}}, {"type": "Feature", "properties": {"stop_id": "5084819921", "name": "Kwashieman School Junction"}, "geometry": {"type": "Point", "coordinates": [-0.2670071, 5.5896671]}}, {"type": "Feature", "properties": {"stop_id": "5084819922", "name": "Odorkor Market"}, "geometry": {"type": "Point", "coordinates": [-0.2641332, 5.5829571]}}, {"type": "Feature", "properties": {"stop_id": "5084819923", "name": "Odorkor Station"}, "geometry": {"type": "Point", "coordinates": [-0.2637732, 5.581884]}}, {"type": "Feature", "properties": {"stop_id": "SA4980841285", "name": "Abeka Lapaz"}, "geometry": {"type": "Point", "coordinates": [-0.2481677, 5.6072824]}}, {"type": "Feature", "properties": {"stop_id": "SA5024437369", "name": "Mighty Power"}, "geometry": {"type": "Point", "coordinates": [-0.2375234, 5.5702616]}}, {"type": "Feature", "properties": {"stop_id": "SA4980841287", "name": "Nii Boi Town Junction"}, "geometry": {"type": "Point", "coordinates": [-0.245219, 5.6082043]}}, {"type": "Feature", "properties": {"stop_id": "SA4995193054", "name": "Masalakyi"}, "geometry": {"type": "Point", "coordinates": [-0.2316552, 5.5849443]}}, {"type": "Feature", "properties": {"stop_id": "5025314720", "name": "Tudu"}, "geometry": {"type": "Point", "coordinates": [-0.2079041, 5.5512188]}}, {"type": "Feature", "properties": {"stop_id": "5034539524", "name": "Nima Roundabout"}, "geometry": {"type": "Point", "coordinates": [-0.2005797, 5.5782776]}}, {"type": "Feature", "properties": {"stop_id": "SA5111784810", "name": "New Russia"}, "geometry": {"type": "Point", "coordinates": [-0.2570488, 5.5561363]}}, {"type": "Feature", "properties": {"stop_id": "SA5111784811", "name": "Mataheko"}, "geometry": {"type": "Point", "coordinates": [-0.257078, 5.5556049]}}, {"type": "Feature", "properties": {"stop_id": "5010154464", "name": "Shoprite"}, "geometry": {"type": "Point", "coordinates": [-0.3416524, 5.5462353]}}, {"type": "Feature", "properties": {"stop_id": "SA5036505669", "name": "Ebenezer"}, "geometry": {"type": "Point", "coordinates": [-0.1926581, 5.6673302]}}, {"type": "Feature", "properties": {"stop_id": "SA5026070130", "name": "Meridian Chemist"}, "geometry": {"type": "Point", "coordinates": [-0.2353551, 5.5878042]}}, {"type": "Feature", "properties": {"stop_id": "5031022750", "name": "Happy Days"}, "geometry": {"type": "Point", "coordinates": [-0.2323775, 5.5556859]}}, {"type": "Feature", "properties": {"stop_id": "SA5026070132", "name": "Obaatanpa"}, "geometry": {"type": "Point", "coordinates": [-0.2299383, 5.5813092]}}, {"type": "Feature", "properties": {"stop_id": "SA5026070133", "name": "Dance Bar"}, "geometry": {"type": "Point", "coordinates": [-0.2279265, 5.5767516]}}, {"type": "Feature", "properties": {"stop_id": "SA5035473848", "name": "Washingbay"}, "geometry": {"type": "Point", "coordinates": [-0.2395381, 5.5862349]}}, {"type": "Feature", "properties": {"stop_id": "SA5097648858", "name": "Community 6"}, "geometry": {"type": "Point", "coordinates": [-0.0143521, 5.6577598]}}, {"type": "Feature", "properties": {"stop_id": "SA5097648859", "name": "Community 4"}, "geometry": {"type": "Point", "coordinates": [-0.0134427, 5.6554354]}}, {"type": "Feature", "properties": {"stop_id": "SA5097648856", "name": "Community 8"}, "geometry": {"type": "Point", "coordinates": [-0.0184411, 5.6679372]}}, {"type": "Feature", "properties": {"stop_id": "SA5035473844", "name": "Awudome"}, "geometry": {"type": "Point", "coordinates": [-0.2281886, 5.5691974]}}, {"type": "Feature", "properties": {"stop_id": "SA5097648854", "name": "Hospital Roundabout"}, "geometry": {"type": "Point", "coordinates": [-0.0227042, 5.6785468]}}, {"type": "Feature", "properties": {"stop_id": "SA5097648855", "name": "Community 9"}, "geometry": {"type": "Point", "coordinates": [-0.0199458, 5.6716923]}}, {"type": "Feature", "properties": {"stop_id": "SA5035473841", "name": "Cold store"}, "geometry": {"type": "Point", "coordinates": [-0.2222051, 5.5569473]}}, {"type": "Feature", "properties": {"stop_id": "SA5035473840", "name": "Gate"}, "geometry": {"type": "Point", "coordinates": [-0.2146609, 5.5526127]}}, {"type": "Feature", "properties": {"stop_id": "SA5035473843", "name": "STC"}, "geometry": {"type": "Point", "coordinates": [-0.2263827, 5.5640063]}}, {"type": "Feature", "properties": {"stop_id": "SA5035473842", "name": "Rana Motors"}, "geometry": {"type": "Point", "coordinates": [-0.2235948, 5.5596173]}}, {"type": "Feature", "properties": {"stop_id": "5041737426", "name": "Old Station"}, "geometry": {"type": "Point", "coordinates": [-0.2925899, 5.6363293]}}, {"type": "Feature", "properties": {"stop_id": "5049594494", "name": "Ayigbe town"}, "geometry": {"type": "Point", "coordinates": [-0.239881, 5.5835048]}}, {"type": "Feature", "properties": {"stop_id": "SA5027248839", "name": "Kakalika"}, "geometry": {"type": "Point", "coordinates": [-0.2425509, 5.531008]}}, {"type": "Feature", "properties": {"stop_id": "SA5027248838", "name": "Tea Gadern"}, "geometry": {"type": "Point", "coordinates": [-0.2422749, 5.5276379]}}, {"type": "Feature", "properties": {"stop_id": "5026530818", "name": "Access Bank"}, "geometry": {"type": "Point", "coordinates": [-0.2245083, 5.5842414]}}, {"type": "Feature", "properties": {"stop_id": "5026530819", "name": "Ashfoam"}, "geometry": {"type": "Point", "coordinates": [-0.2233723, 5.5788208]}}, {"type": "Feature", "properties": {"stop_id": "5026530816", "name": "Light House"}, "geometry": {"type": "Point", "coordinates": [-0.2289623, 5.5864284]}}, {"type": "Feature", "properties": {"stop_id": "5026530817", "name": "Melcom"}, "geometry": {"type": "Point", "coordinates": [-0.2271317, 5.5872987]}}, {"type": "Feature", "properties": {"stop_id": "SA5027248837", "name": "Alomo Junction"}, "geometry": {"type": "Point", "coordinates": [-0.2437244, 5.5268044]}}, {"type": "Feature", "properties": {"stop_id": "SA5027248836", "name": "Lantemame"}, "geometry": {"type": "Point", "coordinates": [-0.2461495, 5.5265448]}}, {"type": "Feature", "properties": {"stop_id": "5041138816", "name": "Barclays"}, "geometry": {"type": "Point", "coordinates": [-0.2047198, 5.6656167]}}, {"type": "Feature", "properties": {"stop_id": "4995054813", "name": "Aquinas"}, "geometry": {"type": "Point", "coordinates": [-0.1794401, 5.5743025]}}, {"type": "Feature", "properties": {"stop_id": "4995054812", "name": "Prisons"}, "geometry": {"type": "Point", "coordinates": [-0.1803026, 5.5709122]}}, {"type": "Feature", "properties": {"stop_id": "4995054811", "name": "Police Hospital"}, "geometry": {"type": "Point", "coordinates": [-0.1808304, 5.5678104]}}, {"type": "Feature", "properties": {"stop_id": "4995054810", "name": "Koala"}, "geometry": {"type": "Point", "coordinates": [-0.1811262, 5.5661404]}}, {"type": "Feature", "properties": {"stop_id": "4995054816", "name": "Lands Commission"}, "geometry": {"type": "Point", "coordinates": [-0.1762183, 5.5851221]}}, {"type": "Feature", "properties": {"stop_id": "4995054815", "name": "GIS Curve"}, "geometry": {"type": "Point", "coordinates": [-0.175357, 5.5800085]}}, {"type": "Feature", "properties": {"stop_id": "4995054814", "name": "Roundabout"}, "geometry": {"type": "Point", "coordinates": [-0.1789287, 5.576157]}}, {"type": "Feature", "properties": {"stop_id": "SA4990644992", "name": "Second"}, "geometry": {"type": "Point", "coordinates": [-0.1412343, 5.6316199]}}, {"type": "Feature", "properties": {"stop_id": "SA4990644993", "name": "Energy"}, "geometry": {"type": "Point", "coordinates": [-0.1430386, 5.6308497]}}, {"type": "Feature", "properties": {"stop_id": "SA4990644990", "name": "Zain Office"}, "geometry": {"type": "Point", "coordinates": [-0.1295281, 5.636397]}}, {"type": "Feature", "properties": {"stop_id": "SA4990644991", "name": "Cylinder"}, "geometry": {"type": "Point", "coordinates": [-0.1328471, 5.6350484]}}, {"type": "Feature", "properties": {"stop_id": "SA4990644994", "name": "Flower Pot"}, "geometry": {"type": "Point", "coordinates": [-0.1525619, 5.6267862]}}, {"type": "Feature", "properties": {"stop_id": "SA5110119200", "name": "Abase Mallam"}, "geometry": {"type": "Point", "coordinates": [-0.2874568, 5.5743755]}}, {"type": "Feature", "properties": {"stop_id": "SA5110119201", "name": "Masalaachi Mallam"}, "geometry": {"type": "Point", "coordinates": [-0.2867476, 5.5727841]}}, {"type": "Feature", "properties": {"stop_id": "SA4995193048", "name": "Old Stop"}, "geometry": {"type": "Point", "coordinates": [-0.2328982, 5.5877115]}}, {"type": "Feature", "properties": {"stop_id": "SA4995193049", "name": "Kaneshie Market Station"}, "geometry": {"type": "Point", "coordinates": [-0.2352465, 5.5658238]}}, {"type": "Feature", "properties": {"stop_id": "SA5110119204", "name": "Tipper"}, "geometry": {"type": "Point", "coordinates": [-0.2699125, 5.5785025]}}, {"type": "Feature", "properties": {"stop_id": "SA5029108942", "name": "Agblezah"}, "geometry": {"type": "Point", "coordinates": [-0.1249769, 5.6172828]}}, {"type": "Feature", "properties": {"stop_id": "5015015397", "name": "Pentecost Junction"}, "geometry": {"type": "Point", "coordinates": [-0.306518, 5.6250111]}}, {"type": "Feature", "properties": {"stop_id": "SA5029108940", "name": "Bridge"}, "geometry": {"type": "Point", "coordinates": [-0.1771379, 5.5649713]}}, {"type": "Feature", "properties": {"stop_id": "SA5029108941", "name": "Roundabout"}, "geometry": {"type": "Point", "coordinates": [-0.1282944, 5.5944969]}}, {"type": "Feature", "properties": {"stop_id": "5033271030", "name": "Christian Council"}, "geometry": {"type": "Point", "coordinates": [-0.1828747, 5.5533827]}}, {"type": "Feature", "properties": {"stop_id": "SA5025776031", "name": "Novotel"}, "geometry": {"type": "Point", "coordinates": [-0.2019673, 5.5533978]}}, {"type": "Feature", "properties": {"stop_id": "SA5025776030", "name": "Graphic"}, "geometry": {"type": "Point", "coordinates": [-0.2197027, 5.5555071]}}, {"type": "Feature", "properties": {"stop_id": "SA4752766522", "name": "Been To"}, "geometry": {"type": "Point", "coordinates": [-0.2717172, 5.5873886]}}, {"type": "Feature", "properties": {"stop_id": "5082543197", "name": "Prempeh"}, "geometry": {"type": "Point", "coordinates": [-0.2067663, 5.5937165]}}, {"type": "Feature", "properties": {"stop_id": "5082543196", "name": "CJ School"}, "geometry": {"type": "Point", "coordinates": [-0.2056691, 5.5927096]}}, {"type": "Feature", "properties": {"stop_id": "SA4994619134", "name": "Junction"}, "geometry": {"type": "Point", "coordinates": [-0.2223419, 5.6127269]}}, {"type": "Feature", "properties": {"stop_id": "SA4994619135", "name": "Dua Ase"}, "geometry": {"type": "Point", "coordinates": [-0.2176868, 5.6111632]}}, {"type": "Feature", "properties": {"stop_id": "5110119205", "name": "Busia Junction"}, "geometry": {"type": "Point", "coordinates": [-0.2678356, 5.5791228]}}, {"type": "Feature", "properties": {"stop_id": "5082543199", "name": "Modest"}, "geometry": {"type": "Point", "coordinates": [-0.2097218, 5.5962339]}}, {"type": "Feature", "properties": {"stop_id": "5082543198", "name": "Kotobabi Night Market"}, "geometry": {"type": "Point", "coordinates": [-0.2076808, 5.5946942]}}, {"type": "Feature", "properties": {"stop_id": "5104165255", "name": "Stadium Junction"}, "geometry": {"type": "Point", "coordinates": [-0.1909015, 5.5502461]}}, {"type": "Feature", "properties": {"stop_id": "5123158993", "name": "Sakaman Blue Lagoon"}, "geometry": {"type": "Point", "coordinates": [-0.2721356, 5.571485]}}, {"type": "Feature", "properties": {"stop_id": "5015015390", "name": "Sowutuom Chopbar"}, "geometry": {"type": "Point", "coordinates": [-0.2763563, 5.6174039]}}, {"type": "Feature", "properties": {"stop_id": "SA4997810031", "name": "Zone 6"}, "geometry": {"type": "Point", "coordinates": [-0.2575751, 5.5314411]}}, {"type": "Feature", "properties": {"stop_id": "SA4997810030", "name": "Karikari"}, "geometry": {"type": "Point", "coordinates": [-0.2614355, 5.5309817]}}, {"type": "Feature", "properties": {"stop_id": "SA4997810033", "name": "205"}, "geometry": {"type": "Point", "coordinates": [-0.2540035, 5.5319607]}}, {"type": "Feature", "properties": {"stop_id": "SA4997810032", "name": "Agege"}, "geometry": {"type": "Point", "coordinates": [-0.2549926, 5.5317991]}}, {"type": "Feature", "properties": {"stop_id": "5037296280", "name": "Alajo Market"}, "geometry": {"type": "Point", "coordinates": [-0.2170806, 5.5910678]}}, {"type": "Feature", "properties": {"stop_id": "5037296281", "name": "Filling Station"}, "geometry": {"type": "Point", "coordinates": [-0.2167639, 5.5940542]}}, {"type": "Feature", "properties": {"stop_id": "SA4997810037", "name": "Methodist"}, "geometry": {"type": "Point", "coordinates": [-0.2444205, 5.5348583]}}, {"type": "Feature", "properties": {"stop_id": "SA4997810036", "name": "Bamboi"}, "geometry": {"type": "Point", "coordinates": [-0.2462328, 5.5328628]}}, {"type": "Feature", "properties": {"stop_id": "SA5022509204", "name": "Awots\u025b Kojo"}, "geometry": {"type": "Point", "coordinates": [-0.2327288, 5.5347944]}}, {"type": "Feature", "properties": {"stop_id": "5027248840", "name": "Girl School"}, "geometry": {"type": "Point", "coordinates": [-0.2426232, 5.5319185]}}, {"type": "Feature", "properties": {"stop_id": "5110119206", "name": "Mataheko"}, "geometry": {"type": "Point", "coordinates": [-0.2439524, 5.5629792]}}, {"type": "Feature", "properties": {"stop_id": "SA5013078307", "name": "Abossey Okai"}, "geometry": {"type": "Point", "coordinates": [-0.2299216, 5.5604845]}}, {"type": "Feature", "properties": {"stop_id": "SA5013078306", "name": "Total"}, "geometry": {"type": "Point", "coordinates": [-0.2305061, 5.5594651]}}, {"type": "Feature", "properties": {"stop_id": "SA5013078305", "name": "Ayigbe Town"}, "geometry": {"type": "Point", "coordinates": [-0.2314688, 5.5538409]}}, {"type": "Feature", "properties": {"stop_id": "SA5013078304", "name": "Mortuary"}, "geometry": {"type": "Point", "coordinates": [-0.2264995, 5.5430354]}}, {"type": "Feature", "properties": {"stop_id": "SA5013078303", "name": "Junction"}, "geometry": {"type": "Point", "coordinates": [-0.2219614, 5.5378557]}}, {"type": "Feature", "properties": {"stop_id": "SA5013078302", "name": "Korle-Bu Barber"}, "geometry": {"type": "Point", "coordinates": [-0.2233271, 5.5369187]}}, {"type": "Feature", "properties": {"stop_id": "SA5113810459", "name": "MTN"}, "geometry": {"type": "Point", "coordinates": [-0.2356114, 5.6102693]}}, {"type": "Feature", "properties": {"stop_id": "5079677922", "name": "Soul Clinic"}, "geometry": {"type": "Point", "coordinates": [-0.1592614, 5.582496]}}, {"type": "Feature", "properties": {"stop_id": "5079677923", "name": "Trade Fair"}, "geometry": {"type": "Point", "coordinates": [-0.1474018, 5.5694651]}}, {"type": "Feature", "properties": {"stop_id": "5079677921", "name": "El-Wak"}, "geometry": {"type": "Point", "coordinates": [-0.1720888, 5.5870842]}}, {"type": "Feature", "properties": {"stop_id": "5079677924", "name": "T-Junction Curve"}, "geometry": {"type": "Point", "coordinates": [-0.1437218, 5.5641312]}}, {"type": "Feature", "properties": {"stop_id": "5079677925", "name": "Bank"}, "geometry": {"type": "Point", "coordinates": [-0.0803876, 5.6001649]}}, {"type": "Feature", "properties": {"stop_id": "5039895714", "name": "Mallam Attah Market"}, "geometry": {"type": "Point", "coordinates": [-0.2095848, 5.5863151]}}, {"type": "Feature", "properties": {"stop_id": "SA5104904323", "name": "School Junction"}, "geometry": {"type": "Point", "coordinates": [-0.2084412, 5.5618188]}}, {"type": "Feature", "properties": {"stop_id": "5009934991", "name": "Sarpeiman"}, "geometry": {"type": "Point", "coordinates": [-0.3110896, 5.7256372]}}, {"type": "Feature", "properties": {"stop_id": "5035532957", "name": "Dome /Ashongman Estates"}, "geometry": {"type": "Point", "coordinates": [-0.2354245, 5.702369]}}, {"type": "Feature", "properties": {"stop_id": "5043094921", "name": "Africa"}, "geometry": {"type": "Point", "coordinates": [-0.2754227, 5.612736]}}, {"type": "Feature", "properties": {"stop_id": "5043094922", "name": "Auntie Aku"}, "geometry": {"type": "Point", "coordinates": [-0.2745991, 5.6082358]}}, {"type": "Feature", "properties": {"stop_id": "5043094923", "name": "Assiamah"}, "geometry": {"type": "Point", "coordinates": [-0.2743514, 5.6069955]}}, {"type": "Feature", "properties": {"stop_id": "5035532959", "name": "Presby"}, "geometry": {"type": "Point", "coordinates": [-0.2376331, 5.6995104]}}, {"type": "Feature", "properties": {"stop_id": "5035532958", "name": "School junction"}, "geometry": {"type": "Point", "coordinates": [-0.2364412, 5.701623]}}, {"type": "Feature", "properties": {"stop_id": "4990644976", "name": "Basket"}, "geometry": {"type": "Point", "coordinates": [-0.0923639, 5.6301492]}}, {"type": "Feature", "properties": {"stop_id": "5049594489", "name": "Traffic Light"}, "geometry": {"type": "Point", "coordinates": [-0.2174918, 5.5794951]}}, {"type": "Feature", "properties": {"stop_id": "SA5043423431", "name": "A Lang"}, "geometry": {"type": "Point", "coordinates": [-0.2781679, 5.5977924]}}, {"type": "Feature", "properties": {"stop_id": "SA5022354483", "name": "Hansonic"}, "geometry": {"type": "Point", "coordinates": [-0.2529415, 5.5740151]}}, {"type": "Feature", "properties": {"stop_id": "SA5022354482", "name": "Atico"}, "geometry": {"type": "Point", "coordinates": [-0.2511787, 5.5741643]}}, {"type": "Feature", "properties": {"stop_id": "5095915259", "name": "Mystical Rose Int School Junction"}, "geometry": {"type": "Point", "coordinates": [-0.2745007, 5.6153037]}}, {"type": "Feature", "properties": {"stop_id": "5095915258", "name": "Phobia Junction"}, "geometry": {"type": "Point", "coordinates": [-0.2697325, 5.6132856]}}, {"type": "Feature", "properties": {"stop_id": "SA1200964747", "name": "Under Bridge"}, "geometry": {"type": "Point", "coordinates": [-0.0435957, 5.6747917]}}, {"type": "Feature", "properties": {"stop_id": "SA5022354486", "name": "Abam Kofi"}, "geometry": {"type": "Point", "coordinates": [-0.270854, 5.5616542]}}, {"type": "Feature", "properties": {"stop_id": "SA5022354485", "name": "Mt Olivet"}, "geometry": {"type": "Point", "coordinates": [-0.2679526, 5.5606572]}}, {"type": "Feature", "properties": {"stop_id": "SA4995054806", "name": "Osu Shell"}, "geometry": {"type": "Point", "coordinates": [-0.1826812, 5.5565974]}}, {"type": "Feature", "properties": {"stop_id": "SA4995054807", "name": "Papaye"}, "geometry": {"type": "Point", "coordinates": [-0.1822208, 5.5595692]}}, {"type": "Feature", "properties": {"stop_id": "SA4995054804", "name": "Osu"}, "geometry": {"type": "Point", "coordinates": [-0.1835933, 5.554076]}}, {"type": "Feature", "properties": {"stop_id": "SA4995054805", "name": "Presby School Junction"}, "geometry": {"type": "Point", "coordinates": [-0.1833494, 5.554982]}}, {"type": "Feature", "properties": {"stop_id": "5001014676", "name": "MTN"}, "geometry": {"type": "Point", "coordinates": [-0.2613127, 5.5586785]}}, {"type": "Feature", "properties": {"stop_id": "SA4995054808", "name": "SNNIT"}, "geometry": {"type": "Point", "coordinates": [-0.1816047, 5.5627714]}}, {"type": "Feature", "properties": {"stop_id": "SA4972315121", "name": "Legon First"}, "geometry": {"type": "Point", "coordinates": [-0.1807077, 5.6536077]}}, {"type": "Feature", "properties": {"stop_id": "5123186408", "name": "Camara Last Stop"}, "geometry": {"type": "Point", "coordinates": [-0.2558942, 5.5365881]}}, {"type": "Feature", "properties": {"stop_id": "5123186409", "name": "Mr Mensah"}, "geometry": {"type": "Point", "coordinates": [-0.2602179, 5.5377289]}}, {"type": "Feature", "properties": {"stop_id": "5022509197", "name": "Agbobloshie 2"}, "geometry": {"type": "Point", "coordinates": [-0.2183046, 5.5484154]}}, {"type": "Feature", "properties": {"stop_id": "5110119201", "name": "Masalaachi Mallam"}, "geometry": {"type": "Point", "coordinates": [-0.2867476, 5.5727841]}}, {"type": "Feature", "properties": {"stop_id": "4990070171", "name": "Eno"}, "geometry": {"type": "Point", "coordinates": [-0.2419788, 5.6027454]}}, {"type": "Feature", "properties": {"stop_id": "SA5027354802", "name": "Odorkor (Main Bus stop)"}, "geometry": {"type": "Point", "coordinates": [-0.2636861, 5.5804311]}}, {"type": "Feature", "properties": {"stop_id": "SA5014716657", "name": "Melcom"}, "geometry": {"type": "Point", "coordinates": [-0.2269332, 5.5879449]}}, {"type": "Feature", "properties": {"stop_id": "SA5014716656", "name": "Ashfoam Junction"}, "geometry": {"type": "Point", "coordinates": [-0.2241143, 5.582849]}}, {"type": "Feature", "properties": {"stop_id": "SA5014716655", "name": "Fan Milk Junction"}, "geometry": {"type": "Point", "coordinates": [-0.2228472, 5.5731943]}}, {"type": "Feature", "properties": {"stop_id": "SA5045432464", "name": "Afropa"}, "geometry": {"type": "Point", "coordinates": [-0.2468737, 5.5903471]}}, {"type": "Feature", "properties": {"stop_id": "5031322664", "name": "Circle"}, "geometry": {"type": "Point", "coordinates": [-0.2159517, 5.5688494]}}, {"type": "Feature", "properties": {"stop_id": "4992783155", "name": "Trasacco"}, "geometry": {"type": "Point", "coordinates": [-0.1176802, 5.6450566]}}, {"type": "Feature", "properties": {"stop_id": "SA5014716659", "name": "Abeka Total"}, "geometry": {"type": "Point", "coordinates": [-0.2335625, 5.597953]}}, {"type": "Feature", "properties": {"stop_id": "SA5014716658", "name": "Mesco"}, "geometry": {"type": "Point", "coordinates": [-0.2299199, 5.5907051]}}, {"type": "Feature", "properties": {"stop_id": "4992783151", "name": "Tema Main Harbour"}, "geometry": {"type": "Point", "coordinates": [0.0031339, 5.6452868]}}, {"type": "Feature", "properties": {"stop_id": "4992783152", "name": "Community 8"}, "geometry": {"type": "Point", "coordinates": [-0.0099318, 5.6732099]}}, {"type": "Feature", "properties": {"stop_id": "5031322663", "name": "Novotel"}, "geometry": {"type": "Point", "coordinates": [-0.1995555, 5.5499807]}}, {"type": "Feature", "properties": {"stop_id": "SA5008726859", "name": "Hong Kong"}, "geometry": {"type": "Point", "coordinates": [-0.2627026, 5.599321]}}, {"type": "Feature", "properties": {"stop_id": "SA5008726858", "name": "Amanfrom"}, "geometry": {"type": "Point", "coordinates": [-0.4124889, 5.5354525]}}, {"type": "Feature", "properties": {"stop_id": "SA5008726851", "name": "Weija-Gbawe Municipal Hospital"}, "geometry": {"type": "Point", "coordinates": [-0.2895545, 5.5641557]}}, {"type": "Feature", "properties": {"stop_id": "SA5008726850", "name": "Qwass"}, "geometry": {"type": "Point", "coordinates": [-0.2892353, 5.564107]}}, {"type": "Feature", "properties": {"stop_id": "SA5008726853", "name": "Brigade"}, "geometry": {"type": "Point", "coordinates": [-0.3951585, 5.5405429]}}, {"type": "Feature", "properties": {"stop_id": "SA5008726852", "name": "SCC"}, "geometry": {"type": "Point", "coordinates": [-0.3385323, 5.5473118]}}, {"type": "Feature", "properties": {"stop_id": "5013249863", "name": "Abeka Lapaz"}, "geometry": {"type": "Point", "coordinates": [-0.2491035, 5.6069414]}}, {"type": "Feature", "properties": {"stop_id": "5051112450", "name": "Dansoman Junction"}, "geometry": {"type": "Point", "coordinates": [-0.2521162, 5.5752116]}}, {"type": "Feature", "properties": {"stop_id": "5051112451", "name": "Mataheko Quarters"}, "geometry": {"type": "Point", "coordinates": [-0.2477455, 5.5725993]}}, {"type": "Feature", "properties": {"stop_id": "5051112452", "name": "Mallam Station"}, "geometry": {"type": "Point", "coordinates": [-0.2380144, 5.566669]}}, {"type": "Feature", "properties": {"stop_id": "5051112453", "name": "Kaneshie Market"}, "geometry": {"type": "Point", "coordinates": [-0.2342995, 5.5644409]}}, {"type": "Feature", "properties": {"stop_id": "SA5040089800", "name": "Roman junction"}, "geometry": {"type": "Point", "coordinates": [-0.215747, 5.5849824]}}, {"type": "Feature", "properties": {"stop_id": "SA5040089801", "name": "Olympic junction"}, "geometry": {"type": "Point", "coordinates": [-0.2159116, 5.5846153]}}, {"type": "Feature", "properties": {"stop_id": "SA5000972548", "name": "Tantua School"}, "geometry": {"type": "Point", "coordinates": [-0.2727864, 5.5724371]}}, {"type": "Feature", "properties": {"stop_id": "SA5000972549", "name": "Sakaman"}, "geometry": {"type": "Point", "coordinates": [-0.2743683, 5.5754152]}}, {"type": "Feature", "properties": {"stop_id": "5112961116", "name": "Museum"}, "geometry": {"type": "Point", "coordinates": [-0.2058368, 5.5606235]}}, {"type": "Feature", "properties": {"stop_id": "SA5000972547", "name": "Sakaman Taxi Rank"}, "geometry": {"type": "Point", "coordinates": [-0.2722016, 5.5714297]}}, {"type": "Feature", "properties": {"stop_id": "5083251760", "name": "Kaneshie Roundabout"}, "geometry": {"type": "Point", "coordinates": [-0.2298287, 5.57111]}}, {"type": "Feature", "properties": {"stop_id": "4990423854", "name": "Atomic Junction"}, "geometry": {"type": "Point", "coordinates": [-0.2389505, 5.6674623]}}, {"type": "Feature", "properties": {"stop_id": "5083164019", "name": "Timber Market"}, "geometry": {"type": "Point", "coordinates": [-0.2162409, 5.5435678]}}, {"type": "Feature", "properties": {"stop_id": "4990070158", "name": "Circle"}, "geometry": {"type": "Point", "coordinates": [-0.2167595, 5.5697473]}}, {"type": "Feature", "properties": {"stop_id": "5035796883", "name": "Circle Post Office"}, "geometry": {"type": "Point", "coordinates": [-0.2160183, 5.5719954]}}, {"type": "Feature", "properties": {"stop_id": "5035796881", "name": "Alajo"}, "geometry": {"type": "Point", "coordinates": [-0.2179266, 5.5891483]}}, {"type": "Feature", "properties": {"stop_id": "5035796880", "name": "CAT"}, "geometry": {"type": "Point", "coordinates": [-0.2220479, 5.5957329]}}, {"type": "Feature", "properties": {"stop_id": "5064519465", "name": "Mama Lizzy"}, "geometry": {"type": "Point", "coordinates": [-0.2318464, 5.5850717]}}, {"type": "Feature", "properties": {"stop_id": "SA5113124877", "name": "Ashongman"}, "geometry": {"type": "Point", "coordinates": [-0.2103426, 5.7035478]}}, {"type": "Feature", "properties": {"stop_id": "SA4972575680", "name": "Power House"}, "geometry": {"type": "Point", "coordinates": [-0.1801477, 5.6560636]}}, {"type": "Feature", "properties": {"stop_id": "SA5037296278", "name": "Circle (Alajo Station)"}, "geometry": {"type": "Point", "coordinates": [-0.2142356, 5.5711437]}}, {"type": "Feature", "properties": {"stop_id": "SA5113124878", "name": "Down Town"}, "geometry": {"type": "Point", "coordinates": [-0.208143, 5.7014683]}}, {"type": "Feature", "properties": {"stop_id": "5036565850", "name": "Atomic junction"}, "geometry": {"type": "Point", "coordinates": [-0.1779022, 5.6673058]}}, {"type": "Feature", "properties": {"stop_id": "SA4979349924", "name": "Korle Bu"}, "geometry": {"type": "Point", "coordinates": [-0.2264147, 5.5361606]}}, {"type": "Feature", "properties": {"stop_id": "SA5079127713", "name": "Kopevi"}, "geometry": {"type": "Point", "coordinates": [-0.2335977, 5.6145674]}}, {"type": "Feature", "properties": {"stop_id": "SA5079127712", "name": "Adwenpa"}, "geometry": {"type": "Point", "coordinates": [-0.2349652, 5.6149544]}}, {"type": "Feature", "properties": {"stop_id": "SA5079127711", "name": "Akwetteyman Zongo"}, "geometry": {"type": "Point", "coordinates": [-0.2374214, 5.6157915]}}, {"type": "Feature", "properties": {"stop_id": "SA5079127710", "name": "Akweteman Zongo (Last Stop)"}, "geometry": {"type": "Point", "coordinates": [-0.2402639, 5.6139918]}}, {"type": "Feature", "properties": {"stop_id": "5047423638", "name": "Methodist"}, "geometry": {"type": "Point", "coordinates": [-0.2444595, 5.5344373]}}, {"type": "Feature", "properties": {"stop_id": "5023802897", "name": "Add a name to the stop with JungleBus app"}, "geometry": {"type": "Point", "coordinates": [-0.2435332, 5.5819888]}}, {"type": "Feature", "properties": {"stop_id": "5000176419", "name": "St. Martin Depores"}, "geometry": {"type": "Point", "coordinates": [-0.2651201, 5.5597816]}}, {"type": "Feature", "properties": {"stop_id": "SA4990070161", "name": "Caprice"}, "geometry": {"type": "Point", "coordinates": [-0.2170401, 5.5839552]}}, {"type": "Feature", "properties": {"stop_id": "5064078023", "name": "Adeyman"}, "geometry": {"type": "Point", "coordinates": [-0.3718211, 5.7171517]}}, {"type": "Feature", "properties": {"stop_id": "5041737432", "name": "Vulcanizer"}, "geometry": {"type": "Point", "coordinates": [-0.2788759, 5.6228929]}}, {"type": "Feature", "properties": {"stop_id": "5041737433", "name": "Market"}, "geometry": {"type": "Point", "coordinates": [-0.2769, 5.6205575]}}, {"type": "Feature", "properties": {"stop_id": "5041737430", "name": "Ga Central Assembly"}, "geometry": {"type": "Point", "coordinates": [-0.284532, 5.6252859]}}, {"type": "Feature", "properties": {"stop_id": "5041737431", "name": "Sowutuom"}, "geometry": {"type": "Point", "coordinates": [-0.2834354, 5.6248397]}}, {"type": "Feature", "properties": {"stop_id": "5041737434", "name": "Chop Bar"}, "geometry": {"type": "Point", "coordinates": [-0.2761418, 5.6165981]}}, {"type": "Feature", "properties": {"stop_id": "5041737435", "name": "Toilets"}, "geometry": {"type": "Point", "coordinates": [-0.2728334, 5.6139643]}}, {"type": "Feature", "properties": {"stop_id": "4980974738", "name": "Black Smith"}, "geometry": {"type": "Point", "coordinates": [-0.2401201, 5.5511073]}}, {"type": "Feature", "properties": {"stop_id": "5127360604", "name": "Teshie Rasta Road"}, "geometry": {"type": "Point", "coordinates": [-0.1310071, 5.5899072]}}, {"type": "Feature", "properties": {"stop_id": "5035725210", "name": "Okponglo"}, "geometry": {"type": "Point", "coordinates": [-0.1783438, 5.640853]}}, {"type": "Feature", "properties": {"stop_id": "SA4990644972", "name": "Victory Signboard"}, "geometry": {"type": "Point", "coordinates": [-0.0826056, 5.6260024]}}, {"type": "Feature", "properties": {"stop_id": "SA5064359909", "name": "Washing Bay"}, "geometry": {"type": "Point", "coordinates": [-0.2329235, 5.5941862]}}, {"type": "Feature", "properties": {"stop_id": "SA5064359908", "name": "School Juction"}, "geometry": {"type": "Point", "coordinates": [-0.2331783, 5.5954117]}}, {"type": "Feature", "properties": {"stop_id": "SA4977880923", "name": "License Office"}, "geometry": {"type": "Point", "coordinates": [-0.1806082, 5.5919333]}}, {"type": "Feature", "properties": {"stop_id": "5024234905", "name": "Junction"}, "geometry": {"type": "Point", "coordinates": [-0.2432794, 5.5561071]}}, {"type": "Feature", "properties": {"stop_id": "SA5037296282", "name": "Pele"}, "geometry": {"type": "Point", "coordinates": [-0.2170081, 5.597308]}}, {"type": "Feature", "properties": {"stop_id": "5040089801", "name": "Olympic junction"}, "geometry": {"type": "Point", "coordinates": [-0.2159116, 5.5846153]}}, {"type": "Feature", "properties": {"stop_id": "SA5037296283", "name": "Taxi Rank Alajo"}, "geometry": {"type": "Point", "coordinates": [-0.2169013, 5.5960336]}}, {"type": "Feature", "properties": {"stop_id": "5024437368", "name": "Ekutu Junction"}, "geometry": {"type": "Point", "coordinates": [-0.2370347, 5.5684977]}}, {"type": "Feature", "properties": {"stop_id": "SA5041209348", "name": "Awoshie"}, "geometry": {"type": "Point", "coordinates": [-0.2788954, 5.5870425]}}, {"type": "Feature", "properties": {"stop_id": "5128896348", "name": "Orgle Street"}, "geometry": {"type": "Point", "coordinates": [-0.236299, 5.585046]}}, {"type": "Feature", "properties": {"stop_id": "5024437369", "name": "Mighty Power"}, "geometry": {"type": "Point", "coordinates": [-0.2375234, 5.5702616]}}, {"type": "Feature", "properties": {"stop_id": "5007960687", "name": "Ashaiman Overhead"}, "geometry": {"type": "Point", "coordinates": [-0.0255552, 5.6826122]}}, {"type": "Feature", "properties": {"stop_id": "5064991470", "name": "Adjiringanor"}, "geometry": {"type": "Point", "coordinates": [-0.1250987, 5.6771612]}}, {"type": "Feature", "properties": {"stop_id": "5024437366", "name": "Tabora Number2"}, "geometry": {"type": "Point", "coordinates": [-0.2599497, 5.6060211]}}, {"type": "Feature", "properties": {"stop_id": "5040089802", "name": "Kingsway"}, "geometry": {"type": "Point", "coordinates": [-0.2107525, 5.5518679]}}, {"type": "Feature", "properties": {"stop_id": "5024234906", "name": "Market"}, "geometry": {"type": "Point", "coordinates": [-0.2370074, 5.5528102]}}, {"type": "Feature", "properties": {"stop_id": "SA5039895708", "name": "Kotobabi Down (Polo Park)"}, "geometry": {"type": "Point", "coordinates": [-0.2091548, 5.5958908]}}, {"type": "Feature", "properties": {"stop_id": "SA5039895709", "name": "Kotobabi Market"}, "geometry": {"type": "Point", "coordinates": [-0.2089615, 5.5931302]}}, {"type": "Feature", "properties": {"stop_id": "5024234903", "name": "Banku Junction"}, "geometry": {"type": "Point", "coordinates": [-0.2475504, 5.5537769]}}, {"type": "Feature", "properties": {"stop_id": "5024234902", "name": "Borla Junction"}, "geometry": {"type": "Point", "coordinates": [-0.2476184, 5.5509311]}}, {"type": "Feature", "properties": {"stop_id": "5024234901", "name": "Sukura"}, "geometry": {"type": "Point", "coordinates": [-0.2492943, 5.5506217]}}, {"type": "Feature", "properties": {"stop_id": "5064078030", "name": "Samsam"}, "geometry": {"type": "Point", "coordinates": [-0.3213518, 5.7539328]}}, {"type": "Feature", "properties": {"stop_id": "SA5113124898", "name": "Brainy School Junction"}, "geometry": {"type": "Point", "coordinates": [-0.2083344, 5.6547708]}}, {"type": "Feature", "properties": {"stop_id": "5045200685", "name": "Cocoa Clinic"}, "geometry": {"type": "Point", "coordinates": [-0.2359657, 5.5716626]}}, {"type": "Feature", "properties": {"stop_id": "5047154066", "name": "Shiashie"}, "geometry": {"type": "Point", "coordinates": [-0.1759504, 5.6273041]}}, {"type": "Feature", "properties": {"stop_id": "5047154067", "name": "37 Water Works"}, "geometry": {"type": "Point", "coordinates": [-0.1849063, 5.5834009]}}, {"type": "Feature", "properties": {"stop_id": "5047154064", "name": "Puplampu"}, "geometry": {"type": "Point", "coordinates": [-0.172673, 5.6328306]}}, {"type": "Feature", "properties": {"stop_id": "SA5113124897", "name": "Police Container"}, "geometry": {"type": "Point", "coordinates": [-0.2075698, 5.6573176]}}, {"type": "Feature", "properties": {"stop_id": "SA5113124890", "name": "Afari Gyan"}, "geometry": {"type": "Point", "coordinates": [-0.202063, 5.679525]}}, {"type": "Feature", "properties": {"stop_id": "SA5113124891", "name": "Sam J"}, "geometry": {"type": "Point", "coordinates": [-0.2027893, 5.6772438]}}, {"type": "Feature", "properties": {"stop_id": "SA5113124892", "name": "Bridge"}, "geometry": {"type": "Point", "coordinates": [-0.2044956, 5.6719874]}}, {"type": "Feature", "properties": {"stop_id": "SA5113124893", "name": "Pentecost"}, "geometry": {"type": "Point", "coordinates": [-0.2054838, 5.669582]}}, {"type": "Feature", "properties": {"stop_id": "SA5022186323", "name": "All Days"}, "geometry": {"type": "Point", "coordinates": [-0.2686858, 5.5715268]}}, {"type": "Feature", "properties": {"stop_id": "SA5022186322", "name": "Blue Lagoon"}, "geometry": {"type": "Point", "coordinates": [-0.2708123, 5.5715646]}}, {"type": "Feature", "properties": {"stop_id": "SA5022186321", "name": "Alaba"}, "geometry": {"type": "Point", "coordinates": [-0.2705688, 5.5640348]}}, {"type": "Feature", "properties": {"stop_id": "5058534311", "name": "Odorkor"}, "geometry": {"type": "Point", "coordinates": [-0.2639052, 5.5811887]}}, {"type": "Feature", "properties": {"stop_id": "SA5022186327", "name": "Yellow Kiosk"}, "geometry": {"type": "Point", "coordinates": [-0.2617768, 5.5731576]}}, {"type": "Feature", "properties": {"stop_id": "SA5051112440", "name": "Second Yellow"}, "geometry": {"type": "Point", "coordinates": [-0.2980679, 5.6265568]}}, {"type": "Feature", "properties": {"stop_id": "SA5022186325", "name": "Masalachi"}, "geometry": {"type": "Point", "coordinates": [-0.2657927, 5.5723102]}}, {"type": "Feature", "properties": {"stop_id": "SA5022186324", "name": "Bola"}, "geometry": {"type": "Point", "coordinates": [-0.2674006, 5.571829]}}, {"type": "Feature", "properties": {"stop_id": "SA5022186329", "name": "Lotto Kiosk"}, "geometry": {"type": "Point", "coordinates": [-0.2578471, 5.5733567]}}, {"type": "Feature", "properties": {"stop_id": "SA5022186328", "name": "Pentecost"}, "geometry": {"type": "Point", "coordinates": [-0.2604247, 5.5732207]}}, {"type": "Feature", "properties": {"stop_id": "5027303272", "name": "Okwahu Motors"}, "geometry": {"type": "Point", "coordinates": [-0.2553837, 5.5587045]}}, {"type": "Feature", "properties": {"stop_id": "SA5113124894", "name": "Total"}, "geometry": {"type": "Point", "coordinates": [-0.2049509, 5.6675379]}}, {"type": "Feature", "properties": {"stop_id": "SA5043794576", "name": "37 Military Hospital"}, "geometry": {"type": "Point", "coordinates": [-0.1835921, 5.5921099]}}, {"type": "Feature", "properties": {"stop_id": "SA5035412446", "name": "Darkuman"}, "geometry": {"type": "Point", "coordinates": [-0.2510034, 5.5889506]}}, {"type": "Feature", "properties": {"stop_id": "SA5020636351", "name": "Wass"}, "geometry": {"type": "Point", "coordinates": [-0.1711675, 5.7045087]}}, {"type": "Feature", "properties": {"stop_id": "SA5022007554", "name": "Six Pillars"}, "geometry": {"type": "Point", "coordinates": [-0.2234181, 5.6210314]}}, {"type": "Feature", "properties": {"stop_id": "5045437547", "name": "Wireless"}, "geometry": {"type": "Point", "coordinates": [-0.2401622, 5.5862905]}}, {"type": "Feature", "properties": {"stop_id": "SA5022007555", "name": "Christian Village Jucntion"}, "geometry": {"type": "Point", "coordinates": [-0.2149328, 5.6351546]}}, {"type": "Feature", "properties": {"stop_id": "5047154065", "name": "Block Factory"}, "geometry": {"type": "Point", "coordinates": [-0.1736704, 5.6284456]}}, {"type": "Feature", "properties": {"stop_id": "5022186329", "name": "Lotto Kiosk"}, "geometry": {"type": "Point", "coordinates": [-0.2578471, 5.5733567]}}, {"type": "Feature", "properties": {"stop_id": "5022186328", "name": "Pentecost"}, "geometry": {"type": "Point", "coordinates": [-0.2604247, 5.5732207]}}, {"type": "Feature", "properties": {"stop_id": "5022186325", "name": "Masalachi"}, "geometry": {"type": "Point", "coordinates": [-0.2657927, 5.5723102]}}, {"type": "Feature", "properties": {"stop_id": "5022186324", "name": "Bola"}, "geometry": {"type": "Point", "coordinates": [-0.2674006, 5.571829]}}, {"type": "Feature", "properties": {"stop_id": "5022186327", "name": "Yellow Kiosk"}, "geometry": {"type": "Point", "coordinates": [-0.2617768, 5.5731576]}}, {"type": "Feature", "properties": {"stop_id": "SA5022007557", "name": "Container"}, "geometry": {"type": "Point", "coordinates": [-0.2232849, 5.6429724]}}, {"type": "Feature", "properties": {"stop_id": "4990162120", "name": "Abeka Junction"}, "geometry": {"type": "Point", "coordinates": [-0.2234973, 5.5985513]}}, {"type": "Feature", "properties": {"stop_id": "5022186323", "name": "All Days"}, "geometry": {"type": "Point", "coordinates": [-0.2686858, 5.5715268]}}, {"type": "Feature", "properties": {"stop_id": "5047154063", "name": "Banku Junction"}, "geometry": {"type": "Point", "coordinates": [-0.1695361, 5.6395947]}}, {"type": "Feature", "properties": {"stop_id": "5040742578", "name": "Alhaji Station"}, "geometry": {"type": "Point", "coordinates": [-0.2620197, 5.628351]}}, {"type": "Feature", "properties": {"stop_id": "5047154060", "name": "MTN"}, "geometry": {"type": "Point", "coordinates": [-0.1567348, 5.6449389]}}, {"type": "Feature", "properties": {"stop_id": "SA4997374753", "name": "Ritz Second"}, "geometry": {"type": "Point", "coordinates": [-0.171546, 5.6852441]}}, {"type": "Feature", "properties": {"stop_id": "SA4997374750", "name": "Presec"}, "geometry": {"type": "Point", "coordinates": [-0.1783598, 5.6617587]}}, {"type": "Feature", "properties": {"stop_id": "SA4980974767", "name": "Ejas"}, "geometry": {"type": "Point", "coordinates": [-0.2317564, 5.528899]}}, {"type": "Feature", "properties": {"stop_id": "SA4997374754", "name": "Ritz First"}, "geometry": {"type": "Point", "coordinates": [-0.1716798, 5.6882045]}}, {"type": "Feature", "properties": {"stop_id": "5024042175", "name": "Fadama Junction"}, "geometry": {"type": "Point", "coordinates": [-0.2539758, 5.5974525]}}, {"type": "Feature", "properties": {"stop_id": "5058534312", "name": "Nyamekye"}, "geometry": {"type": "Point", "coordinates": [-0.2562978, 5.602925]}}, {"type": "Feature", "properties": {"stop_id": "SA4980841299", "name": "Culture"}, "geometry": {"type": "Point", "coordinates": [-0.185181, 5.5934508]}}, {"type": "Feature", "properties": {"stop_id": "5052292987", "name": "Dansoman First Stop"}, "geometry": {"type": "Point", "coordinates": [-0.2602397, 5.5601333]}}, {"type": "Feature", "properties": {"stop_id": "5024042173", "name": "Darkuman Station"}, "geometry": {"type": "Point", "coordinates": [-0.251327, 5.5891697]}}, {"type": "Feature", "properties": {"stop_id": "5024042172", "name": "Masalatsi"}, "geometry": {"type": "Point", "coordinates": [-0.2516073, 5.5827543]}}, {"type": "Feature", "properties": {"stop_id": "SA4980841293", "name": "Achimota Overhead"}, "geometry": {"type": "Point", "coordinates": [-0.2255395, 5.6132664]}}, {"type": "Feature", "properties": {"stop_id": "SA4980841291", "name": "Akweteyman"}, "geometry": {"type": "Point", "coordinates": [-0.2313117, 5.6115673]}}, {"type": "Feature", "properties": {"stop_id": "SA4980841290", "name": "Fly Top"}, "geometry": {"type": "Point", "coordinates": [-0.2380675, 5.6095067]}}, {"type": "Feature", "properties": {"stop_id": "SA4980841297", "name": "Ebony"}, "geometry": {"type": "Point", "coordinates": [-0.2036896, 5.6051616]}}, {"type": "Feature", "properties": {"stop_id": "SA4980841296", "name": "Dzorwulu Junction"}, "geometry": {"type": "Point", "coordinates": [-0.2070102, 5.6073118]}}, {"type": "Feature", "properties": {"stop_id": "SA4980841295", "name": "Abelenkpe Junction"}, "geometry": {"type": "Point", "coordinates": [-0.2109196, 5.6099334]}}, {"type": "Feature", "properties": {"stop_id": "SA5021004835", "name": "Asofan New Station"}, "geometry": {"type": "Point", "coordinates": [-0.2935134, 5.6434835]}}, {"type": "Feature", "properties": {"stop_id": "5010113611", "name": "Water Works"}, "geometry": {"type": "Point", "coordinates": [-0.2779412, 5.5798023]}}, {"type": "Feature", "properties": {"stop_id": "SA5021004837", "name": "Abe Asi"}, "geometry": {"type": "Point", "coordinates": [-0.2908475, 5.645239]}}, {"type": "Feature", "properties": {"stop_id": "SA5021004836", "name": "Royco"}, "geometry": {"type": "Point", "coordinates": [-0.2926079, 5.643878]}}, {"type": "Feature", "properties": {"stop_id": "SA5111784809", "name": "Mars"}, "geometry": {"type": "Point", "coordinates": [-0.2549669, 5.5621759]}}, {"type": "Feature", "properties": {"stop_id": "SA5033299215", "name": "Last Stop Odawnaa"}, "geometry": {"type": "Point", "coordinates": [-0.2169915, 5.5682148]}}, {"type": "Feature", "properties": {"stop_id": "5010113616", "name": "Abrantie"}, "geometry": {"type": "Point", "coordinates": [-0.2527586, 5.6051502]}}, {"type": "Feature", "properties": {"stop_id": "5030894252", "name": "Quarters"}, "geometry": {"type": "Point", "coordinates": [-0.2515972, 5.5855713]}}, {"type": "Feature", "properties": {"stop_id": "SA5021004839", "name": "Curve"}, "geometry": {"type": "Point", "coordinates": [-0.2901329, 5.6470345]}}, {"type": "Feature", "properties": {"stop_id": "SA5021004838", "name": "Pentecost Station"}, "geometry": {"type": "Point", "coordinates": [-0.2902254, 5.6461724]}}, {"type": "Feature", "properties": {"stop_id": "4980974731", "name": "Kaneshie"}, "geometry": {"type": "Point", "coordinates": [-0.2358676, 5.5640961]}}, {"type": "Feature", "properties": {"stop_id": "SA5022186326", "name": "Saint Anthony"}, "geometry": {"type": "Point", "coordinates": [-0.2641928, 5.5728247]}}, {"type": "Feature", "properties": {"stop_id": "5110119198", "name": "Mallam Station"}, "geometry": {"type": "Point", "coordinates": [-0.2900176, 5.5752385]}}, {"type": "Feature", "properties": {"stop_id": "5110119199", "name": "Mallam"}, "geometry": {"type": "Point", "coordinates": [-0.2894265, 5.5753595]}}, {"type": "Feature", "properties": {"stop_id": "5014786529", "name": "Abeka Total"}, "geometry": {"type": "Point", "coordinates": [-0.2335007, 5.5977942]}}, {"type": "Feature", "properties": {"stop_id": "SA5027264670", "name": "Liju"}, "geometry": {"type": "Point", "coordinates": [-0.2412274, 5.5362127]}}, {"type": "Feature", "properties": {"stop_id": "SA5054694252", "name": "Jokers"}, "geometry": {"type": "Point", "coordinates": [-0.1637295, 5.5574897]}}, {"type": "Feature", "properties": {"stop_id": "SA5027264673", "name": "Anna Larbi"}, "geometry": {"type": "Point", "coordinates": [-0.2423989, 5.5296554]}}, {"type": "Feature", "properties": {"stop_id": "SA5054694250", "name": "Court"}, "geometry": {"type": "Point", "coordinates": [-0.1553659, 5.5572895]}}, {"type": "Feature", "properties": {"stop_id": "SA5084325669", "name": "Anyah Last Stop"}, "geometry": {"type": "Point", "coordinates": [-0.296444, 5.6078144]}}, {"type": "Feature", "properties": {"stop_id": "SA5041737434", "name": "Chop Bar"}, "geometry": {"type": "Point", "coordinates": [-0.2761418, 5.6165981]}}, {"type": "Feature", "properties": {"stop_id": "SA5102983307", "name": "Mantse Agbonaa"}, "geometry": {"type": "Point", "coordinates": [-0.2106696, 5.5363942]}}, {"type": "Feature", "properties": {"stop_id": "SA5026070127", "name": "Amankwah"}, "geometry": {"type": "Point", "coordinates": [-0.2384434, 5.5890583]}}, {"type": "Feature", "properties": {"stop_id": "SA5026070126", "name": "Agya Paye"}, "geometry": {"type": "Point", "coordinates": [-0.2403142, 5.5947054]}}, {"type": "Feature", "properties": {"stop_id": "SA5007828432", "name": "Ashaiman Police Station"}, "geometry": {"type": "Point", "coordinates": [-0.0309992, 5.687541]}}, {"type": "Feature", "properties": {"stop_id": "SA5026070129", "name": "Adodo"}, "geometry": {"type": "Point", "coordinates": [-0.2361093, 5.5886825]}}, {"type": "Feature", "properties": {"stop_id": "SA5026070128", "name": "CMB Flats"}, "geometry": {"type": "Point", "coordinates": [-0.2373856, 5.5896031]}}, {"type": "Feature", "properties": {"stop_id": "SA5084819923", "name": "Odorkor Station"}, "geometry": {"type": "Point", "coordinates": [-0.2637732, 5.581884]}}, {"type": "Feature", "properties": {"stop_id": "5036784366", "name": "Ghana Commercial Bank"}, "geometry": {"type": "Point", "coordinates": [-0.2080453, 5.5848356]}}, {"type": "Feature", "properties": {"stop_id": "5096305001", "name": "Zongo Junction"}, "geometry": {"type": "Point", "coordinates": [-0.2400745, 5.5568182]}}, {"type": "Feature", "properties": {"stop_id": "5026530809", "name": "North Industrial Area"}, "geometry": {"type": "Point", "coordinates": [-0.2314914, 5.5855139]}}, {"type": "Feature", "properties": {"stop_id": "SA5035706410", "name": "Precious Minerals"}, "geometry": {"type": "Point", "coordinates": [-0.2006711, 5.5506797]}}, {"type": "Feature", "properties": {"stop_id": "SA5054364797", "name": "Bolga"}, "geometry": {"type": "Point", "coordinates": [-0.2062638, 5.579887]}}, {"type": "Feature", "properties": {"stop_id": "SA5054364796", "name": "Fidelity"}, "geometry": {"type": "Point", "coordinates": [-0.2045516, 5.6104734]}}, {"type": "Feature", "properties": {"stop_id": "SA5064806874", "name": "Perpetual"}, "geometry": {"type": "Point", "coordinates": [-0.2503596, 5.6200836]}}, {"type": "Feature", "properties": {"stop_id": "SA5054509010", "name": "School Junction"}, "geometry": {"type": "Point", "coordinates": [-0.2110655, 5.5789982]}}, {"type": "Feature", "properties": {"stop_id": "5088569159", "name": "Children's Park Second"}, "geometry": {"type": "Point", "coordinates": [-0.1995269, 5.5566575]}}, {"type": "Feature", "properties": {"stop_id": "5036784364", "name": "Kotobabi Police Station"}, "geometry": {"type": "Point", "coordinates": [-0.2044636, 5.5920743]}}, {"type": "Feature", "properties": {"stop_id": "5102155250", "name": "Flat"}, "geometry": {"type": "Point", "coordinates": [-0.2333116, 5.5472362]}}, {"type": "Feature", "properties": {"stop_id": "SA5009934973", "name": "Satellite"}, "geometry": {"type": "Point", "coordinates": [-0.3186102, 5.7466844]}}, {"type": "Feature", "properties": {"stop_id": "SA4990644985", "name": "Blue Gate"}, "geometry": {"type": "Point", "coordinates": [-0.1146587, 5.6423513]}}, {"type": "Feature", "properties": {"stop_id": "SA4990644984", "name": "Junction Wise"}, "geometry": {"type": "Point", "coordinates": [-0.1127662, 5.6431443]}}, {"type": "Feature", "properties": {"stop_id": "SA4990644987", "name": "Printex"}, "geometry": {"type": "Point", "coordinates": [-0.1194479, 5.6404354]}}, {"type": "Feature", "properties": {"stop_id": "SA4990644986", "name": "Herbalife"}, "geometry": {"type": "Point", "coordinates": [-0.1174757, 5.6412267]}}, {"type": "Feature", "properties": {"stop_id": "SA4990644981", "name": "Shell Signboard"}, "geometry": {"type": "Point", "coordinates": [-0.1044998, 5.637421]}}, {"type": "Feature", "properties": {"stop_id": "SA4990644980", "name": "Costal"}, "geometry": {"type": "Point", "coordinates": [-0.1004211, 5.6349644]}}, {"type": "Feature", "properties": {"stop_id": "SA4990644983", "name": "Coke"}, "geometry": {"type": "Point", "coordinates": [-0.1108132, 5.6431943]}}, {"type": "Feature", "properties": {"stop_id": "SA4990644982", "name": "Shell"}, "geometry": {"type": "Point", "coordinates": [-0.1075882, 5.6402526]}}, {"type": "Feature", "properties": {"stop_id": "SA4990644989", "name": "Manet"}, "geometry": {"type": "Point", "coordinates": [-0.1264227, 5.6376596]}}, {"type": "Feature", "properties": {"stop_id": "SA4990644988", "name": "Lion"}, "geometry": {"type": "Point", "coordinates": [-0.1232697, 5.6389049]}}, {"type": "Feature", "properties": {"stop_id": "5043308481", "name": "Kwashieman Junction"}, "geometry": {"type": "Point", "coordinates": [-0.2679622, 5.5912279]}}, {"type": "Feature", "properties": {"stop_id": "5043308480", "name": "Odorkor"}, "geometry": {"type": "Point", "coordinates": [-0.2646775, 5.5843584]}}, {"type": "Feature", "properties": {"stop_id": "5008726853", "name": "Brigade"}, "geometry": {"type": "Point", "coordinates": [-0.3951585, 5.5405429]}}, {"type": "Feature", "properties": {"stop_id": "5021004854", "name": "St John's Second"}, "geometry": {"type": "Point", "coordinates": [-0.2441341, 5.6415091]}}, {"type": "Feature", "properties": {"stop_id": "5027264675", "name": "Tea Gadern"}, "geometry": {"type": "Point", "coordinates": [-0.2422238, 5.527449]}}, {"type": "Feature", "properties": {"stop_id": "5027264674", "name": "Extra O"}, "geometry": {"type": "Point", "coordinates": [-0.2423556, 5.5290841]}}, {"type": "Feature", "properties": {"stop_id": "5027264673", "name": "Anna Larbi"}, "geometry": {"type": "Point", "coordinates": [-0.2423989, 5.5296554]}}, {"type": "Feature", "properties": {"stop_id": "SA4995193052", "name": "Roundabout"}, "geometry": {"type": "Point", "coordinates": [-0.2311539, 5.572067]}}, {"type": "Feature", "properties": {"stop_id": "SA4995193051", "name": "Social Welfare"}, "geometry": {"type": "Point", "coordinates": [-0.2343274, 5.5688102]}}, {"type": "Feature", "properties": {"stop_id": "5027264670", "name": "Liju"}, "geometry": {"type": "Point", "coordinates": [-0.2412274, 5.5362127]}}, {"type": "Feature", "properties": {"stop_id": "5030747556", "name": "Konka"}, "geometry": {"type": "Point", "coordinates": [-0.1949648, 5.5966298]}}, {"type": "Feature", "properties": {"stop_id": "5030747557", "name": "Accra Girls"}, "geometry": {"type": "Point", "coordinates": [-0.194041, 5.5981938]}}, {"type": "Feature", "properties": {"stop_id": "5030747554", "name": "Borla"}, "geometry": {"type": "Point", "coordinates": [-0.1978956, 5.5838624]}}, {"type": "Feature", "properties": {"stop_id": "5030747555", "name": "Nima Overhead"}, "geometry": {"type": "Point", "coordinates": [-0.1947363, 5.5941233]}}, {"type": "Feature", "properties": {"stop_id": "SA5039908066", "name": "Circle Lido"}, "geometry": {"type": "Point", "coordinates": [-0.2145516, 5.5733002]}}, {"type": "Feature", "properties": {"stop_id": "5022007557", "name": "Container"}, "geometry": {"type": "Point", "coordinates": [-0.2232849, 5.6429724]}}, {"type": "Feature", "properties": {"stop_id": "5022007554", "name": "Six Pillars"}, "geometry": {"type": "Point", "coordinates": [-0.2234181, 5.6210314]}}, {"type": "Feature", "properties": {"stop_id": "5022007555", "name": "Christian Village Jucntion"}, "geometry": {"type": "Point", "coordinates": [-0.2149328, 5.6351546]}}, {"type": "Feature", "properties": {"stop_id": "5022007553", "name": "Achimota Hospital"}, "geometry": {"type": "Point", "coordinates": [-0.2188334, 5.6270468]}}, {"type": "Feature", "properties": {"stop_id": "5030747558", "name": "Power House"}, "geometry": {"type": "Point", "coordinates": [-0.1942808, 5.5997701]}}, {"type": "Feature", "properties": {"stop_id": "SA5020636353", "name": "Supermarket"}, "geometry": {"type": "Point", "coordinates": [-0.1960281, 5.6673746]}}, {"type": "Feature", "properties": {"stop_id": "5111743570", "name": "Ghana Commercial Bank"}, "geometry": {"type": "Point", "coordinates": [-0.2081132, 5.5846932]}}, {"type": "Feature", "properties": {"stop_id": "5027285560", "name": "Ashtown"}, "geometry": {"type": "Point", "coordinates": [-0.2490471, 5.559346]}}, {"type": "Feature", "properties": {"stop_id": "5037835927", "name": "New town"}, "geometry": {"type": "Point", "coordinates": [-0.2086509, 5.5826008]}}, {"type": "Feature", "properties": {"stop_id": "5079467258", "name": "Gaogao"}, "geometry": {"type": "Point", "coordinates": [-0.3238441, 5.7573143]}}, {"type": "Feature", "properties": {"stop_id": "SA5047020130", "name": "Special Ice"}, "geometry": {"type": "Point", "coordinates": [-0.1977866, 5.6122814]}}, {"type": "Feature", "properties": {"stop_id": "SA5047020131", "name": "Dzorwolu"}, "geometry": {"type": "Point", "coordinates": [-0.1958779, 5.6164702]}}, {"type": "Feature", "properties": {"stop_id": "5001014669", "name": "Akukofoto"}, "geometry": {"type": "Point", "coordinates": [-0.2598464, 5.5646289]}}, {"type": "Feature", "properties": {"stop_id": "5037690448", "name": "Ola Balm"}, "geometry": {"type": "Point", "coordinates": [-0.2383156, 5.5757402]}}, {"type": "Feature", "properties": {"stop_id": "SA5039839201", "name": "Times"}, "geometry": {"type": "Point", "coordinates": [-0.22185, 5.5697874]}}, {"type": "Feature", "properties": {"stop_id": "5119104080", "name": "Alajo Blue Kiosk"}, "geometry": {"type": "Point", "coordinates": [-0.2146076, 5.5985826]}}, {"type": "Feature", "properties": {"stop_id": "SA5026822852", "name": "Electricity"}, "geometry": {"type": "Point", "coordinates": [-0.2334234, 5.534641]}}, {"type": "Feature", "properties": {"stop_id": "SA5005030168", "name": "Tobinco Junction"}, "geometry": {"type": "Point", "coordinates": [-0.2062882, 5.5933223]}}, {"type": "Feature", "properties": {"stop_id": "SA5005030169", "name": "Taxi Rank"}, "geometry": {"type": "Point", "coordinates": [-0.2054596, 5.5919778]}}, {"type": "Feature", "properties": {"stop_id": "5045403683", "name": "Second"}, "geometry": {"type": "Point", "coordinates": [-0.2508121, 5.5452143]}}, {"type": "Feature", "properties": {"stop_id": "SA5005030167", "name": "Kotobabi Down"}, "geometry": {"type": "Point", "coordinates": [-0.2094022, 5.5956831]}}, {"type": "Feature", "properties": {"stop_id": "5045403681", "name": "Container"}, "geometry": {"type": "Point", "coordinates": [-0.2489405, 5.5440433]}}, {"type": "Feature", "properties": {"stop_id": "5045403680", "name": "Curve"}, "geometry": {"type": "Point", "coordinates": [-0.2487113, 5.5429287]}}, {"type": "Feature", "properties": {"stop_id": "5104249331", "name": "Bawaleshie Traffic Light"}, "geometry": {"type": "Point", "coordinates": [-0.1692293, 5.6416649]}}, {"type": "Feature", "properties": {"stop_id": "5040133320", "name": "Car Spot"}, "geometry": {"type": "Point", "coordinates": [-0.1862615, 5.614164]}}, {"type": "Feature", "properties": {"stop_id": "5036505670", "name": "Allied fuel station"}, "geometry": {"type": "Point", "coordinates": [-0.2066365, 5.6592385]}}, {"type": "Feature", "properties": {"stop_id": "SA5089149952", "name": "School Junction"}, "geometry": {"type": "Point", "coordinates": [-0.2102043, 5.585191]}}, {"type": "Feature", "properties": {"stop_id": "5041609689", "name": "Ahenfie"}, "geometry": {"type": "Point", "coordinates": [-0.2611082, 5.6067147]}}, {"type": "Feature", "properties": {"stop_id": "5035532960", "name": "Lotto kiosk"}, "geometry": {"type": "Point", "coordinates": [-0.2337103, 5.6921174]}}, {"type": "Feature", "properties": {"stop_id": "5035532961", "name": "Melcom"}, "geometry": {"type": "Point", "coordinates": [-0.2319317, 5.6889417]}}, {"type": "Feature", "properties": {"stop_id": "5111681610", "name": "Odorkor Official Town Junction"}, "geometry": {"type": "Point", "coordinates": [-0.2618668, 5.5887611]}}, {"type": "Feature", "properties": {"stop_id": "5035532963", "name": "Dome Market"}, "geometry": {"type": "Point", "coordinates": [-0.2379957, 5.6438552]}}, {"type": "Feature", "properties": {"stop_id": "2581150583", "name": "Shiashie"}, "geometry": {"type": "Point", "coordinates": [-0.1764355, 5.6276839]}}, {"type": "Feature", "properties": {"stop_id": "SA5033861588", "name": "Teachers Hall"}, "geometry": {"type": "Point", "coordinates": [-0.2079485, 5.5576823]}}, {"type": "Feature", "properties": {"stop_id": "5035725208", "name": "PWD"}, "geometry": {"type": "Point", "coordinates": [-0.2188227, 5.6244635]}}, {"type": "Feature", "properties": {"stop_id": "SA4971250982", "name": "Tetteh Quarshie / Roundabout"}, "geometry": {"type": "Point", "coordinates": [-0.1738463, 5.6240242]}}, {"type": "Feature", "properties": {"stop_id": "SA4984741723", "name": "Airport Second"}, "geometry": {"type": "Point", "coordinates": [-0.1765847, 5.6098268]}}, {"type": "Feature", "properties": {"stop_id": "5041609686", "name": "Race Course"}, "geometry": {"type": "Point", "coordinates": [-0.2715893, 5.6142234]}}, {"type": "Feature", "properties": {"stop_id": "5030894253", "name": "Bombay"}, "geometry": {"type": "Point", "coordinates": [-0.2528996, 5.5956803]}}, {"type": "Feature", "properties": {"stop_id": "5049594498", "name": "Bubuashie Control (Old Station )"}, "geometry": {"type": "Point", "coordinates": [-0.2394903, 5.5807069]}}, {"type": "Feature", "properties": {"stop_id": "5079240139", "name": "Akweteman Zongo (Last Stop)"}, "geometry": {"type": "Point", "coordinates": [-0.2401782, 5.614324]}}, {"type": "Feature", "properties": {"stop_id": "5054767124", "name": "Nungua Market"}, "geometry": {"type": "Point", "coordinates": [-0.0805217, 5.5999174]}}, {"type": "Feature", "properties": {"stop_id": "5054767123", "name": "C5"}, "geometry": {"type": "Point", "coordinates": [-0.0815133, 5.5984781]}}, {"type": "Feature", "properties": {"stop_id": "5054767122", "name": "Cold Store"}, "geometry": {"type": "Point", "coordinates": [-0.0855429, 5.5959888]}}, {"type": "Feature", "properties": {"stop_id": "5054767121", "name": "Brigade"}, "geometry": {"type": "Point", "coordinates": [-0.0893345, 5.593735]}}, {"type": "Feature", "properties": {"stop_id": "5049594491", "name": "M-Plaza"}, "geometry": {"type": "Point", "coordinates": [-0.2204852, 5.5802513]}}, {"type": "Feature", "properties": {"stop_id": "5049594490", "name": "Aveno"}, "geometry": {"type": "Point", "coordinates": [-0.2196165, 5.5801584]}}, {"type": "Feature", "properties": {"stop_id": "5049594493", "name": "Grade 4"}, "geometry": {"type": "Point", "coordinates": [-0.2294594, 5.5861756]}}, {"type": "Feature", "properties": {"stop_id": "SA4995054816", "name": "Lands Commission"}, "geometry": {"type": "Point", "coordinates": [-0.1762183, 5.5851221]}}, {"type": "Feature", "properties": {"stop_id": "5079240137", "name": "Living God Junction"}, "geometry": {"type": "Point", "coordinates": [-0.2362465, 5.6159897]}}, {"type": "Feature", "properties": {"stop_id": "5079240136", "name": "Cemetry Junction"}, "geometry": {"type": "Point", "coordinates": [-0.2337256, 5.617391]}}, {"type": "Feature", "properties": {"stop_id": "5079240135", "name": "Achimota Market"}, "geometry": {"type": "Point", "coordinates": [-0.2320343, 5.6194352]}}, {"type": "Feature", "properties": {"stop_id": "SA4995054812", "name": "Prisons"}, "geometry": {"type": "Point", "coordinates": [-0.1803026, 5.5709122]}}, {"type": "Feature", "properties": {"stop_id": "SA5040124406", "name": "Newtown"}, "geometry": {"type": "Point", "coordinates": [-0.208577, 5.5887437]}}, {"type": "Feature", "properties": {"stop_id": "SA5040124407", "name": "37"}, "geometry": {"type": "Point", "coordinates": [-0.2092633, 5.5875974]}}, {"type": "Feature", "properties": {"stop_id": "5049594495", "name": "Fita"}, "geometry": {"type": "Point", "coordinates": [-0.23898, 5.5813897]}}, {"type": "Feature", "properties": {"stop_id": "SA3785166428", "name": "Rawlings Junction"}, "geometry": {"type": "Point", "coordinates": [-0.1292828, 5.6512389]}}, {"type": "Feature", "properties": {"stop_id": "5022186326", "name": "Saint Anthony"}, "geometry": {"type": "Point", "coordinates": [-0.2641928, 5.5728247]}}, {"type": "Feature", "properties": {"stop_id": "SA5010252541", "name": "Roman"}, "geometry": {"type": "Point", "coordinates": [-0.250826, 5.6341761]}}, {"type": "Feature", "properties": {"stop_id": "4990070170", "name": "Fadama"}, "geometry": {"type": "Point", "coordinates": [-0.2407929, 5.601748]}}, {"type": "Feature", "properties": {"stop_id": "5022186321", "name": "Alaba"}, "geometry": {"type": "Point", "coordinates": [-0.2705688, 5.5640348]}}, {"type": "Feature", "properties": {"stop_id": "5020395234", "name": "Bawaleshi Second"}, "geometry": {"type": "Point", "coordinates": [-0.1673192, 5.6418746]}}, {"type": "Feature", "properties": {"stop_id": "5020395233", "name": "Shiashie"}, "geometry": {"type": "Point", "coordinates": [-0.1735977, 5.6290755]}}, {"type": "Feature", "properties": {"stop_id": "5020395232", "name": "American House"}, "geometry": {"type": "Point", "coordinates": [-0.1506845, 5.6483539]}}, {"type": "Feature", "properties": {"stop_id": "4996742719", "name": "Flamingo"}, "geometry": {"type": "Point", "coordinates": [-0.2470408, 5.5589078]}}, {"type": "Feature", "properties": {"stop_id": "4996742718", "name": "Paa Willie"}, "geometry": {"type": "Point", "coordinates": [-0.2518778, 5.5595035]}}, {"type": "Feature", "properties": {"stop_id": "5029108942", "name": "Agblezah"}, "geometry": {"type": "Point", "coordinates": [-0.1249769, 5.6172828]}}, {"type": "Feature", "properties": {"stop_id": "SA5010113615", "name": "Kwashieman Junction"}, "geometry": {"type": "Point", "coordinates": [-0.2668543, 5.5941616]}}, {"type": "Feature", "properties": {"stop_id": "5022186322", "name": "Blue Lagoon"}, "geometry": {"type": "Point", "coordinates": [-0.2708123, 5.5715646]}}, {"type": "Feature", "properties": {"stop_id": "4996742715", "name": "Curve"}, "geometry": {"type": "Point", "coordinates": [-0.2547593, 5.5552689]}}, {"type": "Feature", "properties": {"stop_id": "4996742714", "name": "Russia Station"}, "geometry": {"type": "Point", "coordinates": [-0.2546273, 5.5546286]}}, {"type": "Feature", "properties": {"stop_id": "4996742717", "name": "Russia"}, "geometry": {"type": "Point", "coordinates": [-0.2514013, 5.5564032]}}, {"type": "Feature", "properties": {"stop_id": "4996742716", "name": "Omanko"}, "geometry": {"type": "Point", "coordinates": [-0.253365, 5.5559068]}}, {"type": "Feature", "properties": {"stop_id": "5051112446", "name": "Abrantie"}, "geometry": {"type": "Point", "coordinates": [-0.281869, 5.588814]}}, {"type": "Feature", "properties": {"stop_id": "5051112445", "name": "Awoshie Onyinase"}, "geometry": {"type": "Point", "coordinates": [-0.2865352, 5.5915481]}}, {"type": "Feature", "properties": {"stop_id": "5051112444", "name": "Anyaa Market (Awoshie)"}, "geometry": {"type": "Point", "coordinates": [-0.2906915, 5.5991156]}}, {"type": "Feature", "properties": {"stop_id": "5051112443", "name": "Anyaa School Junction"}, "geometry": {"type": "Point", "coordinates": [-0.2930233, 5.6028846]}}, {"type": "Feature", "properties": {"stop_id": "5051112442", "name": "NIC"}, "geometry": {"type": "Point", "coordinates": [-0.296214, 5.6137148]}}, {"type": "Feature", "properties": {"stop_id": "5024610770", "name": "Tabora Number 1"}, "geometry": {"type": "Point", "coordinates": [-0.2577134, 5.6036937]}}, {"type": "Feature", "properties": {"stop_id": "5024610771", "name": "Alafia"}, "geometry": {"type": "Point", "coordinates": [-0.2522175, 5.5934577]}}, {"type": "Feature", "properties": {"stop_id": "5027394908", "name": "State Transport"}, "geometry": {"type": "Point", "coordinates": [-0.2255141, 5.5653891]}}, {"type": "Feature", "properties": {"stop_id": "5051112449", "name": "Awoshie Vineyard"}, "geometry": {"type": "Point", "coordinates": [-0.2743695, 5.5844992]}}, {"type": "Feature", "properties": {"stop_id": "5051112448", "name": "Awoshie Amangoase"}, "geometry": {"type": "Point", "coordinates": [-0.2778301, 5.5864521]}}, {"type": "Feature", "properties": {"stop_id": "SA5084819816", "name": "Curve Omanjor"}, "geometry": {"type": "Point", "coordinates": [-0.2887976, 5.6338273]}}, {"type": "Feature", "properties": {"stop_id": "SA5084819817", "name": "Mensah Addo Transfomer"}, "geometry": {"type": "Point", "coordinates": [-0.2873943, 5.6336341]}}, {"type": "Feature", "properties": {"stop_id": "SA5037547647", "name": "Coffee Shop"}, "geometry": {"type": "Point", "coordinates": [-0.1690218, 5.5682166]}}, {"type": "Feature", "properties": {"stop_id": "SA5037547646", "name": "Amelia"}, "geometry": {"type": "Point", "coordinates": [-0.1663714, 5.5680127]}}, {"type": "Feature", "properties": {"stop_id": "5058537034", "name": "Osu"}, "geometry": {"type": "Point", "coordinates": [-0.1836113, 5.5540406]}}, {"type": "Feature", "properties": {"stop_id": "SA5087182231", "name": "Dansoman (SSNIT flats)"}, "geometry": {"type": "Point", "coordinates": [-0.2730303, 5.5624236]}}, {"type": "Feature", "properties": {"stop_id": "5045325132", "name": "Cottage"}, "geometry": {"type": "Point", "coordinates": [-0.2380526, 5.573568]}}, {"type": "Feature", "properties": {"stop_id": "SA5084819819", "name": "Ebenezer"}, "geometry": {"type": "Point", "coordinates": [-0.2747851, 5.6091647]}}, {"type": "Feature", "properties": {"stop_id": "5035412446", "name": "Darkuman"}, "geometry": {"type": "Point", "coordinates": [-0.2510034, 5.5889506]}}, {"type": "Feature", "properties": {"stop_id": "5035412447", "name": "Quarters"}, "geometry": {"type": "Point", "coordinates": [-0.2510772, 5.5863014]}}, {"type": "Feature", "properties": {"stop_id": "5041051501", "name": "Clinic"}, "geometry": {"type": "Point", "coordinates": [-0.2078341, 5.6565812]}}, {"type": "Feature", "properties": {"stop_id": "5041051500", "name": "Pharmacy"}, "geometry": {"type": "Point", "coordinates": [-0.2060712, 5.6604455]}}, {"type": "Feature", "properties": {"stop_id": "5030924913", "name": "Madina"}, "geometry": {"type": "Point", "coordinates": [-0.173939, 5.6787539]}}, {"type": "Feature", "properties": {"stop_id": "SA5041609687", "name": "Appiah Junction"}, "geometry": {"type": "Point", "coordinates": [-0.2691039, 5.6130792]}}, {"type": "Feature", "properties": {"stop_id": "SA5028866870", "name": "Nima Overhead"}, "geometry": {"type": "Point", "coordinates": [-0.194629, 5.5942367]}}, {"type": "Feature", "properties": {"stop_id": "5037350643", "name": "Pele"}, "geometry": {"type": "Point", "coordinates": [-0.2169196, 5.5970786]}}, {"type": "Feature", "properties": {"stop_id": "5037350645", "name": "Taxi Rank Alajo"}, "geometry": {"type": "Point", "coordinates": [-0.2168285, 5.5958552]}}, {"type": "Feature", "properties": {"stop_id": "5037350644", "name": "Filling Station"}, "geometry": {"type": "Point", "coordinates": [-0.2167225, 5.5940268]}}, {"type": "Feature", "properties": {"stop_id": "5035412448", "name": "Police Station"}, "geometry": {"type": "Point", "coordinates": [-0.2449772, 5.5862798]}}, {"type": "Feature", "properties": {"stop_id": "5035412449", "name": "Asoredanho"}, "geometry": {"type": "Point", "coordinates": [-0.2422683, 5.5863055]}}, {"type": "Feature", "properties": {"stop_id": "SA5039970968", "name": "Asantewaa"}, "geometry": {"type": "Point", "coordinates": [-0.2105227, 5.57957]}}, {"type": "Feature", "properties": {"stop_id": "SA5039970969", "name": "Fidelity"}, "geometry": {"type": "Point", "coordinates": [-0.2120704, 5.5774927]}}, {"type": "Feature", "properties": {"stop_id": "5041550698", "name": "Jah Love"}, "geometry": {"type": "Point", "coordinates": [-0.2708766, 5.5966527]}}, {"type": "Feature", "properties": {"stop_id": "5043131237", "name": "Kwashieman"}, "geometry": {"type": "Point", "coordinates": [-0.268197, 5.5926]}}, {"type": "Feature", "properties": {"stop_id": "5008726866", "name": "Galelia Market"}, "geometry": {"type": "Point", "coordinates": [-0.4005726, 5.5381989]}}, {"type": "Feature", "properties": {"stop_id": "5008726867", "name": "Kasoa"}, "geometry": {"type": "Point", "coordinates": [-0.4242906, 5.5343038]}}, {"type": "Feature", "properties": {"stop_id": "5008726864", "name": "Ayigbe Town"}, "geometry": {"type": "Point", "coordinates": [-0.3530739, 5.549634]}}, {"type": "Feature", "properties": {"stop_id": "5043131239", "name": "Drug store"}, "geometry": {"type": "Point", "coordinates": [-0.2748783, 5.6030183]}}, {"type": "Feature", "properties": {"stop_id": "5008726862", "name": "Tetegu"}, "geometry": {"type": "Point", "coordinates": [-0.3088674, 5.5539141]}}, {"type": "Feature", "properties": {"stop_id": "5008726863", "name": "Modex"}, "geometry": {"type": "Point", "coordinates": [-0.3224709, 5.5530226]}}, {"type": "Feature", "properties": {"stop_id": "5008726860", "name": "Kwashieman"}, "geometry": {"type": "Point", "coordinates": [-0.2698644, 5.5893862]}}, {"type": "Feature", "properties": {"stop_id": "SA5039970967", "name": "Mallam Atta"}, "geometry": {"type": "Point", "coordinates": [-0.2092693, 5.5812484]}}, {"type": "Feature", "properties": {"stop_id": "SA5114037514", "name": "Odogorno"}, "geometry": {"type": "Point", "coordinates": [-0.2837014, 5.5898741]}}, {"type": "Feature", "properties": {"stop_id": "5095915261", "name": "Block factory Sowutuom"}, "geometry": {"type": "Point", "coordinates": [-0.2893012, 5.6310351]}}, {"type": "Feature", "properties": {"stop_id": "SA5123201415", "name": "Shell - Accra"}, "geometry": {"type": "Point", "coordinates": [-0.2131134, 5.5412161]}}, {"type": "Feature", "properties": {"stop_id": "5036784365", "name": "Accra New Town (37 Station)"}, "geometry": {"type": "Point", "coordinates": [-0.2076612, 5.5867356]}}, {"type": "Feature", "properties": {"stop_id": "SA5023989060", "name": "Police Station La"}, "geometry": {"type": "Point", "coordinates": [-0.1531001, 5.5613376]}}, {"type": "Feature", "properties": {"stop_id": "5039908068", "name": "Mallam Attah Market"}, "geometry": {"type": "Point", "coordinates": [-0.209927, 5.5853363]}}, {"type": "Feature", "properties": {"stop_id": "SA5023989062", "name": "Maami"}, "geometry": {"type": "Point", "coordinates": [-0.1580581, 5.5596823]}}, {"type": "Feature", "properties": {"stop_id": "SA5023989063", "name": "Total"}, "geometry": {"type": "Point", "coordinates": [-0.1599998, 5.5591382]}}, {"type": "Feature", "properties": {"stop_id": "SA30730108", "name": "Home touch"}, "geometry": {"type": "Point", "coordinates": [-0.1675613, 5.587401]}}, {"type": "Feature", "properties": {"stop_id": "SA5023989065", "name": "Polyclinic"}, "geometry": {"type": "Point", "coordinates": [-0.1666113, 5.5563841]}}, {"type": "Feature", "properties": {"stop_id": "SA5023989066", "name": "Curve"}, "geometry": {"type": "Point", "coordinates": [-0.1679298, 5.5558937]}}, {"type": "Feature", "properties": {"stop_id": "SA5023989067", "name": "Arko Adjei"}, "geometry": {"type": "Point", "coordinates": [-0.1708001, 5.5548222]}}, {"type": "Feature", "properties": {"stop_id": "SA5023989068", "name": "Rigal Bus stop"}, "geometry": {"type": "Point", "coordinates": [-0.1758602, 5.5530856]}}, {"type": "Feature", "properties": {"stop_id": "SA5023989069", "name": "Osu Police Station"}, "geometry": {"type": "Point", "coordinates": [-0.1781596, 5.5522288]}}, {"type": "Feature", "properties": {"stop_id": "5104221273", "name": "Total"}, "geometry": {"type": "Point", "coordinates": [-0.2290708, 5.5353957]}}, {"type": "Feature", "properties": {"stop_id": "SA5051604064", "name": "Awoshie"}, "geometry": {"type": "Point", "coordinates": [-0.2734534, 5.584756]}}, {"type": "Feature", "properties": {"stop_id": "5120661648", "name": "Police Station Kanda"}, "geometry": {"type": "Point", "coordinates": [-0.1986692, 5.5752531]}}, {"type": "Feature", "properties": {"stop_id": "5041737421", "name": "Omanjor"}, "geometry": {"type": "Point", "coordinates": [-0.2978919, 5.6488146]}}, {"type": "Feature", "properties": {"stop_id": "5041737423", "name": "Omanjor New Station"}, "geometry": {"type": "Point", "coordinates": [-0.2965332, 5.638648]}}, {"type": "Feature", "properties": {"stop_id": "5041737422", "name": "Dwenewoho Last Stop"}, "geometry": {"type": "Point", "coordinates": [-0.2980054, 5.645167]}}, {"type": "Feature", "properties": {"stop_id": "5041737425", "name": "Transformer (Omanjor)"}, "geometry": {"type": "Point", "coordinates": [-0.2938327, 5.6368643]}}, {"type": "Feature", "properties": {"stop_id": "5041737424", "name": "School Junction (Omanjor)"}, "geometry": {"type": "Point", "coordinates": [-0.2959906, 5.6377546]}}, {"type": "Feature", "properties": {"stop_id": "5010303808", "name": "Alhadji No Front"}, "geometry": {"type": "Point", "coordinates": [-0.2490542, 5.6166925]}}, {"type": "Feature", "properties": {"stop_id": "5010303809", "name": "Rasta Park"}, "geometry": {"type": "Point", "coordinates": [-0.251604, 5.6325717]}}, {"type": "Feature", "properties": {"stop_id": "5041737429", "name": "Mambo"}, "geometry": {"type": "Point", "coordinates": [-0.2853544, 5.6308024]}}, {"type": "Feature", "properties": {"stop_id": "5041737428", "name": "Mensah Addo"}, "geometry": {"type": "Point", "coordinates": [-0.2839014, 5.6333979]}}, {"type": "Feature", "properties": {"stop_id": "SA4980974762", "name": "Duanase"}, "geometry": {"type": "Point", "coordinates": [-0.2367828, 5.5295993]}}, {"type": "Feature", "properties": {"stop_id": "SA5015015404", "name": "Jericho"}, "geometry": {"type": "Point", "coordinates": [-0.3255068, 5.6087841]}}, {"type": "Feature", "properties": {"stop_id": "SA5015015403", "name": "Second Container"}, "geometry": {"type": "Point", "coordinates": [-0.3231994, 5.6086775]}}, {"type": "Feature", "properties": {"stop_id": "SA5015015402", "name": "Park"}, "geometry": {"type": "Point", "coordinates": [-0.31806, 5.6089791]}}, {"type": "Feature", "properties": {"stop_id": "SA5015015401", "name": "Agape Stop"}, "geometry": {"type": "Point", "coordinates": [-0.3148843, 5.6126774]}}, {"type": "Feature", "properties": {"stop_id": "SA5043131246", "name": "Pentecost"}, "geometry": {"type": "Point", "coordinates": [-0.2788002, 5.6227111]}}, {"type": "Feature", "properties": {"stop_id": "SA5093488043", "name": "Site 20 Taxi Rank"}, "geometry": {"type": "Point", "coordinates": [0.0031821, 5.6448596]}}, {"type": "Feature", "properties": {"stop_id": "SA4980841298", "name": "Roman Ridge"}, "geometry": {"type": "Point", "coordinates": [-0.2003114, 5.6029353]}}, {"type": "Feature", "properties": {"stop_id": "5035725207", "name": "Achimota Police Station Curve"}, "geometry": {"type": "Point", "coordinates": [-0.2203081, 5.6213604]}}, {"type": "Feature", "properties": {"stop_id": "SA5093488044", "name": "Hospital Roundabout Junction"}, "geometry": {"type": "Point", "coordinates": [-0.024569, 5.6816296]}}, {"type": "Feature", "properties": {"stop_id": "5035725209", "name": "Golf Park"}, "geometry": {"type": "Point", "coordinates": [-0.2189561, 5.6308895]}}, {"type": "Feature", "properties": {"stop_id": "SA5022716842", "name": "Children's Park First"}, "geometry": {"type": "Point", "coordinates": [-0.200125, 5.5555022]}}, {"type": "Feature", "properties": {"stop_id": "5043794576", "name": "37 Military Hospital"}, "geometry": {"type": "Point", "coordinates": [-0.1835921, 5.5921099]}}, {"type": "Feature", "properties": {"stop_id": "5043794574", "name": "Prempeh"}, "geometry": {"type": "Point", "coordinates": [-0.2059211, 5.59301]}}, {"type": "Feature", "properties": {"stop_id": "5043794575", "name": "Accra Girls"}, "geometry": {"type": "Point", "coordinates": [-0.1926935, 5.5979536]}}, {"type": "Feature", "properties": {"stop_id": "5015015401", "name": "Agape Stop"}, "geometry": {"type": "Point", "coordinates": [-0.3148843, 5.6126774]}}, {"type": "Feature", "properties": {"stop_id": "5015015400", "name": "Masalaashi"}, "geometry": {"type": "Point", "coordinates": [-0.3134528, 5.6141756]}}, {"type": "Feature", "properties": {"stop_id": "5015015403", "name": "Second Container"}, "geometry": {"type": "Point", "coordinates": [-0.3231994, 5.6086775]}}, {"type": "Feature", "properties": {"stop_id": "5037547648", "name": "Labone"}, "geometry": {"type": "Point", "coordinates": [-0.1723326, 5.5634649]}}, {"type": "Feature", "properties": {"stop_id": "SA4998106216", "name": "Challenge"}, "geometry": {"type": "Point", "coordinates": [-0.209728, 5.576912]}}, {"type": "Feature", "properties": {"stop_id": "5015015404", "name": "Jericho"}, "geometry": {"type": "Point", "coordinates": [-0.3255068, 5.6087841]}}, {"type": "Feature", "properties": {"stop_id": "SA4998106214", "name": "New Town"}, "geometry": {"type": "Point", "coordinates": [-0.2084889, 5.5827214]}}, {"type": "Feature", "properties": {"stop_id": "SA4998106215", "name": "Obour Ba"}, "geometry": {"type": "Point", "coordinates": [-0.2075849, 5.578112]}}, {"type": "Feature", "properties": {"stop_id": "SA5004961001", "name": "Police Headquarters"}, "geometry": {"type": "Point", "coordinates": [-0.1872735, 5.5703034]}}, {"type": "Feature", "properties": {"stop_id": "SA4998106218", "name": "Avalley"}, "geometry": {"type": "Point", "coordinates": [-0.2158397, 5.5805706]}}, {"type": "Feature", "properties": {"stop_id": "SA4998106219", "name": "Hubtel"}, "geometry": {"type": "Point", "coordinates": [-0.2157956, 5.5784909]}}, {"type": "Feature", "properties": {"stop_id": "5037547647", "name": "Coffee Shop"}, "geometry": {"type": "Point", "coordinates": [-0.1690218, 5.5682166]}}, {"type": "Feature", "properties": {"stop_id": "5037547646", "name": "Amelia"}, "geometry": {"type": "Point", "coordinates": [-0.1663714, 5.5680127]}}, {"type": "Feature", "properties": {"stop_id": "5064519466", "name": "Prince of peace"}, "geometry": {"type": "Point", "coordinates": [-0.2317989, 5.5795709]}}, {"type": "Feature", "properties": {"stop_id": "5028942311", "name": "Maamobi"}, "geometry": {"type": "Point", "coordinates": [-0.1954532, 5.5922093]}}, {"type": "Feature", "properties": {"stop_id": "SA5024322029", "name": "Vulcanizer"}, "geometry": {"type": "Point", "coordinates": [-0.2506849, 5.6378257]}}, {"type": "Feature", "properties": {"stop_id": "SA5083057446", "name": "Tema station"}, "geometry": {"type": "Point", "coordinates": [-0.2015402, 5.5480827]}}, {"type": "Feature", "properties": {"stop_id": "SA4990070173", "name": "Abeka Post Office"}, "geometry": {"type": "Point", "coordinates": [-0.2439488, 5.6040435]}}, {"type": "Feature", "properties": {"stop_id": "SA5104165251", "name": "La Olympia"}, "geometry": {"type": "Point", "coordinates": [-0.1585498, 5.5596887]}}, {"type": "Feature", "properties": {"stop_id": "5052292988", "name": "Dansoman Junction"}, "geometry": {"type": "Point", "coordinates": [-0.2526678, 5.574605]}}, {"type": "Feature", "properties": {"stop_id": "SA4997071033", "name": "Pentecost"}, "geometry": {"type": "Point", "coordinates": [-0.2290372, 5.5802667]}}, {"type": "Feature", "properties": {"stop_id": "SA4997071034", "name": "St. Theresa's"}, "geometry": {"type": "Point", "coordinates": [-0.2282996, 5.5794518]}}, {"type": "Feature", "properties": {"stop_id": "SA5104165254", "name": "Osu Cemetry Junction"}, "geometry": {"type": "Point", "coordinates": [-0.1893916, 5.5531368]}}, {"type": "Feature", "properties": {"stop_id": "SA2584775101", "name": "Mobil"}, "geometry": {"type": "Point", "coordinates": [-0.1975096, 5.5738018]}}, {"type": "Feature", "properties": {"stop_id": "5052292989", "name": "Kokompe"}, "geometry": {"type": "Point", "coordinates": [-0.2525702, 5.5804129]}}, {"type": "Feature", "properties": {"stop_id": "SA5092806453", "name": "Abelenkpe"}, "geometry": {"type": "Point", "coordinates": [-0.2182036, 5.6078237]}}, {"type": "Feature", "properties": {"stop_id": "SA5092806452", "name": "Abelenkpe Fire Station"}, "geometry": {"type": "Point", "coordinates": [-0.212166, 5.6092978]}}, {"type": "Feature", "properties": {"stop_id": "5025315234", "name": "Add a name to the stop with JungleBus app"}, "geometry": {"type": "Point", "coordinates": [-0.2300155, 5.5506876]}}, {"type": "Feature", "properties": {"stop_id": "SA5039895715", "name": "Roman Junction"}, "geometry": {"type": "Point", "coordinates": [-0.2129838, 5.5851617]}}, {"type": "Feature", "properties": {"stop_id": "5024437372", "name": "Tabora Alhaji"}, "geometry": {"type": "Point", "coordinates": [-0.2617169, 5.6280271]}}, {"type": "Feature", "properties": {"stop_id": "5024437371", "name": "Post Office"}, "geometry": {"type": "Point", "coordinates": [-0.2513445, 5.5819757]}}, {"type": "Feature", "properties": {"stop_id": "5024437370", "name": "Bishop"}, "geometry": {"type": "Point", "coordinates": [-0.2389246, 5.5720977]}}, {"type": "Feature", "properties": {"stop_id": "SA5039895711", "name": "School Junction"}, "geometry": {"type": "Point", "coordinates": [-0.2071487, 5.5915982]}}, {"type": "Feature", "properties": {"stop_id": "SA5039895710", "name": "Prempeh"}, "geometry": {"type": "Point", "coordinates": [-0.2078076, 5.5923472]}}, {"type": "Feature", "properties": {"stop_id": "SA5039895713", "name": "Bakery"}, "geometry": {"type": "Point", "coordinates": [-0.2091355, 5.5880695]}}, {"type": "Feature", "properties": {"stop_id": "SA5079240135", "name": "Achimota Market"}, "geometry": {"type": "Point", "coordinates": [-0.2320343, 5.6194352]}}, {"type": "Feature", "properties": {"stop_id": "SA5079240134", "name": "Kingsby Taxi rank"}, "geometry": {"type": "Point", "coordinates": [-0.2324604, 5.6197884]}}, {"type": "Feature", "properties": {"stop_id": "SA5079240137", "name": "Living God Junction"}, "geometry": {"type": "Point", "coordinates": [-0.2362465, 5.6159897]}}, {"type": "Feature", "properties": {"stop_id": "SA5079240136", "name": "Cemetry Junction"}, "geometry": {"type": "Point", "coordinates": [-0.2337256, 5.617391]}}, {"type": "Feature", "properties": {"stop_id": "SA5023802913", "name": "Fadama Junction"}, "geometry": {"type": "Point", "coordinates": [-0.2541305, 5.5975737]}}, {"type": "Feature", "properties": {"stop_id": "SA4981090360", "name": "Achimota New Station"}, "geometry": {"type": "Point", "coordinates": [-0.2259058, 5.621493]}}, {"type": "Feature", "properties": {"stop_id": "SA4981090361", "name": "Achimota Hospital"}, "geometry": {"type": "Point", "coordinates": [-0.2191415, 5.6275004]}}, {"type": "Feature", "properties": {"stop_id": "SA4981090362", "name": "Legon station"}, "geometry": {"type": "Point", "coordinates": [-0.1789634, 5.6501681]}}, {"type": "Feature", "properties": {"stop_id": "SA4981090363", "name": "Ayido"}, "geometry": {"type": "Point", "coordinates": [-0.193736, 5.6407052]}}, {"type": "Feature", "properties": {"stop_id": "SA4981090364", "name": "Legon Barrier"}, "geometry": {"type": "Point", "coordinates": [-0.1979135, 5.6415839]}}, {"type": "Feature", "properties": {"stop_id": "SA4981090365", "name": "Christian Village"}, "geometry": {"type": "Point", "coordinates": [-0.214652, 5.6353879]}}, {"type": "Feature", "properties": {"stop_id": "SA4981090366", "name": "Achimota Club House"}, "geometry": {"type": "Point", "coordinates": [-0.2192451, 5.6220881]}}, {"type": "Feature", "properties": {"stop_id": "SA4981090367", "name": "Forestry Commission"}, "geometry": {"type": "Point", "coordinates": [-0.2088308, 5.6390987]}}, {"type": "Feature", "properties": {"stop_id": "5040089798", "name": "Jehova junction"}, "geometry": {"type": "Point", "coordinates": [-0.2076699, 5.5903019]}}, {"type": "Feature", "properties": {"stop_id": "SA5051364319", "name": "VRA Junction"}, "geometry": {"type": "Point", "coordinates": [-0.2981178, 5.6306909]}}, {"type": "Feature", "properties": {"stop_id": "SA5113124889", "name": "ECOMOG"}, "geometry": {"type": "Point", "coordinates": [-0.201669, 5.6809886]}}, {"type": "Feature", "properties": {"stop_id": "SA5113124888", "name": "Pawpaw"}, "geometry": {"type": "Point", "coordinates": [-0.1942666, 5.6857636]}}, {"type": "Feature", "properties": {"stop_id": "SA5113124887", "name": "God's way"}, "geometry": {"type": "Point", "coordinates": [-0.1943868, 5.6869613]}}, {"type": "Feature", "properties": {"stop_id": "SA5113124886", "name": "Cold Store"}, "geometry": {"type": "Point", "coordinates": [-0.1950609, 5.6888816]}}, {"type": "Feature", "properties": {"stop_id": "SA5113124885", "name": "School Junction"}, "geometry": {"type": "Point", "coordinates": [-0.1959912, 5.6897516]}}, {"type": "Feature", "properties": {"stop_id": "SA5113124884", "name": "Fitting Shop"}, "geometry": {"type": "Point", "coordinates": [-0.1975027, 5.690993]}}, {"type": "Feature", "properties": {"stop_id": "SA5113124883", "name": "Agbogba"}, "geometry": {"type": "Point", "coordinates": [-0.1986753, 5.6919051]}}, {"type": "Feature", "properties": {"stop_id": "SA5051364317", "name": "Blue Kiosk"}, "geometry": {"type": "Point", "coordinates": [-0.2981816, 5.6279941]}}, {"type": "Feature", "properties": {"stop_id": "SA5113124881", "name": "Assemblies"}, "geometry": {"type": "Point", "coordinates": [-0.2026156, 5.6960549]}}, {"type": "Feature", "properties": {"stop_id": "SA5051364315", "name": "First Yellow"}, "geometry": {"type": "Point", "coordinates": [-0.298139, 5.624852]}}, {"type": "Feature", "properties": {"stop_id": "5058534303", "name": "Mallam Gbawe"}, "geometry": {"type": "Point", "coordinates": [-0.3095967, 5.5768227]}}, {"type": "Feature", "properties": {"stop_id": "5054694236", "name": "C5"}, "geometry": {"type": "Point", "coordinates": [-0.082388, 5.5978058]}}, {"type": "Feature", "properties": {"stop_id": "5054694237", "name": "A-life"}, "geometry": {"type": "Point", "coordinates": [-0.0932051, 5.5912116]}}, {"type": "Feature", "properties": {"stop_id": "5058534307", "name": "Circle (Alajo Station)"}, "geometry": {"type": "Point", "coordinates": [-0.2143098, 5.5711306]}}, {"type": "Feature", "properties": {"stop_id": "5054694235", "name": "Bank"}, "geometry": {"type": "Point", "coordinates": [-0.0802873, 5.6001575]}}, {"type": "Feature", "properties": {"stop_id": "5058534309", "name": "Alajo T-Junction"}, "geometry": {"type": "Point", "coordinates": [-0.217095, 5.5985442]}}, {"type": "Feature", "properties": {"stop_id": "2961496543", "name": "Tesano"}, "geometry": {"type": "Point", "coordinates": [-0.2256592, 5.6041936]}}, {"type": "Feature", "properties": {"stop_id": "5054694238", "name": "Mobil"}, "geometry": {"type": "Point", "coordinates": [-0.1040033, 5.583572]}}, {"type": "Feature", "properties": {"stop_id": "5054694239", "name": "Addoemi"}, "geometry": {"type": "Point", "coordinates": [-0.1078741, 5.5801717]}}, {"type": "Feature", "properties": {"stop_id": "SA5120539774", "name": "Market"}, "geometry": {"type": "Point", "coordinates": [-0.2119835, 5.5607112]}}, {"type": "Feature", "properties": {"stop_id": "SA5030747558", "name": "Power House"}, "geometry": {"type": "Point", "coordinates": [-0.1942808, 5.5997701]}}, {"type": "Feature", "properties": {"stop_id": "SA5030747559", "name": "Frensho"}, "geometry": {"type": "Point", "coordinates": [-0.1933949, 5.6018069]}}, {"type": "Feature", "properties": {"stop_id": "5102649416", "name": "Happy Days"}, "geometry": {"type": "Point", "coordinates": [-0.2344711, 5.5560724]}}, {"type": "Feature", "properties": {"stop_id": "5102649417", "name": "Flamingo"}, "geometry": {"type": "Point", "coordinates": [-0.246561, 5.5581757]}}, {"type": "Feature", "properties": {"stop_id": "5102983310", "name": "Junction Appiah Danquah"}, "geometry": {"type": "Point", "coordinates": [-0.2438919, 5.5467066]}}, {"type": "Feature", "properties": {"stop_id": "5102983311", "name": "Taxi Rank"}, "geometry": {"type": "Point", "coordinates": [-0.2459356, 5.5467323]}}, {"type": "Feature", "properties": {"stop_id": "5102983312", "name": "Appiah Danquah"}, "geometry": {"type": "Point", "coordinates": [-0.2465004, 5.5466693]}}, {"type": "Feature", "properties": {"stop_id": "SA5028483800", "name": "Lekma Hospital"}, "geometry": {"type": "Point", "coordinates": [-0.1206062, 5.6022196]}}, {"type": "Feature", "properties": {"stop_id": "5102649418", "name": "Sukura Market"}, "geometry": {"type": "Point", "coordinates": [-0.2513874, 5.5522781]}}, {"type": "Feature", "properties": {"stop_id": "5102649419", "name": "Loso"}, "geometry": {"type": "Point", "coordinates": [-0.2545317, 5.5511416]}}, {"type": "Feature", "properties": {"stop_id": "SA5030747556", "name": "Konka"}, "geometry": {"type": "Point", "coordinates": [-0.1949648, 5.5966298]}}, {"type": "Feature", "properties": {"stop_id": "SA5027390605", "name": "Abeka Lapaz Last Stop"}, "geometry": {"type": "Point", "coordinates": [-0.2469156, 5.6060986]}}, {"type": "Feature", "properties": {"stop_id": "5008338674", "name": "Ofankor Barrier"}, "geometry": {"type": "Point", "coordinates": [-0.2654701, 5.6576644]}}, {"type": "Feature", "properties": {"stop_id": "SA5124553578", "name": "Sukura (Kwahu Store)"}, "geometry": {"type": "Point", "coordinates": [-0.25222, 5.5521816]}}, {"type": "Feature", "properties": {"stop_id": "5029234107", "name": "Ministries"}, "geometry": {"type": "Point", "coordinates": [-0.19469, 5.5485659]}}, {"type": "Feature", "properties": {"stop_id": "4983237019", "name": "Rasta Junction"}, "geometry": {"type": "Point", "coordinates": [-0.2661016, 5.6112754]}}, {"type": "Feature", "properties": {"stop_id": "SA5008589261", "name": "Festus"}, "geometry": {"type": "Point", "coordinates": [-0.2885816, 5.6931058]}}, {"type": "Feature", "properties": {"stop_id": "SA5012075055", "name": "Kofi Annan"}, "geometry": {"type": "Point", "coordinates": [-0.1126033, 5.5738488]}}, {"type": "Feature", "properties": {"stop_id": "5021004839", "name": "Curve"}, "geometry": {"type": "Point", "coordinates": [-0.2901329, 5.6470345]}}, {"type": "Feature", "properties": {"stop_id": "5021004838", "name": "Pentecost Station"}, "geometry": {"type": "Point", "coordinates": [-0.2902254, 5.6461724]}}, {"type": "Feature", "properties": {"stop_id": "5087182230", "name": "Banana Inn"}, "geometry": {"type": "Point", "coordinates": [-0.2549389, 5.5413867]}}, {"type": "Feature", "properties": {"stop_id": "SA5064974029", "name": "Adjiringanor Last stop"}, "geometry": {"type": "Point", "coordinates": [-0.1250826, 5.6770518]}}, {"type": "Feature", "properties": {"stop_id": "SA5111502568", "name": "Tullow"}, "geometry": {"type": "Point", "coordinates": [-0.1808284, 5.6217735]}}, {"type": "Feature", "properties": {"stop_id": "5050667455", "name": "School Junction Race Course"}, "geometry": {"type": "Point", "coordinates": [-0.2630711, 5.6081953]}}, {"type": "Feature", "properties": {"stop_id": "SA5111502567", "name": "Abase"}, "geometry": {"type": "Point", "coordinates": [-0.2033473, 5.6165985]}}, {"type": "Feature", "properties": {"stop_id": "5051914054", "name": "Kaneshie Market junction"}, "geometry": {"type": "Point", "coordinates": [-0.2349084, 5.5682894]}}, {"type": "Feature", "properties": {"stop_id": "5051914055", "name": "Accra Wesley Girls School Junction"}, "geometry": {"type": "Point", "coordinates": [-0.2303866, 5.5671144]}}, {"type": "Feature", "properties": {"stop_id": "5021004837", "name": "Abe Asi"}, "geometry": {"type": "Point", "coordinates": [-0.2908475, 5.645239]}}, {"type": "Feature", "properties": {"stop_id": "5021004836", "name": "Royco"}, "geometry": {"type": "Point", "coordinates": [-0.2926079, 5.643878]}}, {"type": "Feature", "properties": {"stop_id": "5021004835", "name": "Asofan New Station"}, "geometry": {"type": "Point", "coordinates": [-0.2935134, 5.6434835]}}, {"type": "Feature", "properties": {"stop_id": "5029234103", "name": "Junction"}, "geometry": {"type": "Point", "coordinates": [-0.1745985, 5.5788369]}}, {"type": "Feature", "properties": {"stop_id": "SA4286153107", "name": "GBC"}, "geometry": {"type": "Point", "coordinates": [-0.192666, 5.5735046]}}, {"type": "Feature", "properties": {"stop_id": "SA3676894849", "name": "Community 7"}, "geometry": {"type": "Point", "coordinates": [-0.0062296, 5.6647008]}}, {"type": "Feature", "properties": {"stop_id": "5050667457", "name": "Gyedu Junction"}, "geometry": {"type": "Point", "coordinates": [-0.2676223, 5.6123869]}}, {"type": "Feature", "properties": {"stop_id": "5030249498", "name": "Accra High"}, "geometry": {"type": "Point", "coordinates": [-0.2016021, 5.5600736]}}, {"type": "Feature", "properties": {"stop_id": "5033271031", "name": "Kelewele"}, "geometry": {"type": "Point", "coordinates": [-0.1814955, 5.5536435]}}, {"type": "Feature", "properties": {"stop_id": "SA5028483808", "name": "Veterinary"}, "geometry": {"type": "Point", "coordinates": [-0.1675933, 5.5572004]}}, {"type": "Feature", "properties": {"stop_id": "5029234101", "name": "Cantonments"}, "geometry": {"type": "Point", "coordinates": [-0.1707852, 5.577606]}}, {"type": "Feature", "properties": {"stop_id": "5039895711", "name": "School Junction"}, "geometry": {"type": "Point", "coordinates": [-0.2071487, 5.5915982]}}, {"type": "Feature", "properties": {"stop_id": "SA5021004840", "name": "Transformer"}, "geometry": {"type": "Point", "coordinates": [-0.2889648, 5.6470684]}}, {"type": "Feature", "properties": {"stop_id": "5010113606", "name": "Amanfrom"}, "geometry": {"type": "Point", "coordinates": [-0.4128164, 5.5356917]}}, {"type": "Feature", "properties": {"stop_id": "5010113605", "name": "Second"}, "geometry": {"type": "Point", "coordinates": [-0.4189544, 5.5355393]}}, {"type": "Feature", "properties": {"stop_id": "5054509009", "name": "Pro credit"}, "geometry": {"type": "Point", "coordinates": [-0.2115164, 5.5783909]}}, {"type": "Feature", "properties": {"stop_id": "SA5021004844", "name": "Asofan Old Station"}, "geometry": {"type": "Point", "coordinates": [-0.2861017, 5.6539895]}}, {"type": "Feature", "properties": {"stop_id": "5010113602", "name": "Galelia Market"}, "geometry": {"type": "Point", "coordinates": [-0.4013765, 5.5382376]}}, {"type": "Feature", "properties": {"stop_id": "SA5021004846", "name": "Presby"}, "geometry": {"type": "Point", "coordinates": [-0.2836293, 5.6549402]}}, {"type": "Feature", "properties": {"stop_id": "SA5021004847", "name": "Abodwe Se"}, "geometry": {"type": "Point", "coordinates": [-0.2817263, 5.6565743]}}, {"type": "Feature", "properties": {"stop_id": "SA5021004848", "name": "Soldier Line"}, "geometry": {"type": "Point", "coordinates": [-0.2795708, 5.6574519]}}, {"type": "Feature", "properties": {"stop_id": "SA5021004849", "name": "2nd Power"}, "geometry": {"type": "Point", "coordinates": [-0.2780861, 5.6578639]}}, {"type": "Feature", "properties": {"stop_id": "4998045790", "name": "Methodist"}, "geometry": {"type": "Point", "coordinates": [-0.2447442, 5.5344039]}}, {"type": "Feature", "properties": {"stop_id": "5010113609", "name": "SCC"}, "geometry": {"type": "Point", "coordinates": [-0.3387368, 5.5475403]}}, {"type": "Feature", "properties": {"stop_id": "5010113608", "name": "Chinese"}, "geometry": {"type": "Point", "coordinates": [-0.3897805, 5.5434112]}}, {"type": "Feature", "properties": {"stop_id": "SA5024234901", "name": "Sukura"}, "geometry": {"type": "Point", "coordinates": [-0.2492943, 5.5506217]}}, {"type": "Feature", "properties": {"stop_id": "SA5054694248", "name": "Alonte Bar"}, "geometry": {"type": "Point", "coordinates": [-0.1490217, 5.5596641]}}, {"type": "Feature", "properties": {"stop_id": "SA5024234903", "name": "Banku Junction"}, "geometry": {"type": "Point", "coordinates": [-0.2475504, 5.5537769]}}, {"type": "Feature", "properties": {"stop_id": "SA5024234902", "name": "Borla Junction"}, "geometry": {"type": "Point", "coordinates": [-0.2476184, 5.5509311]}}, {"type": "Feature", "properties": {"stop_id": "SA5024234905", "name": "Junction"}, "geometry": {"type": "Point", "coordinates": [-0.2432794, 5.5561071]}}, {"type": "Feature", "properties": {"stop_id": "SA5024234904", "name": "La bay"}, "geometry": {"type": "Point", "coordinates": [-0.2468583, 5.5556787]}}, {"type": "Feature", "properties": {"stop_id": "SA5024234906", "name": "Market"}, "geometry": {"type": "Point", "coordinates": [-0.2370074, 5.5528102]}}, {"type": "Feature", "properties": {"stop_id": "SA5054694241", "name": "Next Door"}, "geometry": {"type": "Point", "coordinates": [-0.1177646, 5.570559]}}, {"type": "Feature", "properties": {"stop_id": "5028483803", "name": "Curve"}, "geometry": {"type": "Point", "coordinates": [-0.1259056, 5.5967663]}}, {"type": "Feature", "properties": {"stop_id": "SA5054694243", "name": "First Gate"}, "geometry": {"type": "Point", "coordinates": [-0.1276876, 5.5675279]}}, {"type": "Feature", "properties": {"stop_id": "5014786532", "name": "Fan Milk Junction"}, "geometry": {"type": "Point", "coordinates": [-0.2226925, 5.5727399]}}, {"type": "Feature", "properties": {"stop_id": "SA5054694245", "name": "Labadi Beach"}, "geometry": {"type": "Point", "coordinates": [-0.140608, 5.5639367]}}, {"type": "Feature", "properties": {"stop_id": "5025315901", "name": "Accra Salaga"}, "geometry": {"type": "Point", "coordinates": [-0.2088476, 5.5405534]}}, {"type": "Feature", "properties": {"stop_id": "SA5054694247", "name": "Regimanuel"}, "geometry": {"type": "Point", "coordinates": [-0.1449292, 5.562259]}}, {"type": "Feature", "properties": {"stop_id": "SA5054694246", "name": "T-Junction"}, "geometry": {"type": "Point", "coordinates": [-0.1434519, 5.5631646]}}, {"type": "Feature", "properties": {"stop_id": "5010252538", "name": "Spot M"}, "geometry": {"type": "Point", "coordinates": [-0.2597056, 5.654124]}}, {"type": "Feature", "properties": {"stop_id": "SA5030650715", "name": "Nyaho"}, "geometry": {"type": "Point", "coordinates": [-0.1850166, 5.6148991]}}, {"type": "Feature", "properties": {"stop_id": "5054759308", "name": "Gas"}, "geometry": {"type": "Point", "coordinates": [-0.1378716, 5.5648531]}}, {"type": "Feature", "properties": {"stop_id": "5054759309", "name": "Bush Road"}, "geometry": {"type": "Point", "coordinates": [-0.1312629, 5.5668717]}}, {"type": "Feature", "properties": {"stop_id": "5054759306", "name": "Alonte Bar"}, "geometry": {"type": "Point", "coordinates": [-0.1491974, 5.559815]}}, {"type": "Feature", "properties": {"stop_id": "SA5030650718", "name": "Nima Station"}, "geometry": {"type": "Point", "coordinates": [-0.1987504, 5.5815074]}}, {"type": "Feature", "properties": {"stop_id": "5054759304", "name": "Court"}, "geometry": {"type": "Point", "coordinates": [-0.1554055, 5.5574937]}}, {"type": "Feature", "properties": {"stop_id": "5054759305", "name": "Dreamland"}, "geometry": {"type": "Point", "coordinates": [-0.1510107, 5.559111]}}, {"type": "Feature", "properties": {"stop_id": "5054759302", "name": "Barracks"}, "geometry": {"type": "Point", "coordinates": [-0.1684456, 5.559447]}}, {"type": "Feature", "properties": {"stop_id": "5054759303", "name": "Olympia"}, "geometry": {"type": "Point", "coordinates": [-0.1585697, 5.5581086]}}, {"type": "Feature", "properties": {"stop_id": "SA5030249498", "name": "Accra High"}, "geometry": {"type": "Point", "coordinates": [-0.2016021, 5.5600736]}}, {"type": "Feature", "properties": {"stop_id": "4990423852", "name": "Gym"}, "geometry": {"type": "Point", "coordinates": [-0.2373713, 5.6558011]}}, {"type": "Feature", "properties": {"stop_id": "5102155248", "name": "Downright"}, "geometry": {"type": "Point", "coordinates": [-0.2428971, 5.5399648]}}, {"type": "Feature", "properties": {"stop_id": "5026574422", "name": "Cottage"}, "geometry": {"type": "Point", "coordinates": [-0.238096, 5.5739364]}}, {"type": "Feature", "properties": {"stop_id": "SA5113528013", "name": "Lamptey Mills Junction"}, "geometry": {"type": "Point", "coordinates": [-0.2358832, 5.5561515]}}, {"type": "Feature", "properties": {"stop_id": "SA5054694253", "name": "Barracks"}, "geometry": {"type": "Point", "coordinates": [-0.1679804, 5.5582465]}}, {"type": "Feature", "properties": {"stop_id": "5079630606", "name": "Congo Junction"}, "geometry": {"type": "Point", "coordinates": [-0.1619152, 5.587343]}}, {"type": "Feature", "properties": {"stop_id": "5079630607", "name": "El-Wak Stadium"}, "geometry": {"type": "Point", "coordinates": [-0.1747244, 5.5873752]}}, {"type": "Feature", "properties": {"stop_id": "5079630604", "name": "Green Court"}, "geometry": {"type": "Point", "coordinates": [-0.1448749, 5.5655701]}}, {"type": "Feature", "properties": {"stop_id": "5079630605", "name": "Soul Clinic"}, "geometry": {"type": "Point", "coordinates": [-0.1591396, 5.5817652]}}, {"type": "Feature", "properties": {"stop_id": "5028768225", "name": "Achimota Club House"}, "geometry": {"type": "Point", "coordinates": [-0.2191901, 5.622886]}}, {"type": "Feature", "properties": {"stop_id": "5028768226", "name": "Kisseman Junction"}, "geometry": {"type": "Point", "coordinates": [-0.212952, 5.637613]}}, {"type": "Feature", "properties": {"stop_id": "5028768227", "name": "Forestry Commission"}, "geometry": {"type": "Point", "coordinates": [-0.2084955, 5.6394168]}}, {"type": "Feature", "properties": {"stop_id": "5028768228", "name": "Legon Primary School"}, "geometry": {"type": "Point", "coordinates": [-0.1880004, 5.6437783]}}, {"type": "Feature", "properties": {"stop_id": "5043308478", "name": "First Gate"}, "geometry": {"type": "Point", "coordinates": [-0.2147169, 5.5542539]}}, {"type": "Feature", "properties": {"stop_id": "5043308479", "name": "Water"}, "geometry": {"type": "Point", "coordinates": [-0.2635662, 5.5811142]}}, {"type": "Feature", "properties": {"stop_id": "SA3109289830", "name": "Odorna"}, "geometry": {"type": "Point", "coordinates": [-0.2173233, 5.5673255]}}, {"type": "Feature", "properties": {"stop_id": "5051112441", "name": "Fanmilk Junction"}, "geometry": {"type": "Point", "coordinates": [-0.2984659, 5.6219947]}}, {"type": "Feature", "properties": {"stop_id": "5115688032", "name": "First Light"}, "geometry": {"type": "Point", "coordinates": [-0.2417323, 5.5695002]}}, {"type": "Feature", "properties": {"stop_id": "5116037042", "name": "Trasacco"}, "geometry": {"type": "Point", "coordinates": [-0.1134111, 5.6471725]}}, {"type": "Feature", "properties": {"stop_id": "4980841300", "name": "37"}, "geometry": {"type": "Point", "coordinates": [-0.179598, 5.5888594]}}, {"type": "Feature", "properties": {"stop_id": "SA5115661235", "name": "Choice Second"}, "geometry": {"type": "Point", "coordinates": [-0.3267253, 5.5524119]}}, {"type": "Feature", "properties": {"stop_id": "5037177372", "name": "Ayigbe Town"}, "geometry": {"type": "Point", "coordinates": [-0.2312078, 5.5537376]}}, {"type": "Feature", "properties": {"stop_id": "5037177373", "name": "Add a name to the stop with JungleBus app"}, "geometry": {"type": "Point", "coordinates": [-0.22941, 5.5498313]}}, {"type": "Feature", "properties": {"stop_id": "5033271033", "name": "Mami Dokuno"}, "geometry": {"type": "Point", "coordinates": [-0.2126905, 5.5701548]}}, {"type": "Feature", "properties": {"stop_id": "5027303268", "name": "Kembs Hotel"}, "geometry": {"type": "Point", "coordinates": [-0.2457711, 5.5608413]}}, {"type": "Feature", "properties": {"stop_id": "5027303269", "name": "Flamingo"}, "geometry": {"type": "Point", "coordinates": [-0.247327, 5.5588832]}}, {"type": "Feature", "properties": {"stop_id": "5028483808", "name": "Veterinary"}, "geometry": {"type": "Point", "coordinates": [-0.1675933, 5.5572004]}}, {"type": "Feature", "properties": {"stop_id": "5102588595", "name": "Kaneshie Market"}, "geometry": {"type": "Point", "coordinates": [-0.2366647, 5.5647722]}}, {"type": "Feature", "properties": {"stop_id": "SA5051112450", "name": "Dansoman Junction"}, "geometry": {"type": "Point", "coordinates": [-0.2521162, 5.5752116]}}, {"type": "Feature", "properties": {"stop_id": "5027303262", "name": "Paa Willie"}, "geometry": {"type": "Point", "coordinates": [-0.2523355, 5.5595239]}}, {"type": "Feature", "properties": {"stop_id": "SA5047020122", "name": "Pig Farm Station"}, "geometry": {"type": "Point", "coordinates": [-0.1984398, 5.5982811]}}, {"type": "Feature", "properties": {"stop_id": "5027303264", "name": "Ashley's"}, "geometry": {"type": "Point", "coordinates": [-0.2388382, 5.5638148]}}, {"type": "Feature", "properties": {"stop_id": "5027303265", "name": "Kant"}, "geometry": {"type": "Point", "coordinates": [-0.2405406, 5.564836]}}, {"type": "Feature", "properties": {"stop_id": "5027303266", "name": "Central University"}, "geometry": {"type": "Point", "coordinates": [-0.2425567, 5.565345]}}, {"type": "Feature", "properties": {"stop_id": "5027303267", "name": "Kateco"}, "geometry": {"type": "Point", "coordinates": [-0.2439167, 5.5657429]}}, {"type": "Feature", "properties": {"stop_id": "5037690457", "name": "Bazaza"}, "geometry": {"type": "Point", "coordinates": [-0.2385435, 5.5716519]}}, {"type": "Feature", "properties": {"stop_id": "5037690456", "name": "Cemetry"}, "geometry": {"type": "Point", "coordinates": [-0.2385545, 5.5772673]}}, {"type": "Feature", "properties": {"stop_id": "5037690455", "name": "Bubuashie"}, "geometry": {"type": "Point", "coordinates": [-0.2399217, 5.5803725]}}, {"type": "Feature", "properties": {"stop_id": "5037690454", "name": "Datus"}, "geometry": {"type": "Point", "coordinates": [-0.2426672, 5.5820319]}}, {"type": "Feature", "properties": {"stop_id": "5037690453", "name": "Vulcanizer"}, "geometry": {"type": "Point", "coordinates": [-0.244496, 5.5820379]}}, {"type": "Feature", "properties": {"stop_id": "5037690452", "name": "Atico"}, "geometry": {"type": "Point", "coordinates": [-0.247009, 5.5797996]}}, {"type": "Feature", "properties": {"stop_id": "5026603973", "name": "Sakora"}, "geometry": {"type": "Point", "coordinates": [-0.2341018, 5.5790784]}}, {"type": "Feature", "properties": {"stop_id": "SA5005030179", "name": "Tigo Office"}, "geometry": {"type": "Point", "coordinates": [-0.2055652, 5.5581904]}}, {"type": "Feature", "properties": {"stop_id": "SA5005030178", "name": "Cathedral"}, "geometry": {"type": "Point", "coordinates": [-0.206154, 5.5635738]}}, {"type": "Feature", "properties": {"stop_id": "SA5022942956", "name": "Rainbow"}, "geometry": {"type": "Point", "coordinates": [-0.2408351, 5.534254]}}, {"type": "Feature", "properties": {"stop_id": "SA5022942950", "name": "Borla"}, "geometry": {"type": "Point", "coordinates": [-0.254174, 5.5441207]}}, {"type": "Feature", "properties": {"stop_id": "SA5022942952", "name": "Abodoo Bridge"}, "geometry": {"type": "Point", "coordinates": [-0.2515806, 5.5400326]}}, {"type": "Feature", "properties": {"stop_id": "SA5022942953", "name": "IBE"}, "geometry": {"type": "Point", "coordinates": [-0.2477855, 5.5390553]}}, {"type": "Feature", "properties": {"stop_id": "SA5005030171", "name": "Five Five"}, "geometry": {"type": "Point", "coordinates": [-0.2072405, 5.5896396]}}, {"type": "Feature", "properties": {"stop_id": "SA5005030170", "name": "Nkansah Gyan"}, "geometry": {"type": "Point", "coordinates": [-0.2064931, 5.5908254]}}, {"type": "Feature", "properties": {"stop_id": "SA5005030173", "name": "Curve"}, "geometry": {"type": "Point", "coordinates": [-0.2060519, 5.5865003]}}, {"type": "Feature", "properties": {"stop_id": "SA5005030172", "name": "37 Station"}, "geometry": {"type": "Point", "coordinates": [-0.2075199, 5.5869902]}}, {"type": "Feature", "properties": {"stop_id": "SA5022942958", "name": "Plaza"}, "geometry": {"type": "Point", "coordinates": [-0.2354874, 5.5342777]}}, {"type": "Feature", "properties": {"stop_id": "SA5005030174", "name": "Commercial Bank"}, "geometry": {"type": "Point", "coordinates": [-0.2063164, 5.5853664]}}, {"type": "Feature", "properties": {"stop_id": "5026603977", "name": "Cocoa Clinic"}, "geometry": {"type": "Point", "coordinates": [-0.2366278, 5.5713871]}}, {"type": "Feature", "properties": {"stop_id": "5012075055", "name": "Kofi Annan"}, "geometry": {"type": "Point", "coordinates": [-0.1126033, 5.5738488]}}, {"type": "Feature", "properties": {"stop_id": "SA5054183496", "name": "Abossey-Okai"}, "geometry": {"type": "Point", "coordinates": [-0.2365707, 5.5651612]}}, {"type": "Feature", "properties": {"stop_id": "5024569728", "name": "Thank You Jesus"}, "geometry": {"type": "Point", "coordinates": [-0.2869166, 5.708569]}}, {"type": "Feature", "properties": {"stop_id": "5026603974", "name": "Tsofi"}, "geometry": {"type": "Point", "coordinates": [-0.2346773, 5.5786]}}, {"type": "Feature", "properties": {"stop_id": "4995054809", "name": "Afridom"}, "geometry": {"type": "Point", "coordinates": [-0.1813457, 5.564834]}}, {"type": "Feature", "properties": {"stop_id": "5088569160", "name": "ADB House"}, "geometry": {"type": "Point", "coordinates": [-0.194399, 5.5645354]}}, {"type": "Feature", "properties": {"stop_id": "5088569161", "name": "KFC Junction"}, "geometry": {"type": "Point", "coordinates": [-0.1696885, 5.6396348]}}, {"type": "Feature", "properties": {"stop_id": "5024569726", "name": "Champion"}, "geometry": {"type": "Point", "coordinates": [-0.2493968, 5.6426425]}}, {"type": "Feature", "properties": {"stop_id": "5024569727", "name": "Pokuase Agric"}, "geometry": {"type": "Point", "coordinates": [-0.2864204, 5.6963753]}}, {"type": "Feature", "properties": {"stop_id": "SA5025972755", "name": "Accra Rawlings Park"}, "geometry": {"type": "Point", "coordinates": [-0.206812, 5.5458007]}}, {"type": "Feature", "properties": {"stop_id": "5111681609", "name": "Darkuman junction"}, "geometry": {"type": "Point", "coordinates": [-0.2526922, 5.5915404]}}, {"type": "Feature", "properties": {"stop_id": "5111681608", "name": "Sun Flower Junction"}, "geometry": {"type": "Point", "coordinates": [-0.2432211, 5.5897151]}}, {"type": "Feature", "properties": {"stop_id": "SA5010252537", "name": "Income Tax"}, "geometry": {"type": "Point", "coordinates": [-0.2630976, 5.6564432]}}, {"type": "Feature", "properties": {"stop_id": "5092998364", "name": "Kokomlemle (Pro Credit)"}, "geometry": {"type": "Point", "coordinates": [-0.2114448, 5.5783627]}}, {"type": "Feature", "properties": {"stop_id": "SA5040597019", "name": "Wele Junction"}, "geometry": {"type": "Point", "coordinates": [-0.2737977, 5.63431]}}, {"type": "Feature", "properties": {"stop_id": "SA5040742580", "name": "Ayigbe Junction"}, "geometry": {"type": "Point", "coordinates": [-0.2655117, 5.6309159]}}, {"type": "Feature", "properties": {"stop_id": "5092998363", "name": "White Wall"}, "geometry": {"type": "Point", "coordinates": [-0.1962331, 5.6135692]}}, {"type": "Feature", "properties": {"stop_id": "SA5040597018", "name": "Stelee Drug store"}, "geometry": {"type": "Point", "coordinates": [-0.2740448, 5.6357349]}}, {"type": "Feature", "properties": {"stop_id": "SA5010252538", "name": "Spot M"}, "geometry": {"type": "Point", "coordinates": [-0.2597056, 5.654124]}}, {"type": "Feature", "properties": {"stop_id": "5111681607", "name": "Ashfoam"}, "geometry": {"type": "Point", "coordinates": [-0.2234586, 5.5788465]}}, {"type": "Feature", "properties": {"stop_id": "5111681606", "name": "Makola Market"}, "geometry": {"type": "Point", "coordinates": [-0.2049086, 5.5477344]}}, {"type": "Feature", "properties": {"stop_id": "SA5054759308", "name": "Gas"}, "geometry": {"type": "Point", "coordinates": [-0.1378716, 5.5648531]}}, {"type": "Feature", "properties": {"stop_id": "SA5093045161", "name": "Kokomlemle"}, "geometry": {"type": "Point", "coordinates": [-0.2130455, 5.576308]}}, {"type": "Feature", "properties": {"stop_id": "5008691259", "name": "Mile Eleven"}, "geometry": {"type": "Point", "coordinates": [-0.3556582, 5.5509516]}}, {"type": "Feature", "properties": {"stop_id": "5033299216", "name": "Curve"}, "geometry": {"type": "Point", "coordinates": [-0.2162135, 5.566837]}}, {"type": "Feature", "properties": {"stop_id": "5033299217", "name": "Fire Service"}, "geometry": {"type": "Point", "coordinates": [-0.1846421, 5.5691276]}}, {"type": "Feature", "properties": {"stop_id": "5033299214", "name": "Afridom"}, "geometry": {"type": "Point", "coordinates": [-0.1819088, 5.5650247]}}, {"type": "Feature", "properties": {"stop_id": "5033299215", "name": "Last Stop Odawnaa"}, "geometry": {"type": "Point", "coordinates": [-0.2169915, 5.5682148]}}, {"type": "Feature", "properties": {"stop_id": "5120630952", "name": "Nima Station"}, "geometry": {"type": "Point", "coordinates": [-0.1989542, 5.5807896]}}, {"type": "Feature", "properties": {"stop_id": "5115477022", "name": "Madina Firestone Junction"}, "geometry": {"type": "Point", "coordinates": [-0.1712544, 5.6685252]}}, {"type": "Feature", "properties": {"stop_id": "5115477023", "name": "Madina Station"}, "geometry": {"type": "Point", "coordinates": [-0.1712618, 5.6760292]}}, {"type": "Feature", "properties": {"stop_id": "5104944364", "name": "Masalachi"}, "geometry": {"type": "Point", "coordinates": [-0.2070668, 5.590114]}}, {"type": "Feature", "properties": {"stop_id": "5104944365", "name": "P.T.C"}, "geometry": {"type": "Point", "coordinates": [-0.213734, 5.5683329]}}, {"type": "Feature", "properties": {"stop_id": "SA5054364795", "name": "Junction"}, "geometry": {"type": "Point", "coordinates": [-0.2028493, 5.6120496]}}, {"type": "Feature", "properties": {"stop_id": "SA5036738887", "name": "Mallam Attah"}, "geometry": {"type": "Point", "coordinates": [-0.2097888, 5.5793931]}}, {"type": "Feature", "properties": {"stop_id": "SA4994957019", "name": "Tesano Gardens"}, "geometry": {"type": "Point", "coordinates": [-0.2305257, 5.5984514]}}, {"type": "Feature", "properties": {"stop_id": "SA5064268100", "name": "Souvenir 2nd"}, "geometry": {"type": "Point", "coordinates": [-0.2329906, 5.5938677]}}, {"type": "Feature", "properties": {"stop_id": "SA5064268101", "name": "Junction"}, "geometry": {"type": "Point", "coordinates": [-0.2333063, 5.5960832]}}, {"type": "Feature", "properties": {"stop_id": "4977897982", "name": "Opeibea First"}, "geometry": {"type": "Point", "coordinates": [-0.1796072, 5.5963571]}}, {"type": "Feature", "properties": {"stop_id": "4400481895", "name": "Adenta Barrier"}, "geometry": {"type": "Point", "coordinates": [-0.1710339, 5.7058466]}}, {"type": "Feature", "properties": {"stop_id": "5104075746", "name": "T-Junction"}, "geometry": {"type": "Point", "coordinates": [-0.1428132, 5.5637357]}}, {"type": "Feature", "properties": {"stop_id": "5008691261", "name": "Weija Barrier"}, "geometry": {"type": "Point", "coordinates": [-0.3303558, 5.55093]}}, {"type": "Feature", "properties": {"stop_id": "5096289421", "name": "Zongo Junction"}, "geometry": {"type": "Point", "coordinates": [-0.2401821, 5.5564785]}}, {"type": "Feature", "properties": {"stop_id": "5008691263", "name": "Weija Junction"}, "geometry": {"type": "Point", "coordinates": [-0.3038519, 5.5559137]}}, {"type": "Feature", "properties": {"stop_id": "4997071033", "name": "Pentecost"}, "geometry": {"type": "Point", "coordinates": [-0.2290372, 5.5802667]}}, {"type": "Feature", "properties": {"stop_id": "5024610765", "name": "Tabora Lighthouse"}, "geometry": {"type": "Point", "coordinates": [-0.2610403, 5.6169655]}}, {"type": "Feature", "properties": {"stop_id": "5024610764", "name": "Tabora Junction"}, "geometry": {"type": "Point", "coordinates": [-0.2618847, 5.6193489]}}, {"type": "Feature", "properties": {"stop_id": "5024610767", "name": "Tabora Number 6"}, "geometry": {"type": "Point", "coordinates": [-0.2610552, 5.6122106]}}, {"type": "Feature", "properties": {"stop_id": "5024610766", "name": "Scorpion"}, "geometry": {"type": "Point", "coordinates": [-0.260686, 5.6157148]}}, {"type": "Feature", "properties": {"stop_id": "5024610761", "name": "Taste"}, "geometry": {"type": "Point", "coordinates": [-0.2619972, 5.6234649]}}, {"type": "Feature", "properties": {"stop_id": "5024610760", "name": "Walaako"}, "geometry": {"type": "Point", "coordinates": [-0.2621599, 5.6250494]}}, {"type": "Feature", "properties": {"stop_id": "5024610763", "name": "Tabora Asoredanho"}, "geometry": {"type": "Point", "coordinates": [-0.2626165, 5.6214484]}}, {"type": "Feature", "properties": {"stop_id": "5024610762", "name": "Star Junction"}, "geometry": {"type": "Point", "coordinates": [-0.2617657, 5.622279]}}, {"type": "Feature", "properties": {"stop_id": "4997071031", "name": "Sunlight"}, "geometry": {"type": "Point", "coordinates": [-0.2320374, 5.589739]}}, {"type": "Feature", "properties": {"stop_id": "5024610769", "name": "Tabora Number 4"}, "geometry": {"type": "Point", "coordinates": [-0.2603914, 5.6088704]}}, {"type": "Feature", "properties": {"stop_id": "5024610768", "name": "Tabora Number 5"}, "geometry": {"type": "Point", "coordinates": [-0.2611895, 5.6103886]}}, {"type": "Feature", "properties": {"stop_id": "5030857589", "name": "Achimota Overhead"}, "geometry": {"type": "Point", "coordinates": [-0.2305218, 5.6198023]}}, {"type": "Feature", "properties": {"stop_id": "4994619134", "name": "Junction"}, "geometry": {"type": "Point", "coordinates": [-0.2223419, 5.6127269]}}, {"type": "Feature", "properties": {"stop_id": "5040871739", "name": "Airport Junction"}, "geometry": {"type": "Point", "coordinates": [-0.1794919, 5.6223746]}}, {"type": "Feature", "properties": {"stop_id": "5020102834", "name": "Achimota Overhead"}, "geometry": {"type": "Point", "coordinates": [-0.2328125, 5.6234123]}}, {"type": "Feature", "properties": {"stop_id": "4994619135", "name": "Dua Ase"}, "geometry": {"type": "Point", "coordinates": [-0.2176868, 5.6111632]}}, {"type": "Feature", "properties": {"stop_id": "5052100025", "name": "Masalatsi"}, "geometry": {"type": "Point", "coordinates": [-0.2517002, 5.5822721]}}, {"type": "Feature", "properties": {"stop_id": "5052100024", "name": "Datus"}, "geometry": {"type": "Point", "coordinates": [-0.2426811, 5.5819704]}}, {"type": "Feature", "properties": {"stop_id": "SA5026151273", "name": "Big Boss"}, "geometry": {"type": "Point", "coordinates": [-0.2324171, 5.5709225]}}, {"type": "Feature", "properties": {"stop_id": "SA5026151272", "name": "Fire Armour"}, "geometry": {"type": "Point", "coordinates": [-0.2329568, 5.5704179]}}, {"type": "Feature", "properties": {"stop_id": "SA5026151275", "name": "Ga Mantse"}, "geometry": {"type": "Point", "coordinates": [-0.2292535, 5.5755871]}}, {"type": "Feature", "properties": {"stop_id": "5023043421", "name": "Post Office"}, "geometry": {"type": "Point", "coordinates": [-0.2085836, 5.5422115]}}, {"type": "Feature", "properties": {"stop_id": "SA5026151277", "name": "Picadilly"}, "geometry": {"type": "Point", "coordinates": [-0.2277118, 5.5782628]}}, {"type": "Feature", "properties": {"stop_id": "5020102832", "name": "St. Johns"}, "geometry": {"type": "Point", "coordinates": [-0.2435942, 5.6398999]}}, {"type": "Feature", "properties": {"stop_id": "5012075053", "name": "Brigade"}, "geometry": {"type": "Point", "coordinates": [-0.0889986, 5.5937887]}}, {"type": "Feature", "properties": {"stop_id": "5012075052", "name": "Cold Store"}, "geometry": {"type": "Point", "coordinates": [-0.085651, 5.5958154]}}, {"type": "Feature", "properties": {"stop_id": "5012075051", "name": "Nungua"}, "geometry": {"type": "Point", "coordinates": [-0.0791144, 5.6022292]}}, {"type": "Feature", "properties": {"stop_id": "1986177611", "name": "ACP Junction"}, "geometry": {"type": "Point", "coordinates": [-0.2774571, 5.683924]}}, {"type": "Feature", "properties": {"stop_id": "5012075057", "name": "Trade Fair"}, "geometry": {"type": "Point", "coordinates": [-0.1474347, 5.569156]}}, {"type": "Feature", "properties": {"stop_id": "5012075056", "name": "La Beach Hotel"}, "geometry": {"type": "Point", "coordinates": [-0.138769, 5.5643143]}}, {"type": "Feature", "properties": {"stop_id": "5035412453", "name": "Mothers Inn"}, "geometry": {"type": "Point", "coordinates": [-0.2312539, 5.5734313]}}, {"type": "Feature", "properties": {"stop_id": "5012075054", "name": "First Junction"}, "geometry": {"type": "Point", "coordinates": [-0.0994342, 5.587495]}}, {"type": "Feature", "properties": {"stop_id": "5012075059", "name": "Home Touch"}, "geometry": {"type": "Point", "coordinates": [-0.1681506, 5.587133]}}, {"type": "Feature", "properties": {"stop_id": "5012075058", "name": "Villas"}, "geometry": {"type": "Point", "coordinates": [-0.1543764, 5.5782488]}}, {"type": "Feature", "properties": {"stop_id": "5020525325", "name": "WAEC"}, "geometry": {"type": "Point", "coordinates": [-0.1994537, 5.5647504]}}, {"type": "Feature", "properties": {"stop_id": "5020525327", "name": "Circle"}, "geometry": {"type": "Point", "coordinates": [-0.2148315, 5.5688481]}}, {"type": "Feature", "properties": {"stop_id": "5020525329", "name": "Ridge Hospital"}, "geometry": {"type": "Point", "coordinates": [-0.1990446, 5.5612149]}}, {"type": "Feature", "properties": {"stop_id": "SA5026151284", "name": "Assemblies of God"}, "geometry": {"type": "Point", "coordinates": [-0.240162, 5.5881403]}}, {"type": "Feature", "properties": {"stop_id": "SA5049610382", "name": "Bongo bar"}, "geometry": {"type": "Point", "coordinates": [-0.2285933, 5.5737721]}}, {"type": "Feature", "properties": {"stop_id": "5054767125", "name": "Nungua"}, "geometry": {"type": "Point", "coordinates": [-0.0796664, 5.6017661]}}, {"type": "Feature", "properties": {"stop_id": "SA4740601928", "name": "Mile Eleven"}, "geometry": {"type": "Point", "coordinates": [-0.3559126, 5.5508216]}}, {"type": "Feature", "properties": {"stop_id": "5064974047", "name": "Shiashie"}, "geometry": {"type": "Point", "coordinates": [-0.1758217, 5.6274993]}}, {"type": "Feature", "properties": {"stop_id": "5064974046", "name": "Yeboah"}, "geometry": {"type": "Point", "coordinates": [-0.1717598, 5.6362521]}}, {"type": "Feature", "properties": {"stop_id": "5064974045", "name": "Bawaleshie Acheampong"}, "geometry": {"type": "Point", "coordinates": [-0.1600681, 5.6428153]}}, {"type": "Feature", "properties": {"stop_id": "5064974044", "name": "Adjiringanor Curve"}, "geometry": {"type": "Point", "coordinates": [-0.1487278, 5.6456544]}}, {"type": "Feature", "properties": {"stop_id": "5009983532", "name": "Kontunse"}, "geometry": {"type": "Point", "coordinates": [-0.3158999, 5.7409408]}}, {"type": "Feature", "properties": {"stop_id": "5009983533", "name": "Medie"}, "geometry": {"type": "Point", "coordinates": [-0.3257936, 5.7605595]}}, {"type": "Feature", "properties": {"stop_id": "5064974041", "name": "Gate"}, "geometry": {"type": "Point", "coordinates": [-0.1370952, 5.645684]}}, {"type": "Feature", "properties": {"stop_id": "5064974040", "name": "Adjiringanor (Block Factory)"}, "geometry": {"type": "Point", "coordinates": [-0.1323717, 5.6485338]}}, {"type": "Feature", "properties": {"stop_id": "SA5023989072", "name": "First Stop"}, "geometry": {"type": "Point", "coordinates": [-0.18893, 5.5496452]}}, {"type": "Feature", "properties": {"stop_id": "SA5023989071", "name": "Second Stop"}, "geometry": {"type": "Point", "coordinates": [-0.1842492, 5.5506085]}}, {"type": "Feature", "properties": {"stop_id": "SA5023989070", "name": "Anoorhor"}, "geometry": {"type": "Point", "coordinates": [-0.1822167, 5.5507254]}}, {"type": "Feature", "properties": {"stop_id": "SA4600181749", "name": "Bortianor"}, "geometry": {"type": "Point", "coordinates": [-0.3482181, 5.5477904]}}, {"type": "Feature", "properties": {"stop_id": "SA5110119198", "name": "Mallam Station"}, "geometry": {"type": "Point", "coordinates": [-0.2900176, 5.5752385]}}, {"type": "Feature", "properties": {"stop_id": "5023989068", "name": "Rigal Bus stop"}, "geometry": {"type": "Point", "coordinates": [-0.1758602, 5.5530856]}}, {"type": "Feature", "properties": {"stop_id": "5023989069", "name": "Osu Police Station"}, "geometry": {"type": "Point", "coordinates": [-0.1781596, 5.5522288]}}, {"type": "Feature", "properties": {"stop_id": "5023989066", "name": "Curve"}, "geometry": {"type": "Point", "coordinates": [-0.1679298, 5.5558937]}}, {"type": "Feature", "properties": {"stop_id": "5023989067", "name": "Arko Adjei"}, "geometry": {"type": "Point", "coordinates": [-0.1708001, 5.5548222]}}, {"type": "Feature", "properties": {"stop_id": "5023989064", "name": "Kpogas"}, "geometry": {"type": "Point", "coordinates": [-0.1646957, 5.5571281]}}, {"type": "Feature", "properties": {"stop_id": "5023989065", "name": "Polyclinic"}, "geometry": {"type": "Point", "coordinates": [-0.1666113, 5.5563841]}}, {"type": "Feature", "properties": {"stop_id": "5023989062", "name": "Maami"}, "geometry": {"type": "Point", "coordinates": [-0.1580581, 5.5596823]}}, {"type": "Feature", "properties": {"stop_id": "SA5028866871", "name": "Maamobi"}, "geometry": {"type": "Point", "coordinates": [-0.1954038, 5.5921068]}}, {"type": "Feature", "properties": {"stop_id": "5009934990", "name": "Medie"}, "geometry": {"type": "Point", "coordinates": [-0.32598, 5.7619486]}}, {"type": "Feature", "properties": {"stop_id": "5095971777", "name": "Akoo Store"}, "geometry": {"type": "Point", "coordinates": [-0.2547955, 5.5500489]}}, {"type": "Feature", "properties": {"stop_id": "5047020130", "name": "Special Ice"}, "geometry": {"type": "Point", "coordinates": [-0.1977866, 5.6122814]}}, {"type": "Feature", "properties": {"stop_id": "SA5047108309", "name": "Bawaleshie Acheampong"}, "geometry": {"type": "Point", "coordinates": [-0.159918, 5.6429575]}}, {"type": "Feature", "properties": {"stop_id": "5047020131", "name": "Dzorwolu"}, "geometry": {"type": "Point", "coordinates": [-0.1958779, 5.6164702]}}, {"type": "Feature", "properties": {"stop_id": "SA4998045794", "name": "Alhaji Junction"}, "geometry": {"type": "Point", "coordinates": [-0.2476115, 5.531201]}}, {"type": "Feature", "properties": {"stop_id": "5010303814", "name": "Spot M"}, "geometry": {"type": "Point", "coordinates": [-0.2586018, 5.6529441]}}, {"type": "Feature", "properties": {"stop_id": "5115688028", "name": "New Town"}, "geometry": {"type": "Point", "coordinates": [-0.2084479, 5.5826943]}}, {"type": "Feature", "properties": {"stop_id": "5115688029", "name": "Masalaachi Nima"}, "geometry": {"type": "Point", "coordinates": [-0.2063247, 5.5809249]}}, {"type": "Feature", "properties": {"stop_id": "5010303811", "name": "Tantra Hills Estate"}, "geometry": {"type": "Point", "coordinates": [-0.2506448, 5.6361666]}}, {"type": "Feature", "properties": {"stop_id": "SA5123186408", "name": "Camara Last Stop"}, "geometry": {"type": "Point", "coordinates": [-0.2558942, 5.5365881]}}, {"type": "Feature", "properties": {"stop_id": "5010303813", "name": "Tantra Hills"}, "geometry": {"type": "Point", "coordinates": [-0.2470818, 5.6447897]}}, {"type": "Feature", "properties": {"stop_id": "5010303812", "name": "Tantra Reservoir"}, "geometry": {"type": "Point", "coordinates": [-0.2506472, 5.6416549]}}, {"type": "Feature", "properties": {"stop_id": "5045353363", "name": "Printing Press"}, "geometry": {"type": "Point", "coordinates": [-0.2438594, 5.5505008]}}, {"type": "Feature", "properties": {"stop_id": "5084413305", "name": "Chabaar"}, "geometry": {"type": "Point", "coordinates": [-0.2769539, 5.57471]}}, {"type": "Feature", "properties": {"stop_id": "4990644979", "name": "Bedford"}, "geometry": {"type": "Point", "coordinates": [-0.098671, 5.6340886]}}, {"type": "Feature", "properties": {"stop_id": "SA5097648857", "name": "Community 7"}, "geometry": {"type": "Point", "coordinates": [-0.0162609, 5.6625038]}}, {"type": "Feature", "properties": {"stop_id": "5022991849", "name": "Kwashieman Junction"}, "geometry": {"type": "Point", "coordinates": [-0.2684594, 5.5925846]}}, {"type": "Feature", "properties": {"stop_id": "5038307545", "name": "Koforidua House"}, "geometry": {"type": "Point", "coordinates": [-0.224883, 5.6444862]}}, {"type": "Feature", "properties": {"stop_id": "SA5026151274", "name": "Mother's Inn"}, "geometry": {"type": "Point", "coordinates": [-0.2312885, 5.5733506]}}, {"type": "Feature", "properties": {"stop_id": "4983237008", "name": "Lapaz Station"}, "geometry": {"type": "Point", "coordinates": [-0.249778, 5.6080792]}}, {"type": "Feature", "properties": {"stop_id": "5038307544", "name": "Cemetary"}, "geometry": {"type": "Point", "coordinates": [-0.2199432, 5.6400816]}}, {"type": "Feature", "properties": {"stop_id": "5038307547", "name": "Transformer"}, "geometry": {"type": "Point", "coordinates": [-0.2284572, 5.6474561]}}, {"type": "Feature", "properties": {"stop_id": "5120539774", "name": "Market"}, "geometry": {"type": "Point", "coordinates": [-0.2119835, 5.5607112]}}, {"type": "Feature", "properties": {"stop_id": "5112822914", "name": "Commandos"}, "geometry": {"type": "Point", "coordinates": [-0.2052915, 5.5802631]}}, {"type": "Feature", "properties": {"stop_id": "SA5095915260", "name": "Transformer Sowutuom"}, "geometry": {"type": "Point", "coordinates": [-0.2780232, 5.6220017]}}, {"type": "Feature", "properties": {"stop_id": "3109291911", "name": "Circle"}, "geometry": {"type": "Point", "coordinates": [-0.2132665, 5.569608]}}, {"type": "Feature", "properties": {"stop_id": "SA2815791263", "name": "Nyamekye"}, "geometry": {"type": "Point", "coordinates": [-0.256375, 5.6028962]}}, {"type": "Feature", "properties": {"stop_id": "SA5022509198", "name": "Arena"}, "geometry": {"type": "Point", "coordinates": [-0.2153515, 5.5455298]}}, {"type": "Feature", "properties": {"stop_id": "SA4997071029", "name": "GSL"}, "geometry": {"type": "Point", "coordinates": [-0.1992563, 5.6168459]}}, {"type": "Feature", "properties": {"stop_id": "SA5024610760", "name": "Walaako"}, "geometry": {"type": "Point", "coordinates": [-0.2621599, 5.6250494]}}, {"type": "Feature", "properties": {"stop_id": "5035642562", "name": "Dome /Ashongman Estates"}, "geometry": {"type": "Point", "coordinates": [-0.235837, 5.7022252]}}, {"type": "Feature", "properties": {"stop_id": "SA4997071022", "name": "Madina Masalachi"}, "geometry": {"type": "Point", "coordinates": [-0.1726782, 5.6791469]}}, {"type": "Feature", "properties": {"stop_id": "5035642560", "name": "K Fori"}, "geometry": {"type": "Point", "coordinates": [-0.2334387, 5.6907308]}}, {"type": "Feature", "properties": {"stop_id": "5035642561", "name": "Lotto kiosk"}, "geometry": {"type": "Point", "coordinates": [-0.2338226, 5.6921427]}}, {"type": "Feature", "properties": {"stop_id": "SA4997071027", "name": "UPS"}, "geometry": {"type": "Point", "coordinates": [-0.1782402, 5.6607021]}}, {"type": "Feature", "properties": {"stop_id": "SA4997071026", "name": "Atomic First"}, "geometry": {"type": "Point", "coordinates": [-0.1770577, 5.6662381]}}, {"type": "Feature", "properties": {"stop_id": "SA5022509197", "name": "Agbobloshie 2"}, "geometry": {"type": "Point", "coordinates": [-0.2183046, 5.5484154]}}, {"type": "Feature", "properties": {"stop_id": "SA4997071024", "name": "Fire Stone"}, "geometry": {"type": "Point", "coordinates": [-0.1751118, 5.6712951]}}, {"type": "Feature", "properties": {"stop_id": "5021041016", "name": "Asofan School Juntion"}, "geometry": {"type": "Point", "coordinates": [-0.2848442, 5.6543416]}}, {"type": "Feature", "properties": {"stop_id": "5025315221", "name": "UTC"}, "geometry": {"type": "Point", "coordinates": [-0.2179684, 5.5379275]}}, {"type": "Feature", "properties": {"stop_id": "5027264671", "name": "Girl School"}, "geometry": {"type": "Point", "coordinates": [-0.2425715, 5.5318558]}}, {"type": "Feature", "properties": {"stop_id": "5025972754", "name": "Ama"}, "geometry": {"type": "Point", "coordinates": [-0.2038321, 5.54482]}}, {"type": "Feature", "properties": {"stop_id": "5025972755", "name": "Accra Rawlings Park"}, "geometry": {"type": "Point", "coordinates": [-0.206812, 5.5458007]}}, {"type": "Feature", "properties": {"stop_id": "SA4995193050", "name": "Kaneshie Last Stop"}, "geometry": {"type": "Point", "coordinates": [-0.2340054, 5.566246]}}, {"type": "Feature", "properties": {"stop_id": "SA5036784367", "name": "Nima Junction"}, "geometry": {"type": "Point", "coordinates": [-0.2085833, 5.5822317]}}, {"type": "Feature", "properties": {"stop_id": "5025972752", "name": "Presby"}, "geometry": {"type": "Point", "coordinates": [-0.1840365, 5.5592716]}}, {"type": "Feature", "properties": {"stop_id": "5025972753", "name": "Ministries"}, "geometry": {"type": "Point", "coordinates": [-0.1951609, 5.5512771]}}, {"type": "Feature", "properties": {"stop_id": "SA4981090379", "name": "Pure Fire"}, "geometry": {"type": "Point", "coordinates": [-0.2118914, 5.6378831]}}, {"type": "Feature", "properties": {"stop_id": "3462084088", "name": "High Tension"}, "geometry": {"type": "Point", "coordinates": [-0.1700242, 5.6434962]}}, {"type": "Feature", "properties": {"stop_id": "SA4981090372", "name": "Legon Traffic Light"}, "geometry": {"type": "Point", "coordinates": [-0.1792475, 5.6405525]}}, {"type": "Feature", "properties": {"stop_id": "SA4981090370", "name": "Kisseman Junction"}, "geometry": {"type": "Point", "coordinates": [-0.2132336, 5.637254]}}, {"type": "Feature", "properties": {"stop_id": "SA4981090377", "name": "Airways Junction"}, "geometry": {"type": "Point", "coordinates": [-0.2108582, 5.6381796]}}, {"type": "Feature", "properties": {"stop_id": "SA4981090376", "name": "Legon Primary School"}, "geometry": {"type": "Point", "coordinates": [-0.1899442, 5.642692]}}, {"type": "Feature", "properties": {"stop_id": "SA4981090375", "name": "PWD"}, "geometry": {"type": "Point", "coordinates": [-0.2188871, 5.6240003]}}, {"type": "Feature", "properties": {"stop_id": "SA5043308478", "name": "First Gate"}, "geometry": {"type": "Point", "coordinates": [-0.2147169, 5.5542539]}}, {"type": "Feature", "properties": {"stop_id": "SA5083251760", "name": "Kaneshie Roundabout"}, "geometry": {"type": "Point", "coordinates": [-0.2298287, 5.57111]}}, {"type": "Feature", "properties": {"stop_id": "SA4997071023", "name": "Madina Zongo Junction"}, "geometry": {"type": "Point", "coordinates": [-0.1737787, 5.6753566]}}, {"type": "Feature", "properties": {"stop_id": "SA5051364306", "name": "Maingate"}, "geometry": {"type": "Point", "coordinates": [-0.2146793, 5.5530563]}}, {"type": "Feature", "properties": {"stop_id": "5024785672", "name": "Pokuase-Amasaman Station"}, "geometry": {"type": "Point", "coordinates": [-0.2471755, 5.609563]}}, {"type": "Feature", "properties": {"stop_id": "5024785673", "name": "Total"}, "geometry": {"type": "Point", "coordinates": [-0.2266461, 5.6090094]}}, {"type": "Feature", "properties": {"stop_id": "5102983309", "name": "Radio Gold"}, "geometry": {"type": "Point", "coordinates": [-0.2403724, 5.5480009]}}, {"type": "Feature", "properties": {"stop_id": "5102983308", "name": "Korle Bu Junction"}, "geometry": {"type": "Point", "coordinates": [-0.2400087, 5.5437091]}}, {"type": "Feature", "properties": {"stop_id": "5024785674", "name": "Tesano Police Station"}, "geometry": {"type": "Point", "coordinates": [-0.225585, 5.6031436]}}, {"type": "Feature", "properties": {"stop_id": "5024785675", "name": "Caprice Juntion"}, "geometry": {"type": "Point", "coordinates": [-0.2158519, 5.5813779]}}, {"type": "Feature", "properties": {"stop_id": "5102983307", "name": "Mantse Agbonaa"}, "geometry": {"type": "Point", "coordinates": [-0.2106696, 5.5363942]}}, {"type": "Feature", "properties": {"stop_id": "5022007556", "name": "Parakuo"}, "geometry": {"type": "Point", "coordinates": [-0.2218758, 5.6417743]}}, {"type": "Feature", "properties": {"stop_id": "SA5035775005", "name": "Old Tema Station"}, "geometry": {"type": "Point", "coordinates": [-0.1996262, 5.5499452]}}, {"type": "Feature", "properties": {"stop_id": "5084325649", "name": "Manhean"}, "geometry": {"type": "Point", "coordinates": [-0.345837, 5.6422583]}}, {"type": "Feature", "properties": {"stop_id": "SA5030857588", "name": "Darkuman Junction"}, "geometry": {"type": "Point", "coordinates": [-0.2545564, 5.5775541]}}, {"type": "Feature", "properties": {"stop_id": "4992880435", "name": "Tema Community One Market"}, "geometry": {"type": "Point", "coordinates": [0.0012603, 5.645189]}}, {"type": "Feature", "properties": {"stop_id": "5114037514", "name": "Odogorno"}, "geometry": {"type": "Point", "coordinates": [-0.2837014, 5.5898741]}}, {"type": "Feature", "properties": {"stop_id": "5000176420", "name": "Dansoman Roundabout"}, "geometry": {"type": "Point", "coordinates": [-0.2646243, 5.5567255]}}, {"type": "Feature", "properties": {"stop_id": "5011961069", "name": "School Junction"}, "geometry": {"type": "Point", "coordinates": [-0.250239, 5.6258614]}}, {"type": "Feature", "properties": {"stop_id": "SA5025015474", "name": "Laskia"}, "geometry": {"type": "Point", "coordinates": [-0.2355699, 5.5563944]}}, {"type": "Feature", "properties": {"stop_id": "5064991459", "name": "Banku Junction"}, "geometry": {"type": "Point", "coordinates": [-0.1697202, 5.6412506]}}, {"type": "Feature", "properties": {"stop_id": "SA5051914054", "name": "Kaneshie Market junction"}, "geometry": {"type": "Point", "coordinates": [-0.2349084, 5.5682894]}}, {"type": "Feature", "properties": {"stop_id": "SA5051914055", "name": "Accra Wesley Girls School Junction"}, "geometry": {"type": "Point", "coordinates": [-0.2303866, 5.5671144]}}, {"type": "Feature", "properties": {"stop_id": "5021004848", "name": "Soldier Line"}, "geometry": {"type": "Point", "coordinates": [-0.2795708, 5.6574519]}}, {"type": "Feature", "properties": {"stop_id": "5021004849", "name": "2nd Power"}, "geometry": {"type": "Point", "coordinates": [-0.2780861, 5.6578639]}}, {"type": "Feature", "properties": {"stop_id": "5021004846", "name": "Presby"}, "geometry": {"type": "Point", "coordinates": [-0.2836293, 5.6549402]}}, {"type": "Feature", "properties": {"stop_id": "5021004847", "name": "Abodwe Se"}, "geometry": {"type": "Point", "coordinates": [-0.2817263, 5.6565743]}}, {"type": "Feature", "properties": {"stop_id": "5021004844", "name": "Asofan Old Station"}, "geometry": {"type": "Point", "coordinates": [-0.2861017, 5.6539895]}}, {"type": "Feature", "properties": {"stop_id": "5021004845", "name": "Asofan School Juntion"}, "geometry": {"type": "Point", "coordinates": [-0.2848819, 5.654395]}}, {"type": "Feature", "properties": {"stop_id": "5021004842", "name": "Chairman"}, "geometry": {"type": "Point", "coordinates": [-0.2860262, 5.6492683]}}, {"type": "Feature", "properties": {"stop_id": "5021004843", "name": "Jojo Water"}, "geometry": {"type": "Point", "coordinates": [-0.2850616, 5.6511327]}}, {"type": "Feature", "properties": {"stop_id": "5021004840", "name": "Transformer"}, "geometry": {"type": "Point", "coordinates": [-0.2889648, 5.6470684]}}, {"type": "Feature", "properties": {"stop_id": "5021004841", "name": "Asofan Block Factory"}, "geometry": {"type": "Point", "coordinates": [-0.286852, 5.6473502]}}, {"type": "Feature", "properties": {"stop_id": "4997374752", "name": "Atomic First"}, "geometry": {"type": "Point", "coordinates": [-0.1770169, 5.6684108]}}, {"type": "Feature", "properties": {"stop_id": "5064890130", "name": "Coca-Cola / Police Station"}, "geometry": {"type": "Point", "coordinates": [-0.1055212, 5.6499864]}}, {"type": "Feature", "properties": {"stop_id": "5037792707", "name": "Nima School Junction"}, "geometry": {"type": "Point", "coordinates": [-0.2008325, 5.5762751]}}, {"type": "Feature", "properties": {"stop_id": "5079513345", "name": "Nima Junction"}, "geometry": {"type": "Point", "coordinates": [-0.1948065, 5.581985]}}, {"type": "Feature", "properties": {"stop_id": "5084236789", "name": "Alajo"}, "geometry": {"type": "Point", "coordinates": [-0.2183596, 5.6000976]}}, {"type": "Feature", "properties": {"stop_id": "5079513347", "name": "Kaukudi"}, "geometry": {"type": "Point", "coordinates": [-0.1894888, 5.5940469]}}, {"type": "Feature", "properties": {"stop_id": "5079513346", "name": "Kanda Masalaachi"}, "geometry": {"type": "Point", "coordinates": [-0.1927163, 5.5867284]}}, {"type": "Feature", "properties": {"stop_id": "5079513343", "name": "Accra High School"}, "geometry": {"type": "Point", "coordinates": [-0.2009011, 5.5688527]}}, {"type": "Feature", "properties": {"stop_id": "5010154465", "name": "Vineyard"}, "geometry": {"type": "Point", "coordinates": [-0.2755232, 5.5821908]}}, {"type": "Feature", "properties": {"stop_id": "SA5021004852", "name": "Phobia"}, "geometry": {"type": "Point", "coordinates": [-0.2712095, 5.6589448]}}, {"type": "Feature", "properties": {"stop_id": "SA5021004851", "name": "Market"}, "geometry": {"type": "Point", "coordinates": [-0.2753539, 5.6584074]}}, {"type": "Feature", "properties": {"stop_id": "SA5021004850", "name": "1st Power"}, "geometry": {"type": "Point", "coordinates": [-0.2766765, 5.6581227]}}, {"type": "Feature", "properties": {"stop_id": "SA5021004854", "name": "St John's Second"}, "geometry": {"type": "Point", "coordinates": [-0.2441341, 5.6415091]}}, {"type": "Feature", "properties": {"stop_id": "5054509011", "name": "Fidelity"}, "geometry": {"type": "Point", "coordinates": [-0.2045102, 5.6106146]}}, {"type": "Feature", "properties": {"stop_id": "5054509010", "name": "School Junction"}, "geometry": {"type": "Point", "coordinates": [-0.2110655, 5.5789982]}}, {"type": "Feature", "properties": {"stop_id": "5054509012", "name": "Vulcanizer"}, "geometry": {"type": "Point", "coordinates": [-0.2006901, 5.6117737]}}, {"type": "Feature", "properties": {"stop_id": "SA5014899346", "name": "Agape"}, "geometry": {"type": "Point", "coordinates": [-0.329549, 5.6092164]}}, {"type": "Feature", "properties": {"stop_id": "SA5029234101", "name": "Cantonments"}, "geometry": {"type": "Point", "coordinates": [-0.1707852, 5.577606]}}, {"type": "Feature", "properties": {"stop_id": "SA5029234102", "name": "IGP"}, "geometry": {"type": "Point", "coordinates": [-0.1712403, 5.5788707]}}, {"type": "Feature", "properties": {"stop_id": "5027285561", "name": "Club Corner"}, "geometry": {"type": "Point", "coordinates": [-0.2434774, 5.5582163]}}, {"type": "Feature", "properties": {"stop_id": "SA5029234105", "name": "Five Junction"}, "geometry": {"type": "Point", "coordinates": [-0.18441, 5.5522416]}}, {"type": "Feature", "properties": {"stop_id": "5013078301", "name": "Korle Bu"}, "geometry": {"type": "Point", "coordinates": [-0.2308035, 5.5358482]}}, {"type": "Feature", "properties": {"stop_id": "SA5010154465", "name": "Vineyard"}, "geometry": {"type": "Point", "coordinates": [-0.2755232, 5.5821908]}}, {"type": "Feature", "properties": {"stop_id": "5013078303", "name": "Junction"}, "geometry": {"type": "Point", "coordinates": [-0.2219614, 5.5378557]}}, {"type": "Feature", "properties": {"stop_id": "5013078302", "name": "Korle-Bu Barber"}, "geometry": {"type": "Point", "coordinates": [-0.2233271, 5.5369187]}}, {"type": "Feature", "properties": {"stop_id": "5054759319", "name": "First Junction"}, "geometry": {"type": "Point", "coordinates": [-0.0978067, 5.5885434]}}, {"type": "Feature", "properties": {"stop_id": "5013078304", "name": "Mortuary"}, "geometry": {"type": "Point", "coordinates": [-0.2264995, 5.5430354]}}, {"type": "Feature", "properties": {"stop_id": "5013078307", "name": "Abossey Okai"}, "geometry": {"type": "Point", "coordinates": [-0.2299216, 5.5604845]}}, {"type": "Feature", "properties": {"stop_id": "5013078306", "name": "Total"}, "geometry": {"type": "Point", "coordinates": [-0.2305061, 5.5594651]}}, {"type": "Feature", "properties": {"stop_id": "5054759315", "name": "Laskala"}, "geometry": {"type": "Point", "coordinates": [-0.1093926, 5.5789608]}}, {"type": "Feature", "properties": {"stop_id": "5054759314", "name": "Police Station"}, "geometry": {"type": "Point", "coordinates": [-0.1110698, 5.5765482]}}, {"type": "Feature", "properties": {"stop_id": "5054759317", "name": "Mobil"}, "geometry": {"type": "Point", "coordinates": [-0.1056398, 5.5822629]}}, {"type": "Feature", "properties": {"stop_id": "5054759316", "name": "Addoemi"}, "geometry": {"type": "Point", "coordinates": [-0.1078398, 5.5803233]}}, {"type": "Feature", "properties": {"stop_id": "5054759311", "name": "First Gate"}, "geometry": {"type": "Point", "coordinates": [-0.1237251, 5.5688608]}}, {"type": "Feature", "properties": {"stop_id": "5054759310", "name": "Second Gate"}, "geometry": {"type": "Point", "coordinates": [-0.1282367, 5.5676823]}}, {"type": "Feature", "properties": {"stop_id": "5054759313", "name": "Kofi Annan"}, "geometry": {"type": "Point", "coordinates": [-0.1143787, 5.5728991]}}, {"type": "Feature", "properties": {"stop_id": "5054759312", "name": "Next Door"}, "geometry": {"type": "Point", "coordinates": [-0.1168859, 5.5714011]}}, {"type": "Feature", "properties": {"stop_id": "SA5128896348", "name": "Orgle Street"}, "geometry": {"type": "Point", "coordinates": [-0.236299, 5.585046]}}, {"type": "Feature", "properties": {"stop_id": "5005030175", "name": "College"}, "geometry": {"type": "Point", "coordinates": [-0.2068106, 5.5834895]}}, {"type": "Feature", "properties": {"stop_id": "5028768237", "name": "University Primary Roundabout"}, "geometry": {"type": "Point", "coordinates": [-0.1893731, 5.6435866]}}, {"type": "Feature", "properties": {"stop_id": "5028768236", "name": "Ayido"}, "geometry": {"type": "Point", "coordinates": [-0.1924443, 5.6413477]}}, {"type": "Feature", "properties": {"stop_id": "5028768235", "name": "Legon Barrier"}, "geometry": {"type": "Point", "coordinates": [-0.1974422, 5.6414996]}}, {"type": "Feature", "properties": {"stop_id": "5028768234", "name": "GIMPA"}, "geometry": {"type": "Point", "coordinates": [-0.2051211, 5.6415448]}}, {"type": "Feature", "properties": {"stop_id": "5028768233", "name": "Pure Fire"}, "geometry": {"type": "Point", "coordinates": [-0.2113158, 5.6381219]}}, {"type": "Feature", "properties": {"stop_id": "5028768232", "name": "Polo"}, "geometry": {"type": "Point", "coordinates": [-0.2179836, 5.6319037]}}, {"type": "Feature", "properties": {"stop_id": "5028768231", "name": "Achimota Hospital Curve"}, "geometry": {"type": "Point", "coordinates": [-0.2202489, 5.6292905]}}, {"type": "Feature", "properties": {"stop_id": "5028768230", "name": "Okponglo Roundabout"}, "geometry": {"type": "Point", "coordinates": [-0.1837474, 5.6407701]}}, {"type": "Feature", "properties": {"stop_id": "4974193122", "name": "Opeibea First"}, "geometry": {"type": "Point", "coordinates": [-0.1795113, 5.5980107]}}, {"type": "Feature", "properties": {"stop_id": "SA5115688030", "name": "TV Africa"}, "geometry": {"type": "Point", "coordinates": [-0.2239087, 5.5718001]}}, {"type": "Feature", "properties": {"stop_id": "5102559171", "name": "Downright"}, "geometry": {"type": "Point", "coordinates": [-0.2428541, 5.5398852]}}, {"type": "Feature", "properties": {"stop_id": "5005030172", "name": "37 Station"}, "geometry": {"type": "Point", "coordinates": [-0.2075199, 5.5869902]}}, {"type": "Feature", "properties": {"stop_id": "SA5084236789", "name": "Alajo"}, "geometry": {"type": "Point", "coordinates": [-0.2183596, 5.6000976]}}, {"type": "Feature", "properties": {"stop_id": "5030747570", "name": "Nyaho"}, "geometry": {"type": "Point", "coordinates": [-0.1851741, 5.6148627]}}, {"type": "Feature", "properties": {"stop_id": "5030747571", "name": "School Junction"}, "geometry": {"type": "Point", "coordinates": [-0.1841419, 5.6155257]}}, {"type": "Feature", "properties": {"stop_id": "5030747572", "name": "Second Container"}, "geometry": {"type": "Point", "coordinates": [-0.1828252, 5.6163772]}}, {"type": "Feature", "properties": {"stop_id": "5030747573", "name": "Container First"}, "geometry": {"type": "Point", "coordinates": [-0.1819397, 5.6169509]}}, {"type": "Feature", "properties": {"stop_id": "SA4990070162", "name": "Alajo"}, "geometry": {"type": "Point", "coordinates": [-0.2181552, 5.5879415]}}, {"type": "Feature", "properties": {"stop_id": "SA4990070163", "name": "CAT"}, "geometry": {"type": "Point", "coordinates": [-0.2219576, 5.5951809]}}, {"type": "Feature", "properties": {"stop_id": "SA4990070160", "name": "Circle Asoredanho"}, "geometry": {"type": "Point", "coordinates": [-0.2167254, 5.5756325]}}, {"type": "Feature", "properties": {"stop_id": "5037823182", "name": "Nima Roundabout"}, "geometry": {"type": "Point", "coordinates": [-0.2004774, 5.5778611]}}, {"type": "Feature", "properties": {"stop_id": "SA4990070166", "name": "Total"}, "geometry": {"type": "Point", "coordinates": [-0.2333453, 5.5980282]}}, {"type": "Feature", "properties": {"stop_id": "SA4990070167", "name": "Adom Junction"}, "geometry": {"type": "Point", "coordinates": [-0.2368642, 5.5995687]}}, {"type": "Feature", "properties": {"stop_id": "SA4990070164", "name": "Abeka Junction"}, "geometry": {"type": "Point", "coordinates": [-0.2239655, 5.5989245]}}, {"type": "Feature", "properties": {"stop_id": "SA4990070165", "name": "Abeka Junction Curve"}, "geometry": {"type": "Point", "coordinates": [-0.2245869, 5.5993959]}}, {"type": "Feature", "properties": {"stop_id": "5036738904", "name": "Abelenkpe Curve"}, "geometry": {"type": "Point", "coordinates": [-0.2152195, 5.6073843]}}, {"type": "Feature", "properties": {"stop_id": "SA4990070168", "name": "Free Pipe"}, "geometry": {"type": "Point", "coordinates": [-0.2376645, 5.5998619]}}, {"type": "Feature", "properties": {"stop_id": "SA4990070169", "name": "Abeka Main Market"}, "geometry": {"type": "Point", "coordinates": [-0.2393011, 5.6008086]}}, {"type": "Feature", "properties": {"stop_id": "5104241683", "name": "Okponglo"}, "geometry": {"type": "Point", "coordinates": [-0.1763927, 5.6408993]}}, {"type": "Feature", "properties": {"stop_id": "SA5049594498", "name": "Bubuashie Control (Old Station )"}, "geometry": {"type": "Point", "coordinates": [-0.2394903, 5.5807069]}}, {"type": "Feature", "properties": {"stop_id": "SA30729987", "name": "Airport First"}, "geometry": {"type": "Point", "coordinates": [-0.1773089, 5.6064531]}}, {"type": "Feature", "properties": {"stop_id": "SA5035412448", "name": "Police Station"}, "geometry": {"type": "Point", "coordinates": [-0.2449772, 5.5862798]}}, {"type": "Feature", "properties": {"stop_id": "SA5035412449", "name": "Asoredanho"}, "geometry": {"type": "Point", "coordinates": [-0.2422683, 5.5863055]}}, {"type": "Feature", "properties": {"stop_id": "SA5037296280", "name": "Alajo Market"}, "geometry": {"type": "Point", "coordinates": [-0.2170806, 5.5910678]}}, {"type": "Feature", "properties": {"stop_id": "SA5037296281", "name": "Filling Station"}, "geometry": {"type": "Point", "coordinates": [-0.2167639, 5.5940542]}}, {"type": "Feature", "properties": {"stop_id": "SA5037296284", "name": "Alajo T-Junction"}, "geometry": {"type": "Point", "coordinates": [-0.2170403, 5.5985897]}}, {"type": "Feature", "properties": {"stop_id": "5093166187", "name": "Goil"}, "geometry": {"type": "Point", "coordinates": [-0.2490097, 5.5728553]}}, {"type": "Feature", "properties": {"stop_id": "5045200686", "name": "Good Shepherd (Orgle Street)"}, "geometry": {"type": "Point", "coordinates": [-0.2363917, 5.5837975]}}, {"type": "Feature", "properties": {"stop_id": "5024303419", "name": "Ussher Fort"}, "geometry": {"type": "Point", "coordinates": [-0.208928, 5.5383409]}}, {"type": "Feature", "properties": {"stop_id": "SA5041051501", "name": "Clinic"}, "geometry": {"type": "Point", "coordinates": [-0.2078341, 5.6565812]}}, {"type": "Feature", "properties": {"stop_id": "SA5041051500", "name": "Pharmacy"}, "geometry": {"type": "Point", "coordinates": [-0.2060712, 5.6604455]}}, {"type": "Feature", "properties": {"stop_id": "5027303271", "name": "Mars Junction"}, "geometry": {"type": "Point", "coordinates": [-0.2540148, 5.558998]}}, {"type": "Feature", "properties": {"stop_id": "5027303270", "name": "Ashtown"}, "geometry": {"type": "Point", "coordinates": [-0.2495177, 5.5593251]}}, {"type": "Feature", "properties": {"stop_id": "5043353518", "name": "Accra Academy"}, "geometry": {"type": "Point", "coordinates": [-0.2454645, 5.5711838]}}, {"type": "Feature", "properties": {"stop_id": "SA5022942947", "name": "Station"}, "geometry": {"type": "Point", "coordinates": [-0.2552394, 5.5470054]}}, {"type": "Feature", "properties": {"stop_id": "5045353362", "name": "Transformer"}, "geometry": {"type": "Point", "coordinates": [-0.2438382, 5.5489919]}}, {"type": "Feature", "properties": {"stop_id": "SA5122854026", "name": "Odorkor Police Station"}, "geometry": {"type": "Point", "coordinates": [-0.2564844, 5.5773181]}}, {"type": "Feature", "properties": {"stop_id": "SA5005030180", "name": "Accra New Tema Station"}, "geometry": {"type": "Point", "coordinates": [-0.2011213, 5.5486694]}}, {"type": "Feature", "properties": {"stop_id": "5030249501", "name": "Sunny FM"}, "geometry": {"type": "Point", "coordinates": [-0.2000659, 5.5703307]}}, {"type": "Feature", "properties": {"stop_id": "5039839201", "name": "Times"}, "geometry": {"type": "Point", "coordinates": [-0.22185, 5.5697874]}}, {"type": "Feature", "properties": {"stop_id": "5039839200", "name": "Dannex"}, "geometry": {"type": "Point", "coordinates": [-0.2228277, 5.574225]}}, {"type": "Feature", "properties": {"stop_id": "SA5022942949", "name": "Masalatsi"}, "geometry": {"type": "Point", "coordinates": [-0.2540688, 5.5456878]}}, {"type": "Feature", "properties": {"stop_id": "SA5022942948", "name": "Five Five"}, "geometry": {"type": "Point", "coordinates": [-0.2540345, 5.5469124]}}, {"type": "Feature", "properties": {"stop_id": "5024569733", "name": "Washing Bay"}, "geometry": {"type": "Point", "coordinates": [-0.2529491, 5.6308391]}}, {"type": "Feature", "properties": {"stop_id": "5024569732", "name": "Adusah Quarters"}, "geometry": {"type": "Point", "coordinates": [-0.2726673, 5.7327828]}}, {"type": "Feature", "properties": {"stop_id": "5024569731", "name": "Fase Junction"}, "geometry": {"type": "Point", "coordinates": [-0.2769042, 5.7242446]}}, {"type": "Feature", "properties": {"stop_id": "5024569730", "name": "Osofo Ama"}, "geometry": {"type": "Point", "coordinates": [-0.2782839, 5.7227374]}}, {"type": "Feature", "properties": {"stop_id": "5024569737", "name": "Quarters Junction"}, "geometry": {"type": "Point", "coordinates": [-0.2856148, 5.7021188]}}, {"type": "Feature", "properties": {"stop_id": "5024569736", "name": "Pokuase Old Station"}, "geometry": {"type": "Point", "coordinates": [-0.283791, 5.6915976]}}, {"type": "Feature", "properties": {"stop_id": "5024569735", "name": "Pokuase New Station"}, "geometry": {"type": "Point", "coordinates": [-0.2815614, 5.687738]}}, {"type": "Feature", "properties": {"stop_id": "5024569734", "name": "Pokuase Junction main Road"}, "geometry": {"type": "Point", "coordinates": [-0.280649, 5.6864094]}}, {"type": "Feature", "properties": {"stop_id": "5024569739", "name": "Alosa"}, "geometry": {"type": "Point", "coordinates": [-0.2831561, 5.7160936]}}, {"type": "Feature", "properties": {"stop_id": "5024569738", "name": "Afiaman Pamprom"}, "geometry": {"type": "Point", "coordinates": [-0.2862503, 5.7104202]}}, {"type": "Feature", "properties": {"stop_id": "SA5047423643", "name": "Last stop"}, "geometry": {"type": "Point", "coordinates": [-0.2651188, 5.5282421]}}, {"type": "Feature", "properties": {"stop_id": "SA5010252540", "name": "Tantra Resevoir"}, "geometry": {"type": "Point", "coordinates": [-0.2506602, 5.6415811]}}, {"type": "Feature", "properties": {"stop_id": "4981090374", "name": "Okponglo"}, "geometry": {"type": "Point", "coordinates": [-0.1780713, 5.6413304]}}, {"type": "Feature", "properties": {"stop_id": "5095971778", "name": "Loso"}, "geometry": {"type": "Point", "coordinates": [-0.2546007, 5.5510243]}}, {"type": "Feature", "properties": {"stop_id": "SA5083477303", "name": "Accra Royal"}, "geometry": {"type": "Point", "coordinates": [-0.2147935, 5.5354945]}}, {"type": "Feature", "properties": {"stop_id": "SA5083477302", "name": "Roundabout"}, "geometry": {"type": "Point", "coordinates": [-0.2134198, 5.5359502]}}, {"type": "Feature", "properties": {"stop_id": "SA5083477304", "name": "Korle beach resort junction"}, "geometry": {"type": "Point", "coordinates": [-0.2276452, 5.529311]}}, {"type": "Feature", "properties": {"stop_id": "4992650307", "name": "Swanlake Last Stop"}, "geometry": {"type": "Point", "coordinates": [-0.2339909, 5.5840598]}}, {"type": "Feature", "properties": {"stop_id": "5102802455", "name": "Mamprobi Shell"}, "geometry": {"type": "Point", "coordinates": [-0.2380437, 5.5336498]}}, {"type": "Feature", "properties": {"stop_id": "3210498662", "name": "Villas"}, "geometry": {"type": "Point", "coordinates": [-0.155464, 5.5791002]}}, {"type": "Feature", "properties": {"stop_id": "SA5109596752", "name": "Christian Centre"}, "geometry": {"type": "Point", "coordinates": [-0.1502392, 5.6384138]}}, {"type": "Feature", "properties": {"stop_id": "5005192350", "name": "Railways"}, "geometry": {"type": "Point", "coordinates": [-0.2110048, 5.5522741]}}, {"type": "Feature", "properties": {"stop_id": "5005192351", "name": "Kingsway"}, "geometry": {"type": "Point", "coordinates": [-0.2112315, 5.553366]}}, {"type": "Feature", "properties": {"stop_id": "5005192352", "name": "Dance Bar"}, "geometry": {"type": "Point", "coordinates": [-0.2147043, 5.566038]}}, {"type": "Feature", "properties": {"stop_id": "SA5047423646", "name": "Glefe Station Last Stop"}, "geometry": {"type": "Point", "coordinates": [-0.2736929, 5.5221444]}}, {"type": "Feature", "properties": {"stop_id": "SA4990644968", "name": "Traffic"}, "geometry": {"type": "Point", "coordinates": [-0.0710647, 5.6217004]}}, {"type": "Feature", "properties": {"stop_id": "SA5109596751", "name": "A&C Mall"}, "geometry": {"type": "Point", "coordinates": [-0.1516424, 5.64208]}}, {"type": "Feature", "properties": {"stop_id": "4992650308", "name": "Swanlake"}, "geometry": {"type": "Point", "coordinates": [-0.2317099, 5.5853024]}}, {"type": "Feature", "properties": {"stop_id": "4992650309", "name": "Green Hand"}, "geometry": {"type": "Point", "coordinates": [-0.2303616, 5.5819731]}}, {"type": "Feature", "properties": {"stop_id": "5064359916", "name": "Big Boss"}, "geometry": {"type": "Point", "coordinates": [-0.2323619, 5.5708751]}}, {"type": "Feature", "properties": {"stop_id": "5064359917", "name": "Welfare"}, "geometry": {"type": "Point", "coordinates": [-0.2341115, 5.5690745]}}, {"type": "Feature", "properties": {"stop_id": "5064359914", "name": "Mantse 2nd gate"}, "geometry": {"type": "Point", "coordinates": [-0.2283981, 5.5762902]}}, {"type": "Feature", "properties": {"stop_id": "5064359915", "name": "Mantse 1st gate"}, "geometry": {"type": "Point", "coordinates": [-0.2291134, 5.5756283]}}, {"type": "Feature", "properties": {"stop_id": "5064359912", "name": "Drug Store"}, "geometry": {"type": "Point", "coordinates": [-0.232533, 5.5907127]}}, {"type": "Feature", "properties": {"stop_id": "5064359913", "name": "Picadilly"}, "geometry": {"type": "Point", "coordinates": [-0.2276574, 5.578111]}}, {"type": "Feature", "properties": {"stop_id": "5064359910", "name": "Blue Kiosk"}, "geometry": {"type": "Point", "coordinates": [-0.2332927, 5.5933758]}}, {"type": "Feature", "properties": {"stop_id": "5064359911", "name": "First Junction"}, "geometry": {"type": "Point", "coordinates": [-0.2333366, 5.5922367]}}, {"type": "Feature", "properties": {"stop_id": "SA5064974042", "name": "Block Factory"}, "geometry": {"type": "Point", "coordinates": [-0.1392511, 5.645716]}}, {"type": "Feature", "properties": {"stop_id": "5043051320", "name": "Rescue point"}, "geometry": {"type": "Point", "coordinates": [-0.2755888, 5.6137034]}}, {"type": "Feature", "properties": {"stop_id": "SA5120608512", "name": "Frytol"}, "geometry": {"type": "Point", "coordinates": [-0.1968678, 5.5871629]}}, {"type": "Feature", "properties": {"stop_id": "SA5023989061", "name": "Nmotsaanaa"}, "geometry": {"type": "Point", "coordinates": [-0.1563093, 5.5597758]}}, {"type": "Feature", "properties": {"stop_id": "5026407991", "name": "New Fadama (Market)"}, "geometry": {"type": "Point", "coordinates": [-0.2454041, 5.59614]}}, {"type": "Feature", "properties": {"stop_id": "5045403682", "name": "Soko Junction"}, "geometry": {"type": "Point", "coordinates": [-0.2489777, 5.5451995]}}, {"type": "Feature", "properties": {"stop_id": "5113810459", "name": "MTN"}, "geometry": {"type": "Point", "coordinates": [-0.2356114, 5.6102693]}}, {"type": "Feature", "properties": {"stop_id": "SA5045353349", "name": "Appiah Danquah/Soko"}, "geometry": {"type": "Point", "coordinates": [-0.252404, 5.5452374]}}, {"type": "Feature", "properties": {"stop_id": "5023989072", "name": "First Stop"}, "geometry": {"type": "Point", "coordinates": [-0.18893, 5.5496452]}}, {"type": "Feature", "properties": {"stop_id": "SA5027303263", "name": "Dansoman Trotro Station"}, "geometry": {"type": "Point", "coordinates": [-0.2378979, 5.5635742]}}, {"type": "Feature", "properties": {"stop_id": "SA4980974746", "name": "Market Junction"}, "geometry": {"type": "Point", "coordinates": [-0.237237, 5.5321588]}}, {"type": "Feature", "properties": {"stop_id": "SA5022354478", "name": "Kaneshie First Bridge"}, "geometry": {"type": "Point", "coordinates": [-0.2373694, 5.566022]}}, {"type": "Feature", "properties": {"stop_id": "5045437546", "name": "Demod"}, "geometry": {"type": "Point", "coordinates": [-0.2418289, 5.5889591]}}, {"type": "Feature", "properties": {"stop_id": "SA4980974747", "name": "Market"}, "geometry": {"type": "Point", "coordinates": [-0.2352626, 5.5318853]}}, {"type": "Feature", "properties": {"stop_id": "5005343801", "name": "Madina"}, "geometry": {"type": "Point", "coordinates": [-0.1716389, 5.6766804]}}, {"type": "Feature", "properties": {"stop_id": "SA5022354477", "name": "Kaneshie Second Bridge"}, "geometry": {"type": "Point", "coordinates": [-0.2354851, 5.5648934]}}, {"type": "Feature", "properties": {"stop_id": "SA5022354474", "name": "State Transport"}, "geometry": {"type": "Point", "coordinates": [-0.2255063, 5.565179]}}, {"type": "Feature", "properties": {"stop_id": "SA5022354475", "name": "Roundabout"}, "geometry": {"type": "Point", "coordinates": [-0.228817, 5.5619982]}}, {"type": "Feature", "properties": {"stop_id": "4980974739", "name": "Radio Gold"}, "geometry": {"type": "Point", "coordinates": [-0.2401327, 5.5480701]}}, {"type": "Feature", "properties": {"stop_id": "5024610759", "name": "Alhaji Curve"}, "geometry": {"type": "Point", "coordinates": [-0.2617647, 5.6264422]}}, {"type": "Feature", "properties": {"stop_id": "5008691252", "name": "Kasoa"}, "geometry": {"type": "Point", "coordinates": [-0.4237953, 5.5347882]}}, {"type": "Feature", "properties": {"stop_id": "5008691253", "name": "Abeka Lapaz"}, "geometry": {"type": "Point", "coordinates": [-0.2465044, 5.6079845]}}, {"type": "Feature", "properties": {"stop_id": "5008691254", "name": "Pink FM"}, "geometry": {"type": "Point", "coordinates": [-0.4163409, 5.5356813]}}, {"type": "Feature", "properties": {"stop_id": "5008691255", "name": "Iron City"}, "geometry": {"type": "Point", "coordinates": [-0.4109579, 5.5357802]}}, {"type": "Feature", "properties": {"stop_id": "5008691256", "name": "Washing Bay"}, "geometry": {"type": "Point", "coordinates": [-0.4062946, 5.5368843]}}, {"type": "Feature", "properties": {"stop_id": "5008691257", "name": "Galelia"}, "geometry": {"type": "Point", "coordinates": [-0.3988882, 5.5390738]}}, {"type": "Feature", "properties": {"stop_id": "5008691258", "name": "Broadcasting"}, "geometry": {"type": "Point", "coordinates": [-0.3589589, 5.5522963]}}, {"type": "Feature", "properties": {"stop_id": "4980974730", "name": "Korle Bu Junction"}, "geometry": {"type": "Point", "coordinates": [-0.2399263, 5.5436043]}}, {"type": "Feature", "properties": {"stop_id": "4980974733", "name": "Dansoman Junction"}, "geometry": {"type": "Point", "coordinates": [-0.2376365, 5.5632117]}}, {"type": "Feature", "properties": {"stop_id": "4980974735", "name": "Zongo Junction"}, "geometry": {"type": "Point", "coordinates": [-0.2397888, 5.5577934]}}, {"type": "Feature", "properties": {"stop_id": "4980974734", "name": "Asoredan ho"}, "geometry": {"type": "Point", "coordinates": [-0.2387208, 5.561402]}}, {"type": "Feature", "properties": {"stop_id": "4980974737", "name": "Pipeier Naa"}, "geometry": {"type": "Point", "coordinates": [-0.2401289, 5.5535038]}}, {"type": "Feature", "properties": {"stop_id": "4980974736", "name": "Kasoa Station"}, "geometry": {"type": "Point", "coordinates": [-0.2401432, 5.5562747]}}, {"type": "Feature", "properties": {"stop_id": "4980974761", "name": "Zongo Junction"}, "geometry": {"type": "Point", "coordinates": [-0.2399215, 5.5575568]}}, {"type": "Feature", "properties": {"stop_id": "SA5064974044", "name": "Adjiringanor Curve"}, "geometry": {"type": "Point", "coordinates": [-0.1487278, 5.6456544]}}, {"type": "Feature", "properties": {"stop_id": "5031303659", "name": "Light House"}, "geometry": {"type": "Point", "coordinates": [-0.2287267, 5.5864409]}}, {"type": "Feature", "properties": {"stop_id": "5013209303", "name": "Gbawe Kwatey Road"}, "geometry": {"type": "Point", "coordinates": [-0.2942497, 5.5767319]}}, {"type": "Feature", "properties": {"stop_id": "5013209302", "name": "Mallam Road"}, "geometry": {"type": "Point", "coordinates": [-0.30845, 5.5772391]}}, {"type": "Feature", "properties": {"stop_id": "SA5026151286", "name": "Ziggy"}, "geometry": {"type": "Point", "coordinates": [-0.2416064, 5.5906803]}}, {"type": "Feature", "properties": {"stop_id": "SA5026151287", "name": "Point 4"}, "geometry": {"type": "Point", "coordinates": [-0.242188, 5.5923419]}}, {"type": "Feature", "properties": {"stop_id": "5013209307", "name": "Bola Junction"}, "geometry": {"type": "Point", "coordinates": [-0.2870201, 5.5734026]}}, {"type": "Feature", "properties": {"stop_id": "5013209306", "name": "Mallam Gbawe"}, "geometry": {"type": "Point", "coordinates": [-0.3095373, 5.5767395]}}, {"type": "Feature", "properties": {"stop_id": "5013209308", "name": "Total"}, "geometry": {"type": "Point", "coordinates": [-0.2834062, 5.5735321]}}, {"type": "Feature", "properties": {"stop_id": "SA5026151288", "name": "North Last Stop"}, "geometry": {"type": "Point", "coordinates": [-0.2425362, 5.5948638]}}, {"type": "Feature", "properties": {"stop_id": "5021041013", "name": "Market"}, "geometry": {"type": "Point", "coordinates": [-0.2755655, 5.6583093]}}, {"type": "Feature", "properties": {"stop_id": "4994957020", "name": "Abrantie"}, "geometry": {"type": "Point", "coordinates": [-0.2286456, 5.5987672]}}, {"type": "Feature", "properties": {"stop_id": "SA5047542829", "name": "Aayalolo"}, "geometry": {"type": "Point", "coordinates": [-0.2474976, 5.5321722]}}, {"type": "Feature", "properties": {"stop_id": "SA5054694238", "name": "Mobil"}, "geometry": {"type": "Point", "coordinates": [-0.1040033, 5.583572]}}, {"type": "Feature", "properties": {"stop_id": "SA5119104079", "name": "Alajo Station"}, "geometry": {"type": "Point", "coordinates": [-0.2168405, 5.595073]}}, {"type": "Feature", "properties": {"stop_id": "SA5082619900", "name": "Seconds"}, "geometry": {"type": "Point", "coordinates": [-0.2232387, 5.552669]}}, {"type": "Feature", "properties": {"stop_id": "5119104079", "name": "Alajo Station"}, "geometry": {"type": "Point", "coordinates": [-0.2168405, 5.595073]}}, {"type": "Feature", "properties": {"stop_id": "5008726849", "name": "Nyamekye"}, "geometry": {"type": "Point", "coordinates": [-0.2588385, 5.6023374]}}, {"type": "Feature", "properties": {"stop_id": "4198267793", "name": "Danquah Second"}, "geometry": {"type": "Point", "coordinates": [-0.1817192, 5.5675097]}}, {"type": "Feature", "properties": {"stop_id": "5034486675", "name": "Ashaiman Last Stop"}, "geometry": {"type": "Point", "coordinates": [-0.0317506, 5.6869195]}}, {"type": "Feature", "properties": {"stop_id": "5093166188", "name": "Kwashieman School Junction"}, "geometry": {"type": "Point", "coordinates": [-0.2673652, 5.5898393]}}, {"type": "Feature", "properties": {"stop_id": "5009983529", "name": "Toman"}, "geometry": {"type": "Point", "coordinates": [-0.3047502, 5.7114499]}}, {"type": "Feature", "properties": {"stop_id": "5009983528", "name": "Festus"}, "geometry": {"type": "Point", "coordinates": [-0.287525, 5.6917871]}}, {"type": "Feature", "properties": {"stop_id": "SA5025827615", "name": "After Dat"}, "geometry": {"type": "Point", "coordinates": [-0.2149149, 5.557122]}}, {"type": "Feature", "properties": {"stop_id": "5023708438", "name": "Mtn office / Kaneshie Roundabout"}, "geometry": {"type": "Point", "coordinates": [-0.2274073, 5.5602898]}}, {"type": "Feature", "properties": {"stop_id": "5093166186", "name": "Estate"}, "geometry": {"type": "Point", "coordinates": [-0.2308875, 5.5525572]}}, {"type": "Feature", "properties": {"stop_id": "5093166185", "name": "Zoti"}, "geometry": {"type": "Point", "coordinates": [-0.2282694, 5.5468906]}}, {"type": "Feature", "properties": {"stop_id": "5040597019", "name": "Wele Junction"}, "geometry": {"type": "Point", "coordinates": [-0.2737977, 5.63431]}}, {"type": "Feature", "properties": {"stop_id": "5009934989", "name": "School Junction"}, "geometry": {"type": "Point", "coordinates": [-0.3549787, 5.741362]}}, {"type": "Feature", "properties": {"stop_id": "5009934988", "name": "Kotokou"}, "geometry": {"type": "Point", "coordinates": [-0.3568133, 5.7401072]}}, {"type": "Feature", "properties": {"stop_id": "SA5026574424", "name": "Cemetry"}, "geometry": {"type": "Point", "coordinates": [-0.2387462, 5.5778617]}}, {"type": "Feature", "properties": {"stop_id": "5009934985", "name": "Shikpontele"}, "geometry": {"type": "Point", "coordinates": [-0.3084731, 5.7182617]}}, {"type": "Feature", "properties": {"stop_id": "5009934984", "name": "Macedonia"}, "geometry": {"type": "Point", "coordinates": [-0.3124036, 5.7299805]}}, {"type": "Feature", "properties": {"stop_id": "5009934987", "name": "Ofankor Barrier"}, "geometry": {"type": "Point", "coordinates": [-0.2647851, 5.6576107]}}, {"type": "Feature", "properties": {"stop_id": "5009934986", "name": "Puma"}, "geometry": {"type": "Point", "coordinates": [-0.3033951, 5.7106194]}}, {"type": "Feature", "properties": {"stop_id": "5023989071", "name": "Second Stop"}, "geometry": {"type": "Point", "coordinates": [-0.1842492, 5.5506085]}}, {"type": "Feature", "properties": {"stop_id": "5023989070", "name": "Anoorhor"}, "geometry": {"type": "Point", "coordinates": [-0.1822167, 5.5507254]}}, {"type": "Feature", "properties": {"stop_id": "5009934983", "name": "Add a name to the stop with JungleBus app"}, "geometry": {"type": "Point", "coordinates": [-0.3130031, 5.732165]}}, {"type": "Feature", "properties": {"stop_id": "5009934982", "name": "Kontunse"}, "geometry": {"type": "Point", "coordinates": [-0.3159991, 5.7416858]}}, {"type": "Feature", "properties": {"stop_id": "5115688031", "name": "Big Boss"}, "geometry": {"type": "Point", "coordinates": [-0.2320669, 5.5711373]}}, {"type": "Feature", "properties": {"stop_id": "5115688030", "name": "TV Africa"}, "geometry": {"type": "Point", "coordinates": [-0.2239087, 5.5718001]}}, {"type": "Feature", "properties": {"stop_id": "SA4980974744", "name": "Mamprobi Station"}, "geometry": {"type": "Point", "coordinates": [-0.2377661, 5.5346741]}}, {"type": "Feature", "properties": {"stop_id": "SA4980974745", "name": "Shell"}, "geometry": {"type": "Point", "coordinates": [-0.2373786, 5.53299]}}, {"type": "Feature", "properties": {"stop_id": "SA4980974742", "name": "Sempe Second"}, "geometry": {"type": "Point", "coordinates": [-0.2387178, 5.5386027]}}, {"type": "Feature", "properties": {"stop_id": "SA4980974743", "name": "Sempe First"}, "geometry": {"type": "Point", "coordinates": [-0.2383399, 5.5370014]}}, {"type": "Feature", "properties": {"stop_id": "SA4980974741", "name": "Salvation Army"}, "geometry": {"type": "Point", "coordinates": [-0.2392821, 5.5409656]}}, {"type": "Feature", "properties": {"stop_id": "5047423635", "name": "Salaga Junction"}, "geometry": {"type": "Point", "coordinates": [-0.2091873, 5.5415778]}}, {"type": "Feature", "properties": {"stop_id": "5087268448", "name": "Mt Olivet"}, "geometry": {"type": "Point", "coordinates": [-0.2676402, 5.5606439]}}, {"type": "Feature", "properties": {"stop_id": "5087268449", "name": "Opoku Ware"}, "geometry": {"type": "Point", "coordinates": [-0.2732572, 5.5642066]}}, {"type": "Feature", "properties": {"stop_id": "SA4980974748", "name": "Shalom"}, "geometry": {"type": "Point", "coordinates": [-0.2322283, 5.5312256]}}, {"type": "Feature", "properties": {"stop_id": "SA4980974749", "name": "Asoredan ho"}, "geometry": {"type": "Point", "coordinates": [-0.232268, 5.531474]}}, {"type": "Feature", "properties": {"stop_id": "SA4998045791", "name": "Kaneshie Takoradi Station"}, "geometry": {"type": "Point", "coordinates": [-0.2370755, 5.5648094]}}, {"type": "Feature", "properties": {"stop_id": "4990251207", "name": "Kwabenya"}, "geometry": {"type": "Point", "coordinates": [-0.2477532, 5.6907311]}}, {"type": "Feature", "properties": {"stop_id": "SA4998045793", "name": "Abodwe"}, "geometry": {"type": "Point", "coordinates": [-0.2422865, 5.53506]}}, {"type": "Feature", "properties": {"stop_id": "5034486676", "name": "Nima Mamobi"}, "geometry": {"type": "Point", "coordinates": [-0.1979199, 5.5802414]}}, {"type": "Feature", "properties": {"stop_id": "SA5047542825", "name": "Adofo Aman"}, "geometry": {"type": "Point", "coordinates": [-0.2699421, 5.5266116]}}, {"type": "Feature", "properties": {"stop_id": "SA5026574422", "name": "Cottage"}, "geometry": {"type": "Point", "coordinates": [-0.238096, 5.5739364]}}, {"type": "Feature", "properties": {"stop_id": "4990251208", "name": "Kwabenya Market"}, "geometry": {"type": "Point", "coordinates": [-0.2467967, 5.6882029]}}, {"type": "Feature", "properties": {"stop_id": "5114373506", "name": "Anyaa School Junction"}, "geometry": {"type": "Point", "coordinates": [-0.2932405, 5.6023961]}}, {"type": "Feature", "properties": {"stop_id": "4997066313", "name": "Fly Top"}, "geometry": {"type": "Point", "coordinates": [-0.2373671, 5.6091079]}}, {"type": "Feature", "properties": {"stop_id": "SA5084325655", "name": "Waakye"}, "geometry": {"type": "Point", "coordinates": [-0.3322688, 5.6386292]}}, {"type": "Feature", "properties": {"stop_id": "5007828431", "name": "Akweteyman"}, "geometry": {"type": "Point", "coordinates": [-0.231767, 5.6110956]}}, {"type": "Feature", "properties": {"stop_id": "5007828433", "name": "Ashaiman Traffic Junction"}, "geometry": {"type": "Point", "coordinates": [-0.0290049, 5.6864849]}}, {"type": "Feature", "properties": {"stop_id": "SA5064991461", "name": "Curve"}, "geometry": {"type": "Point", "coordinates": [-0.1488956, 5.6456813]}}, {"type": "Feature", "properties": {"stop_id": "5007828435", "name": "KICC"}, "geometry": {"type": "Point", "coordinates": [-0.0953075, 5.6541208]}}, {"type": "Feature", "properties": {"stop_id": "5007828434", "name": "18 Junction"}, "geometry": {"type": "Point", "coordinates": [-0.075648, 5.6605594]}}, {"type": "Feature", "properties": {"stop_id": "SA5064991464", "name": "Adjiringanor (Block factory)"}, "geometry": {"type": "Point", "coordinates": [-0.1325391, 5.6484394]}}, {"type": "Feature", "properties": {"stop_id": "SA5064991465", "name": "Curve"}, "geometry": {"type": "Point", "coordinates": [-0.1293791, 5.6513647]}}, {"type": "Feature", "properties": {"stop_id": "SA4990162117", "name": "Total Curve"}, "geometry": {"type": "Point", "coordinates": [-0.2336448, 5.5984513]}}, {"type": "Feature", "properties": {"stop_id": "5051364320", "name": "Ice water junction"}, "geometry": {"type": "Point", "coordinates": [-0.2981119, 5.6314742]}}, {"type": "Feature", "properties": {"stop_id": "4980974741", "name": "Salvation Army"}, "geometry": {"type": "Point", "coordinates": [-0.2392821, 5.5409656]}}, {"type": "Feature", "properties": {"stop_id": "SA4999883666", "name": "Akoko Darko Junction"}, "geometry": {"type": "Point", "coordinates": [-0.2156386, 5.5851589]}}, {"type": "Feature", "properties": {"stop_id": "SA4997374739", "name": "Equip"}, "geometry": {"type": "Point", "coordinates": [-0.2101909, 5.5711239]}}, {"type": "Feature", "properties": {"stop_id": "4990251209", "name": "Oscar Junction"}, "geometry": {"type": "Point", "coordinates": [-0.2452261, 5.6853216]}}, {"type": "Feature", "properties": {"stop_id": "5021041017", "name": "Asofan Block Factory"}, "geometry": {"type": "Point", "coordinates": [-0.2868522, 5.6471244]}}, {"type": "Feature", "properties": {"stop_id": "5035532962", "name": "Brigde"}, "geometry": {"type": "Point", "coordinates": [-0.2311009, 5.6840378]}}, {"type": "Feature", "properties": {"stop_id": "SA4997374738", "name": "Awudome Cemetery"}, "geometry": {"type": "Point", "coordinates": [-0.2234054, 5.5674149]}}, {"type": "Feature", "properties": {"stop_id": "SA5084325654", "name": "Oduman"}, "geometry": {"type": "Point", "coordinates": [-0.3336736, 5.6398963]}}, {"type": "Feature", "properties": {"stop_id": "5010303810", "name": "Roman"}, "geometry": {"type": "Point", "coordinates": [-0.2508666, 5.6344603]}}, {"type": "Feature", "properties": {"stop_id": "5024136430", "name": "Vet"}, "geometry": {"type": "Point", "coordinates": [-0.1677564, 5.5562514]}}, {"type": "Feature", "properties": {"stop_id": "5024136431", "name": "Polyclinic"}, "geometry": {"type": "Point", "coordinates": [-0.1646846, 5.5574193]}}, {"type": "Feature", "properties": {"stop_id": "5024136432", "name": "Sergeant Adjettey"}, "geometry": {"type": "Point", "coordinates": [-0.1611295, 5.5585986]}}, {"type": "Feature", "properties": {"stop_id": "5024136433", "name": "Maami"}, "geometry": {"type": "Point", "coordinates": [-0.1578756, 5.5597729]}}, {"type": "Feature", "properties": {"stop_id": "5024136434", "name": "Nmotsaanaa"}, "geometry": {"type": "Point", "coordinates": [-0.1557013, 5.560017]}}, {"type": "Feature", "properties": {"stop_id": "5024136435", "name": "Police Station La"}, "geometry": {"type": "Point", "coordinates": [-0.1531923, 5.5614366]}}, {"type": "Feature", "properties": {"stop_id": "5024136436", "name": "Agus"}, "geometry": {"type": "Point", "coordinates": [-0.1527762, 5.5633526]}}, {"type": "Feature", "properties": {"stop_id": "SA5084413303", "name": "Glory Land"}, "geometry": {"type": "Point", "coordinates": [-0.2580518, 5.5782711]}}, {"type": "Feature", "properties": {"stop_id": "5052364797", "name": "Tema"}, "geometry": {"type": "Point", "coordinates": [0.0023453, 5.644505]}}, {"type": "Feature", "properties": {"stop_id": "5022383974", "name": "Achimota Old Station"}, "geometry": {"type": "Point", "coordinates": [-0.2293951, 5.6163912]}}, {"type": "Feature", "properties": {"stop_id": "5022383976", "name": "Fly top"}, "geometry": {"type": "Point", "coordinates": [-0.2380801, 5.6090333]}}, {"type": "Feature", "properties": {"stop_id": "5022383973", "name": "Lapaz Market"}, "geometry": {"type": "Point", "coordinates": [-0.2409133, 5.6085036]}}, {"type": "Feature", "properties": {"stop_id": "5012402222", "name": "Nungua Barrier"}, "geometry": {"type": "Point", "coordinates": [-0.0738378, 5.6139326]}}, {"type": "Feature", "properties": {"stop_id": "4980974747", "name": "Market"}, "geometry": {"type": "Point", "coordinates": [-0.2352626, 5.5318853]}}, {"type": "Feature", "properties": {"stop_id": "4997066319", "name": "SDA"}, "geometry": {"type": "Point", "coordinates": [-0.1715723, 5.6966811]}}, {"type": "Feature", "properties": {"stop_id": "4997066318", "name": "Goil Filling Station"}, "geometry": {"type": "Point", "coordinates": [-0.1716013, 5.7000568]}}, {"type": "Feature", "properties": {"stop_id": "5097648856", "name": "Community 8"}, "geometry": {"type": "Point", "coordinates": [-0.0184411, 5.6679372]}}, {"type": "Feature", "properties": {"stop_id": "5043483177", "name": "Bambolino"}, "geometry": {"type": "Point", "coordinates": [-0.2425401, 5.6082647]}}, {"type": "Feature", "properties": {"stop_id": "5122854026", "name": "Odorkor Police Station"}, "geometry": {"type": "Point", "coordinates": [-0.2564844, 5.5773181]}}, {"type": "Feature", "properties": {"stop_id": "5047154056", "name": "Mensvic"}, "geometry": {"type": "Point", "coordinates": [-0.171599, 5.6369357]}}, {"type": "Feature", "properties": {"stop_id": "5084413301", "name": "Awoshie Amangoase"}, "geometry": {"type": "Point", "coordinates": [-0.2781256, 5.5861833]}}, {"type": "Feature", "properties": {"stop_id": "5084413306", "name": "Awoshie Vineyard"}, "geometry": {"type": "Point", "coordinates": [-0.2751275, 5.5845542]}}, {"type": "Feature", "properties": {"stop_id": "SA5128705675", "name": "Odorna Market"}, "geometry": {"type": "Point", "coordinates": [-0.2162133, 5.5667626]}}, {"type": "Feature", "properties": {"stop_id": "5047154059", "name": "Bridge"}, "geometry": {"type": "Point", "coordinates": [-0.155141, 5.6461391]}}, {"type": "Feature", "properties": {"stop_id": "SA4995095765", "name": "Penta Hotel"}, "geometry": {"type": "Point", "coordinates": [-0.1811648, 5.5653643]}}, {"type": "Feature", "properties": {"stop_id": "SA5000996588", "name": "Akukofoto"}, "geometry": {"type": "Point", "coordinates": [-0.2600097, 5.5643918]}}, {"type": "Feature", "properties": {"stop_id": "5007828432", "name": "Ashaiman Police Station"}, "geometry": {"type": "Point", "coordinates": [-0.0309992, 5.687541]}}, {"type": "Feature", "properties": {"stop_id": "SA4995095760", "name": "GIS"}, "geometry": {"type": "Point", "coordinates": [-0.1762675, 5.5814513]}}, {"type": "Feature", "properties": {"stop_id": "SA5023043423", "name": "Tema Station Union of GPRTU"}, "geometry": {"type": "Point", "coordinates": [-0.2007546, 5.5487001]}}, {"type": "Feature", "properties": {"stop_id": "SA4995095762", "name": "Morning Star"}, "geometry": {"type": "Point", "coordinates": [-0.1796031, 5.5734194]}}, {"type": "Feature", "properties": {"stop_id": "5026254414", "name": "Masalaachi"}, "geometry": {"type": "Point", "coordinates": [-0.173855, 5.6764997]}}, {"type": "Feature", "properties": {"stop_id": "4600181749", "name": "Bortianor"}, "geometry": {"type": "Point", "coordinates": [-0.3482181, 5.5477904]}}, {"type": "Feature", "properties": {"stop_id": "SA5023043422", "name": "Court"}, "geometry": {"type": "Point", "coordinates": [-0.20435, 5.5444356]}}, {"type": "Feature", "properties": {"stop_id": "SA5000996586", "name": "Dansoman First Stop"}, "geometry": {"type": "Point", "coordinates": [-0.2604443, 5.5604364]}}, {"type": "Feature", "properties": {"stop_id": "SA5000996587", "name": "Dansoman Polyclinic"}, "geometry": {"type": "Point", "coordinates": [-0.2602309, 5.5612946]}}, {"type": "Feature", "properties": {"stop_id": "SA5000996585", "name": "King Solomon"}, "geometry": {"type": "Point", "coordinates": [-0.2645958, 5.5552515]}}, {"type": "Feature", "properties": {"stop_id": "5054364795", "name": "Junction"}, "geometry": {"type": "Point", "coordinates": [-0.2028493, 5.6120496]}}, {"type": "Feature", "properties": {"stop_id": "SA5030747573", "name": "Container First"}, "geometry": {"type": "Point", "coordinates": [-0.1819397, 5.6169509]}}, {"type": "Feature", "properties": {"stop_id": "5054364797", "name": "Bolga"}, "geometry": {"type": "Point", "coordinates": [-0.2062638, 5.579887]}}, {"type": "Feature", "properties": {"stop_id": "5054364796", "name": "Fidelity"}, "geometry": {"type": "Point", "coordinates": [-0.2045516, 5.6104734]}}, {"type": "Feature", "properties": {"stop_id": "5054364799", "name": "Sadisco"}, "geometry": {"type": "Point", "coordinates": [-0.2118549, 5.574758]}}, {"type": "Feature", "properties": {"stop_id": "4977864532", "name": "Ecobank"}, "geometry": {"type": "Point", "coordinates": [-0.1812075, 5.5899463]}}, {"type": "Feature", "properties": {"stop_id": "5030980188", "name": "Nima Station"}, "geometry": {"type": "Point", "coordinates": [-0.1984252, 5.5820394]}}, {"type": "Feature", "properties": {"stop_id": "5030980189", "name": "Alaska (Nima Maamobi)"}, "geometry": {"type": "Point", "coordinates": [-0.1972468, 5.5861405]}}, {"type": "Feature", "properties": {"stop_id": "SA4997071030", "name": "Suzzy's Inn"}, "geometry": {"type": "Point", "coordinates": [-0.2327094, 5.6107032]}}, {"type": "Feature", "properties": {"stop_id": "5036505668", "name": "Agbogba Junction"}, "geometry": {"type": "Point", "coordinates": [-0.1877043, 5.6674858]}}, {"type": "Feature", "properties": {"stop_id": "5084413309", "name": "Calvary"}, "geometry": {"type": "Point", "coordinates": [-0.2895633, 5.595059]}}, {"type": "Feature", "properties": {"stop_id": "5000176418", "name": "Oxygen (o2)"}, "geometry": {"type": "Point", "coordinates": [-0.2652062, 5.5612607]}}, {"type": "Feature", "properties": {"stop_id": "4977985923", "name": "Agbogba Junction"}, "geometry": {"type": "Point", "coordinates": [-0.1880947, 5.667379]}}, {"type": "Feature", "properties": {"stop_id": "5000176414", "name": "Crystal"}, "geometry": {"type": "Point", "coordinates": [-0.2665905, 5.5761773]}}, {"type": "Feature", "properties": {"stop_id": "5000176415", "name": "Dela"}, "geometry": {"type": "Point", "coordinates": [-0.2712174, 5.5705158]}}, {"type": "Feature", "properties": {"stop_id": "5000176416", "name": "Thirteen"}, "geometry": {"type": "Point", "coordinates": [-0.270218, 5.5676156]}}, {"type": "Feature", "properties": {"stop_id": "5000176417", "name": "Ave Maria"}, "geometry": {"type": "Point", "coordinates": [-0.2687496, 5.5653597]}}, {"type": "Feature", "properties": {"stop_id": "5000176411", "name": "Odorkor"}, "geometry": {"type": "Point", "coordinates": [-0.2637615, 5.5812246]}}, {"type": "Feature", "properties": {"stop_id": "5000176412", "name": "Cold Store"}, "geometry": {"type": "Point", "coordinates": [-0.2657017, 5.5794279]}}, {"type": "Feature", "properties": {"stop_id": "5000176413", "name": "Busia Junction"}, "geometry": {"type": "Point", "coordinates": [-0.267294, 5.5787991]}}, {"type": "Feature", "properties": {"stop_id": "SA5045353355", "name": "Bridge"}, "geometry": {"type": "Point", "coordinates": [-0.2475634, 5.5427919]}}, {"type": "Feature", "properties": {"stop_id": "SA3462084088", "name": "High Tension"}, "geometry": {"type": "Point", "coordinates": [-0.1700242, 5.6434962]}}, {"type": "Feature", "properties": {"stop_id": "SA4710912590", "name": "High Tension"}, "geometry": {"type": "Point", "coordinates": [-0.2483251, 5.616029]}}, {"type": "Feature", "properties": {"stop_id": "5021004851", "name": "Market"}, "geometry": {"type": "Point", "coordinates": [-0.2753539, 5.6584074]}}, {"type": "Feature", "properties": {"stop_id": "5021004850", "name": "1st Power"}, "geometry": {"type": "Point", "coordinates": [-0.2766765, 5.6581227]}}, {"type": "Feature", "properties": {"stop_id": "SA4997071031", "name": "Sunlight"}, "geometry": {"type": "Point", "coordinates": [-0.2320374, 5.589739]}}, {"type": "Feature", "properties": {"stop_id": "5021004852", "name": "Phobia"}, "geometry": {"type": "Point", "coordinates": [-0.2712095, 5.6589448]}}, {"type": "Feature", "properties": {"stop_id": "SA5034253899", "name": "Awoshie Last stop"}, "geometry": {"type": "Point", "coordinates": [-0.2872307, 5.5919397]}}, {"type": "Feature", "properties": {"stop_id": "SA4990162110", "name": "Abotare"}, "geometry": {"type": "Point", "coordinates": [-0.2452697, 5.6050751]}}, {"type": "Feature", "properties": {"stop_id": "2026403681", "name": "Dansoman Last Stop"}, "geometry": {"type": "Point", "coordinates": [-0.2653038, 5.5300359]}}, {"type": "Feature", "properties": {"stop_id": "3676894848", "name": "Community 4"}, "geometry": {"type": "Point", "coordinates": [-0.0035486, 5.6580141]}}, {"type": "Feature", "properties": {"stop_id": "SA5051365822", "name": "White House"}, "geometry": {"type": "Point", "coordinates": [-0.2981503, 5.6330175]}}, {"type": "Feature", "properties": {"stop_id": "SA5051365821", "name": "Hotel Junction"}, "geometry": {"type": "Point", "coordinates": [-0.2981518, 5.6325733]}}, {"type": "Feature", "properties": {"stop_id": "5079240138", "name": "Akwetteyman Zongo"}, "geometry": {"type": "Point", "coordinates": [-0.2375182, 5.6157368]}}, {"type": "Feature", "properties": {"stop_id": "4994958923", "name": "Mr. Biggs"}, "geometry": {"type": "Point", "coordinates": [-0.2133534, 5.5677653]}}, {"type": "Feature", "properties": {"stop_id": "SA4999883667", "name": "Accra New Town Taxi Station"}, "geometry": {"type": "Point", "coordinates": [-0.2088698, 5.5815197]}}, {"type": "Feature", "properties": {"stop_id": "4400510902", "name": "Congo Junction"}, "geometry": {"type": "Point", "coordinates": [-0.163151, 5.5882053]}}, {"type": "Feature", "properties": {"stop_id": "5008528043", "name": "Site 7"}, "geometry": {"type": "Point", "coordinates": [-0.0008416, 5.652834]}}, {"type": "Feature", "properties": {"stop_id": "SA5031266296", "name": "School"}, "geometry": {"type": "Point", "coordinates": [-0.2473258, 5.5986171]}}, {"type": "Feature", "properties": {"stop_id": "SA5031266297", "name": "Musulley"}, "geometry": {"type": "Point", "coordinates": [-0.2453377, 5.5986871]}}, {"type": "Feature", "properties": {"stop_id": "SA5031328607", "name": "Museum"}, "geometry": {"type": "Point", "coordinates": [-0.2061224, 5.5611891]}}, {"type": "Feature", "properties": {"stop_id": "5025827590", "name": "Kaneshie Foot Bridge"}, "geometry": {"type": "Point", "coordinates": [-0.235801, 5.5653237]}}, {"type": "Feature", "properties": {"stop_id": "SA5031266298", "name": "Market"}, "geometry": {"type": "Point", "coordinates": [-0.245294, 5.5958597]}}, {"type": "Feature", "properties": {"stop_id": "SA5031266299", "name": "Point 4 (last stop)"}, "geometry": {"type": "Point", "coordinates": [-0.242534, 5.5953077]}}, {"type": "Feature", "properties": {"stop_id": "SA4997810034", "name": "Lotto House"}, "geometry": {"type": "Point", "coordinates": [-0.2511647, 5.5324642]}}, {"type": "Feature", "properties": {"stop_id": "5054759320", "name": "A-life"}, "geometry": {"type": "Point", "coordinates": [-0.0936217, 5.5910889]}}, {"type": "Feature", "properties": {"stop_id": "SA4995054815", "name": "GIS Curve"}, "geometry": {"type": "Point", "coordinates": [-0.175357, 5.5800085]}}, {"type": "Feature", "properties": {"stop_id": "5083057445", "name": "Shell"}, "geometry": {"type": "Point", "coordinates": [-0.1822972, 5.5580165]}}, {"type": "Feature", "properties": {"stop_id": "SA5036505671", "name": "Westlands junction"}, "geometry": {"type": "Point", "coordinates": [-0.2097508, 5.6502525]}}, {"type": "Feature", "properties": {"stop_id": "SA5036505670", "name": "Allied fuel station"}, "geometry": {"type": "Point", "coordinates": [-0.2066365, 5.6592385]}}, {"type": "Feature", "properties": {"stop_id": "SA4990070172", "name": "Fadama Junction"}, "geometry": {"type": "Point", "coordinates": [-0.2427124, 5.6031976]}}, {"type": "Feature", "properties": {"stop_id": "SA4996742717", "name": "Russia"}, "geometry": {"type": "Point", "coordinates": [-0.2514013, 5.5564032]}}, {"type": "Feature", "properties": {"stop_id": "SA4996742716", "name": "Omanko"}, "geometry": {"type": "Point", "coordinates": [-0.253365, 5.5559068]}}, {"type": "Feature", "properties": {"stop_id": "SA4996742715", "name": "Curve"}, "geometry": {"type": "Point", "coordinates": [-0.2547593, 5.5552689]}}, {"type": "Feature", "properties": {"stop_id": "SA4996742714", "name": "Russia Station"}, "geometry": {"type": "Point", "coordinates": [-0.2546273, 5.5546286]}}, {"type": "Feature", "properties": {"stop_id": "5022716843", "name": "Children's Park Second"}, "geometry": {"type": "Point", "coordinates": [-0.1988221, 5.5572402]}}, {"type": "Feature", "properties": {"stop_id": "5022716842", "name": "Children's Park First"}, "geometry": {"type": "Point", "coordinates": [-0.200125, 5.5555022]}}, {"type": "Feature", "properties": {"stop_id": "SA4995054811", "name": "Police Hospital"}, "geometry": {"type": "Point", "coordinates": [-0.1808304, 5.5678104]}}, {"type": "Feature", "properties": {"stop_id": "SA4996742719", "name": "Flamingo"}, "geometry": {"type": "Point", "coordinates": [-0.2470408, 5.5589078]}}, {"type": "Feature", "properties": {"stop_id": "SA4996742718", "name": "Paa Willie"}, "geometry": {"type": "Point", "coordinates": [-0.2518778, 5.5595035]}}, {"type": "Feature", "properties": {"stop_id": "5049594497", "name": "Atico"}, "geometry": {"type": "Point", "coordinates": [-0.2469571, 5.5798595]}}, {"type": "Feature", "properties": {"stop_id": "5031288174", "name": "Nii Darko Street"}, "geometry": {"type": "Point", "coordinates": [-0.2425998, 5.595347]}}, {"type": "Feature", "properties": {"stop_id": "5079240134", "name": "Kingsby Taxi rank"}, "geometry": {"type": "Point", "coordinates": [-0.2324604, 5.6197884]}}, {"type": "Feature", "properties": {"stop_id": "SA5051364307", "name": "Kaneshie"}, "geometry": {"type": "Point", "coordinates": [-0.2394929, 5.5673347]}}, {"type": "Feature", "properties": {"stop_id": "5045130246", "name": "Fan milk"}, "geometry": {"type": "Point", "coordinates": [-0.222249, 5.5700571]}}, {"type": "Feature", "properties": {"stop_id": "5045130247", "name": "Kaneshie Market bus stop"}, "geometry": {"type": "Point", "coordinates": [-0.2356043, 5.5665793]}}, {"type": "Feature", "properties": {"stop_id": "SA5014899350", "name": "Pentecost"}, "geometry": {"type": "Point", "coordinates": [-0.3087766, 5.6192734]}}, {"type": "Feature", "properties": {"stop_id": "SA5014899351", "name": "Container"}, "geometry": {"type": "Point", "coordinates": [-0.3069432, 5.6199694]}}, {"type": "Feature", "properties": {"stop_id": "SA5014899356", "name": "FanMilk Junction"}, "geometry": {"type": "Point", "coordinates": [-0.2992254, 5.6218988]}}, {"type": "Feature", "properties": {"stop_id": "5030747569", "name": "T Junction"}, "geometry": {"type": "Point", "coordinates": [-0.1875397, 5.6133414]}}, {"type": "Feature", "properties": {"stop_id": "SA5014899355", "name": "Ablekuma"}, "geometry": {"type": "Point", "coordinates": [-0.3102218, 5.6272416]}}, {"type": "Feature", "properties": {"stop_id": "5030747567", "name": "Chinese Curve"}, "geometry": {"type": "Point", "coordinates": [-0.1857613, 5.6110061]}}, {"type": "Feature", "properties": {"stop_id": "5030747566", "name": "High Flow"}, "geometry": {"type": "Point", "coordinates": [-0.186271, 5.61024]}}, {"type": "Feature", "properties": {"stop_id": "5030747565", "name": "Bostal First"}, "geometry": {"type": "Point", "coordinates": [-0.1875321, 5.6083209]}}, {"type": "Feature", "properties": {"stop_id": "5030747564", "name": "Bostal Second"}, "geometry": {"type": "Point", "coordinates": [-0.1882234, 5.6072741]}}, {"type": "Feature", "properties": {"stop_id": "SA4990070171", "name": "Eno"}, "geometry": {"type": "Point", "coordinates": [-0.2419788, 5.6027454]}}, {"type": "Feature", "properties": {"stop_id": "5030747562", "name": "Sign Board"}, "geometry": {"type": "Point", "coordinates": [-0.1882673, 5.601947]}}, {"type": "Feature", "properties": {"stop_id": "5030747561", "name": "Jack and Jill"}, "geometry": {"type": "Point", "coordinates": [-0.1895495, 5.6020175]}}, {"type": "Feature", "properties": {"stop_id": "5030747560", "name": "SGS"}, "geometry": {"type": "Point", "coordinates": [-0.1919126, 5.6022405]}}, {"type": "Feature", "properties": {"stop_id": "SA5040928827", "name": "First Total"}, "geometry": {"type": "Point", "coordinates": [-0.1973774, 5.5996921]}}, {"type": "Feature", "properties": {"stop_id": "SA5084413305", "name": "Chabaar"}, "geometry": {"type": "Point", "coordinates": [-0.2769539, 5.57471]}}, {"type": "Feature", "properties": {"stop_id": "SA5079677924", "name": "T-Junction Curve"}, "geometry": {"type": "Point", "coordinates": [-0.1437218, 5.5641312]}}, {"type": "Feature", "properties": {"stop_id": "SA5079677921", "name": "El-Wak"}, "geometry": {"type": "Point", "coordinates": [-0.1720888, 5.5870842]}}, {"type": "Feature", "properties": {"stop_id": "5064189148", "name": "Adeyman"}, "geometry": {"type": "Point", "coordinates": [-0.3718929, 5.7170414]}}, {"type": "Feature", "properties": {"stop_id": "SA5043181875", "name": "Antie-Eku"}, "geometry": {"type": "Point", "coordinates": [-0.2848727, 5.612743]}}, {"type": "Feature", "properties": {"stop_id": "5043181875", "name": "Antie-Eku"}, "geometry": {"type": "Point", "coordinates": [-0.2848727, 5.612743]}}, {"type": "Feature", "properties": {"stop_id": "SA5035412453", "name": "Mothers Inn"}, "geometry": {"type": "Point", "coordinates": [-0.2312539, 5.5734313]}}, {"type": "Feature", "properties": {"stop_id": "5064189143", "name": "Kwarteman"}, "geometry": {"type": "Point", "coordinates": [-0.353171, 5.7362661]}}, {"type": "Feature", "properties": {"stop_id": "5064189140", "name": "Akotoshi no.1"}, "geometry": {"type": "Point", "coordinates": [-0.3485668, 5.745609]}}, {"type": "Feature", "properties": {"stop_id": "SA5035412450", "name": "Washing Bay"}, "geometry": {"type": "Point", "coordinates": [-0.2395313, 5.586302]}}, {"type": "Feature", "properties": {"stop_id": "5064189146", "name": "Sampahman police station"}, "geometry": {"type": "Point", "coordinates": [-0.3656053, 5.7221645]}}, {"type": "Feature", "properties": {"stop_id": "5064189147", "name": "Kwashiekuma"}, "geometry": {"type": "Point", "coordinates": [-0.3614676, 5.7111923]}}, {"type": "Feature", "properties": {"stop_id": "5064189144", "name": "Kotokou market"}, "geometry": {"type": "Point", "coordinates": [-0.3615186, 5.7351654]}}, {"type": "Feature", "properties": {"stop_id": "5064189145", "name": "Estate"}, "geometry": {"type": "Point", "coordinates": [-0.3650513, 5.7256508]}}, {"type": "Feature", "properties": {"stop_id": "SA5039976070", "name": "City Lights"}, "geometry": {"type": "Point", "coordinates": [-0.2144748, 5.5743607]}}, {"type": "Feature", "properties": {"stop_id": "SA5039976071", "name": "Quarters"}, "geometry": {"type": "Point", "coordinates": [-0.2140476, 5.5749693]}}, {"type": "Feature", "properties": {"stop_id": "SA5039976072", "name": "Express"}, "geometry": {"type": "Point", "coordinates": [-0.2126757, 5.5767693]}}, {"type": "Feature", "properties": {"stop_id": "5082556332", "name": "Polo Junction"}, "geometry": {"type": "Point", "coordinates": [-0.2123745, 5.5984629]}}, {"type": "Feature", "properties": {"stop_id": "5082556334", "name": "Social"}, "geometry": {"type": "Point", "coordinates": [-0.2082218, 5.5951637]}}, {"type": "Feature", "properties": {"stop_id": "5084325671", "name": "Anyaa"}, "geometry": {"type": "Point", "coordinates": [-0.2945155, 5.6050824]}}, {"type": "Feature", "properties": {"stop_id": "5024136437", "name": "New life"}, "geometry": {"type": "Point", "coordinates": [-0.1500602, 5.5663582]}}, {"type": "Feature", "properties": {"stop_id": "5022383975", "name": "Achimota Overhead"}, "geometry": {"type": "Point", "coordinates": [-0.2277045, 5.6120523]}}, {"type": "Feature", "properties": {"stop_id": "SA5045200686", "name": "Good Shepherd (Orgle Street)"}, "geometry": {"type": "Point", "coordinates": [-0.2363917, 5.5837975]}}, {"type": "Feature", "properties": {"stop_id": "5024569744", "name": "Adusah Block Factory"}, "geometry": {"type": "Point", "coordinates": [-0.2730378, 5.7320935]}}, {"type": "Feature", "properties": {"stop_id": "SA5024693062", "name": "Junction"}, "geometry": {"type": "Point", "coordinates": [-0.2177343, 5.5417736]}}, {"type": "Feature", "properties": {"stop_id": "5024569742", "name": "Mayera Market"}, "geometry": {"type": "Point", "coordinates": [-0.2764932, 5.7264263]}}, {"type": "Feature", "properties": {"stop_id": "5024569743", "name": "Okaiman Junction"}, "geometry": {"type": "Point", "coordinates": [-0.2757013, 5.7287531]}}, {"type": "Feature", "properties": {"stop_id": "5024569740", "name": "Agbodji"}, "geometry": {"type": "Point", "coordinates": [-0.281523, 5.7181941]}}, {"type": "Feature", "properties": {"stop_id": "5024569741", "name": "New Life"}, "geometry": {"type": "Point", "coordinates": [-0.280501, 5.7196423]}}, {"type": "Feature", "properties": {"stop_id": "5008589265", "name": "ACP Junction"}, "geometry": {"type": "Point", "coordinates": [-0.2772577, 5.6840938]}}, {"type": "Feature", "properties": {"stop_id": "5008589264", "name": "Pokuase Junction"}, "geometry": {"type": "Point", "coordinates": [-0.2819882, 5.6877852]}}, {"type": "Feature", "properties": {"stop_id": "5008589266", "name": "John Teye"}, "geometry": {"type": "Point", "coordinates": [-0.270424, 5.6673297]}}, {"type": "Feature", "properties": {"stop_id": "5008589261", "name": "Festus"}, "geometry": {"type": "Point", "coordinates": [-0.2885816, 5.6931058]}}, {"type": "Feature", "properties": {"stop_id": "5022942959", "name": "Awots\u025b Kojo"}, "geometry": {"type": "Point", "coordinates": [-0.2329717, 5.5348332]}}, {"type": "Feature", "properties": {"stop_id": "5008589263", "name": "Fusi Junction"}, "geometry": {"type": "Point", "coordinates": [-0.2919485, 5.6983793]}}, {"type": "Feature", "properties": {"stop_id": "5008589262", "name": "Amasaman"}, "geometry": {"type": "Point", "coordinates": [-0.2976051, 5.7049276]}}, {"type": "Feature", "properties": {"stop_id": "4988349723", "name": "UPS"}, "geometry": {"type": "Point", "coordinates": [-0.1666827, 5.6598598]}}, {"type": "Feature", "properties": {"stop_id": "5047154061", "name": "Bawaleshie First"}, "geometry": {"type": "Point", "coordinates": [-0.1673155, 5.6418176]}}, {"type": "Feature", "properties": {"stop_id": "4992650310", "name": "Azumah Nelson Complex"}, "geometry": {"type": "Point", "coordinates": [-0.2269653, 5.5750903]}}, {"type": "Feature", "properties": {"stop_id": "5005192349", "name": "Tobinco Junction"}, "geometry": {"type": "Point", "coordinates": [-0.2063142, 5.593276]}}, {"type": "Feature", "properties": {"stop_id": "SA5123158993", "name": "Sakaman Blue Lagoon"}, "geometry": {"type": "Point", "coordinates": [-0.2721356, 5.571485]}}, {"type": "Feature", "properties": {"stop_id": "5043131243", "name": "Africa"}, "geometry": {"type": "Point", "coordinates": [-0.2755447, 5.6128149]}}, {"type": "Feature", "properties": {"stop_id": "SA5020525329", "name": "Ridge Hospital"}, "geometry": {"type": "Point", "coordinates": [-0.1990446, 5.5612149]}}, {"type": "Feature", "properties": {"stop_id": "5043051318", "name": "Printing press"}, "geometry": {"type": "Point", "coordinates": [-0.279609, 5.62363]}}, {"type": "Feature", "properties": {"stop_id": "5043051319", "name": "Dega"}, "geometry": {"type": "Point", "coordinates": [-0.2759022, 5.61532]}}, {"type": "Feature", "properties": {"stop_id": "5037881469", "name": "Christian Village"}, "geometry": {"type": "Point", "coordinates": [-0.214702, 5.6354191]}}, {"type": "Feature", "properties": {"stop_id": "5064359909", "name": "Washing Bay"}, "geometry": {"type": "Point", "coordinates": [-0.2329235, 5.5941862]}}, {"type": "Feature", "properties": {"stop_id": "5064359908", "name": "School Juction"}, "geometry": {"type": "Point", "coordinates": [-0.2331783, 5.5954117]}}, {"type": "Feature", "properties": {"stop_id": "SA5045353353", "name": "Container"}, "geometry": {"type": "Point", "coordinates": [-0.2488941, 5.5439896]}}, {"type": "Feature", "properties": {"stop_id": "SA5045353351", "name": "Second"}, "geometry": {"type": "Point", "coordinates": [-0.2502034, 5.5452532]}}, {"type": "Feature", "properties": {"stop_id": "SA5045353350", "name": "Masalaachi"}, "geometry": {"type": "Point", "coordinates": [-0.251688, 5.5452372]}}, {"type": "Feature", "properties": {"stop_id": "5047423636", "name": "Fire Service"}, "geometry": {"type": "Point", "coordinates": [-0.2155341, 5.5323681]}}, {"type": "Feature", "properties": {"stop_id": "SA5045353356", "name": "Toilets"}, "geometry": {"type": "Point", "coordinates": [-0.2470342, 5.5428374]}}, {"type": "Feature", "properties": {"stop_id": "5027285559", "name": "Paa Willie"}, "geometry": {"type": "Point", "coordinates": [-0.2521092, 5.5596539]}}, {"type": "Feature", "properties": {"stop_id": "SA5045353354", "name": "Curve"}, "geometry": {"type": "Point", "coordinates": [-0.2484715, 5.5427609]}}, {"type": "Feature", "properties": {"stop_id": "5027285557", "name": "Okwahu Motors"}, "geometry": {"type": "Point", "coordinates": [-0.2557587, 5.5586842]}}, {"type": "Feature", "properties": {"stop_id": "5027285556", "name": "Slow Down"}, "geometry": {"type": "Point", "coordinates": [-0.256926, 5.5584066]}}, {"type": "Feature", "properties": {"stop_id": "SA5045353359", "name": "School Junction"}, "geometry": {"type": "Point", "coordinates": [-0.2446172, 5.5467826]}}, {"type": "Feature", "properties": {"stop_id": "SA5045353358", "name": "Pentecost"}, "geometry": {"type": "Point", "coordinates": [-0.2467136, 5.5444578]}}, {"type": "Feature", "properties": {"stop_id": "2917271600", "name": "Tesano"}, "geometry": {"type": "Point", "coordinates": [-0.2259544, 5.604561]}}, {"type": "Feature", "properties": {"stop_id": "SA5020102839", "name": "Macedonia"}, "geometry": {"type": "Point", "coordinates": [-0.3143962, 5.7362667]}}, {"type": "Feature", "properties": {"stop_id": "5102104495", "name": "Agege"}, "geometry": {"type": "Point", "coordinates": [-0.2646911, 5.5290031]}}, {"type": "Feature", "properties": {"stop_id": "5037881462", "name": "Dome"}, "geometry": {"type": "Point", "coordinates": [-0.2422551, 5.6387433]}}, {"type": "Feature", "properties": {"stop_id": "5084325658", "name": "Point 5"}, "geometry": {"type": "Point", "coordinates": [-0.3263449, 5.6336624]}}, {"type": "Feature", "properties": {"stop_id": "5031288171", "name": "New Melcom"}, "geometry": {"type": "Point", "coordinates": [-0.2214446, 5.5851866]}}, {"type": "Feature", "properties": {"stop_id": "SA3154321446", "name": "Tabora Number 1"}, "geometry": {"type": "Point", "coordinates": [-0.2578491, 5.6037223]}}, {"type": "Feature", "properties": {"stop_id": "SA5020102837", "name": "Chop bar"}, "geometry": {"type": "Point", "coordinates": [-0.3008247, 5.7087008]}}, {"type": "Feature", "properties": {"stop_id": "SA5035796883", "name": "Circle Post Office"}, "geometry": {"type": "Point", "coordinates": [-0.2160183, 5.5719954]}}, {"type": "Feature", "properties": {"stop_id": "SA4990251208", "name": "Kwabenya Market"}, "geometry": {"type": "Point", "coordinates": [-0.2467967, 5.6882029]}}, {"type": "Feature", "properties": {"stop_id": "SA4990251209", "name": "Oscar Junction"}, "geometry": {"type": "Point", "coordinates": [-0.2452261, 5.6853216]}}, {"type": "Feature", "properties": {"stop_id": "4984742321", "name": "Flagstaff House"}, "geometry": {"type": "Point", "coordinates": [-0.1879467, 5.5762059]}}, {"type": "Feature", "properties": {"stop_id": "5008726865", "name": "Broadcasting"}, "geometry": {"type": "Point", "coordinates": [-0.3584957, 5.5519072]}}, {"type": "Feature", "properties": {"stop_id": "SA5031633792", "name": "Stadium"}, "geometry": {"type": "Point", "coordinates": [-0.1906769, 5.5535574]}}, {"type": "Feature", "properties": {"stop_id": "5082556330", "name": "Kotobabi Police Station"}, "geometry": {"type": "Point", "coordinates": [-0.2047826, 5.5920054]}}, {"type": "Feature", "properties": {"stop_id": "SA5012402221", "name": "Kpogas"}, "geometry": {"type": "Point", "coordinates": [-0.1006644, 5.635189]}}, {"type": "Feature", "properties": {"stop_id": "SA5012402222", "name": "Nungua Barrier"}, "geometry": {"type": "Point", "coordinates": [-0.0738378, 5.6139326]}}, {"type": "Feature", "properties": {"stop_id": "SA4990251207", "name": "Kwabenya"}, "geometry": {"type": "Point", "coordinates": [-0.2477532, 5.6907311]}}, {"type": "Feature", "properties": {"stop_id": "SA5102155250", "name": "Flat"}, "geometry": {"type": "Point", "coordinates": [-0.2333116, 5.5472362]}}, {"type": "Feature", "properties": {"stop_id": "5113124880", "name": "Market"}, "geometry": {"type": "Point", "coordinates": [-0.2044867, 5.6978708]}}, {"type": "Feature", "properties": {"stop_id": "SA5043599037", "name": "Kotobabi Down"}, "geometry": {"type": "Point", "coordinates": [-0.1988839, 5.5974079]}}, {"type": "Feature", "properties": {"stop_id": "SA5028671589", "name": "Danquah First"}, "geometry": {"type": "Point", "coordinates": [-0.1797582, 5.5664255]}}, {"type": "Feature", "properties": {"stop_id": "SA5037881462", "name": "Dome"}, "geometry": {"type": "Point", "coordinates": [-0.2422551, 5.6387433]}}, {"type": "Feature", "properties": {"stop_id": "SA5037881463", "name": "Transformer"}, "geometry": {"type": "Point", "coordinates": [-0.2285898, 5.6476277]}}, {"type": "Feature", "properties": {"stop_id": "SA5037881464", "name": "Kay Boat"}, "geometry": {"type": "Point", "coordinates": [-0.2266532, 5.6461155]}}, {"type": "Feature", "properties": {"stop_id": "SA5037881465", "name": "Vulcanizer"}, "geometry": {"type": "Point", "coordinates": [-0.2243714, 5.6441028]}}, {"type": "Feature", "properties": {"stop_id": "SA5037881466", "name": "Cemetary"}, "geometry": {"type": "Point", "coordinates": [-0.2200199, 5.6402781]}}, {"type": "Feature", "properties": {"stop_id": "SA5037881467", "name": "Village Second"}, "geometry": {"type": "Point", "coordinates": [-0.2184201, 5.6386108]}}, {"type": "Feature", "properties": {"stop_id": "5082556333", "name": "Modest"}, "geometry": {"type": "Point", "coordinates": [-0.2097089, 5.5963532]}}, {"type": "Feature", "properties": {"stop_id": "5113195629", "name": "Block Factory"}, "geometry": {"type": "Point", "coordinates": [-0.2044844, 5.6722116]}}, {"type": "Feature", "properties": {"stop_id": "5045251535", "name": "Asoredan ho"}, "geometry": {"type": "Point", "coordinates": [-0.2385893, 5.5611945]}}, {"type": "Feature", "properties": {"stop_id": "5045251536", "name": "Summerhut"}, "geometry": {"type": "Point", "coordinates": [-0.2400466, 5.5403795]}}, {"type": "Feature", "properties": {"stop_id": "5045251537", "name": "Clinic"}, "geometry": {"type": "Point", "coordinates": [-0.245266, 5.5379414]}}, {"type": "Feature", "properties": {"stop_id": "5036738888", "name": "College"}, "geometry": {"type": "Point", "coordinates": [-0.2084037, 5.58326]}}, {"type": "Feature", "properties": {"stop_id": "4989358232", "name": "First Light"}, "geometry": {"type": "Point", "coordinates": [-0.2426319, 5.5695562]}}, {"type": "Feature", "properties": {"stop_id": "4994957018", "name": "Abeka Bcos Junction"}, "geometry": {"type": "Point", "coordinates": [-0.2349533, 5.598944]}}, {"type": "Feature", "properties": {"stop_id": "4994957019", "name": "Tesano Gardens"}, "geometry": {"type": "Point", "coordinates": [-0.2305257, 5.5984514]}}, {"type": "Feature", "properties": {"stop_id": "5034362685", "name": "Israel Lomnava"}, "geometry": {"type": "Point", "coordinates": [-0.2688401, 5.6311312]}}, {"type": "Feature", "properties": {"stop_id": "5036738889", "name": "Lapaz Station"}, "geometry": {"type": "Point", "coordinates": [-0.2082377, 5.5840866]}}, {"type": "Feature", "properties": {"stop_id": "SA5040372058", "name": "Lapaz Masalaashie"}, "geometry": {"type": "Point", "coordinates": [-0.2526918, 5.6098074]}}, {"type": "Feature", "properties": {"stop_id": "5110140108", "name": "Masalaachi Mallam"}, "geometry": {"type": "Point", "coordinates": [-0.2870521, 5.5732486]}}, {"type": "Feature", "properties": {"stop_id": "4994957017", "name": "Fadama"}, "geometry": {"type": "Point", "coordinates": [-0.2405531, 5.6016367]}}, {"type": "Feature", "properties": {"stop_id": "5026070132", "name": "Obaatanpa"}, "geometry": {"type": "Point", "coordinates": [-0.2299383, 5.5813092]}}, {"type": "Feature", "properties": {"stop_id": "5026070133", "name": "Dance Bar"}, "geometry": {"type": "Point", "coordinates": [-0.2279265, 5.5767516]}}, {"type": "Feature", "properties": {"stop_id": "5026070130", "name": "Meridian Chemist"}, "geometry": {"type": "Point", "coordinates": [-0.2353551, 5.5878042]}}, {"type": "Feature", "properties": {"stop_id": "5026070131", "name": "CPP"}, "geometry": {"type": "Point", "coordinates": [-0.230742, 5.582812]}}, {"type": "Feature", "properties": {"stop_id": "4977925525", "name": "Shangrila"}, "geometry": {"type": "Point", "coordinates": [-0.1759131, 5.6171912]}}, {"type": "Feature", "properties": {"stop_id": "5008726855", "name": "Washing Bay"}, "geometry": {"type": "Point", "coordinates": [-0.4066658, 5.5364583]}}, {"type": "Feature", "properties": {"stop_id": "5008726854", "name": "Galelia"}, "geometry": {"type": "Point", "coordinates": [-0.3984569, 5.5389731]}}, {"type": "Feature", "properties": {"stop_id": "SA4998004819", "name": "Junction"}, "geometry": {"type": "Point", "coordinates": [-0.2428767, 5.534047]}}, {"type": "Feature", "properties": {"stop_id": "5008726852", "name": "SCC"}, "geometry": {"type": "Point", "coordinates": [-0.3385323, 5.5473118]}}, {"type": "Feature", "properties": {"stop_id": "5008726851", "name": "Weija-Gbawe Municipal Hospital"}, "geometry": {"type": "Point", "coordinates": [-0.2895545, 5.5641557]}}, {"type": "Feature", "properties": {"stop_id": "5008726850", "name": "Qwass"}, "geometry": {"type": "Point", "coordinates": [-0.2892353, 5.564107]}}, {"type": "Feature", "properties": {"stop_id": "SA4998004817", "name": "Mamprobi Alhaji Station"}, "geometry": {"type": "Point", "coordinates": [-0.2504105, 5.5309718]}}, {"type": "Feature", "properties": {"stop_id": "SA4995054814", "name": "Roundabout"}, "geometry": {"type": "Point", "coordinates": [-0.1789287, 5.576157]}}, {"type": "Feature", "properties": {"stop_id": "5008726859", "name": "Hong Kong"}, "geometry": {"type": "Point", "coordinates": [-0.2627026, 5.599321]}}, {"type": "Feature", "properties": {"stop_id": "5008726858", "name": "Amanfrom"}, "geometry": {"type": "Point", "coordinates": [-0.4124889, 5.5354525]}}, {"type": "Feature", "properties": {"stop_id": "SA5023989059", "name": "Agus"}, "geometry": {"type": "Point", "coordinates": [-0.1522827, 5.5633682]}}, {"type": "Feature", "properties": {"stop_id": "SA5023989058", "name": "Auntie Otsoo"}, "geometry": {"type": "Point", "coordinates": [-0.1514542, 5.5640919]}}, {"type": "Feature", "properties": {"stop_id": "5049594496", "name": "Factory"}, "geometry": {"type": "Point", "coordinates": [-0.2457197, 5.5807693]}}, {"type": "Feature", "properties": {"stop_id": "SA5023989055", "name": "Trade Fair (La)"}, "geometry": {"type": "Point", "coordinates": [-0.1483209, 5.5689028]}}, {"type": "Feature", "properties": {"stop_id": "SA5023989057", "name": "New Life"}, "geometry": {"type": "Point", "coordinates": [-0.1499365, 5.5663621]}}, {"type": "Feature", "properties": {"stop_id": "SA5023989056", "name": "Akrowa House"}, "geometry": {"type": "Point", "coordinates": [-0.1490874, 5.5677204]}}, {"type": "Feature", "properties": {"stop_id": "SA5023802906", "name": "Quarters"}, "geometry": {"type": "Point", "coordinates": [-0.2516824, 5.5856454]}}, {"type": "Feature", "properties": {"stop_id": "SA5040089796", "name": "Kotobabi Market junction"}, "geometry": {"type": "Point", "coordinates": [-0.2076275, 5.5947354]}}, {"type": "Feature", "properties": {"stop_id": "SA5054509009", "name": "Pro credit"}, "geometry": {"type": "Point", "coordinates": [-0.2115164, 5.5783909]}}, {"type": "Feature", "properties": {"stop_id": "5083477302", "name": "Roundabout"}, "geometry": {"type": "Point", "coordinates": [-0.2134198, 5.5359502]}}, {"type": "Feature", "properties": {"stop_id": "SA4980974751", "name": "Banku Junction"}, "geometry": {"type": "Point", "coordinates": [-0.2370484, 5.5308527]}}, {"type": "Feature", "properties": {"stop_id": "5087268450", "name": "Abam Kofi"}, "geometry": {"type": "Point", "coordinates": [-0.270742, 5.5621265]}}, {"type": "Feature", "properties": {"stop_id": "SA4980974752", "name": "White House"}, "geometry": {"type": "Point", "coordinates": [-0.2365225, 5.5283443]}}, {"type": "Feature", "properties": {"stop_id": "SA5082543199", "name": "Modest"}, "geometry": {"type": "Point", "coordinates": [-0.2097218, 5.5962339]}}, {"type": "Feature", "properties": {"stop_id": "SA5082543198", "name": "Kotobabi Night Market"}, "geometry": {"type": "Point", "coordinates": [-0.2076808, 5.5946942]}}, {"type": "Feature", "properties": {"stop_id": "SA5082543196", "name": "CJ School"}, "geometry": {"type": "Point", "coordinates": [-0.2056691, 5.5927096]}}, {"type": "Feature", "properties": {"stop_id": "4990251215", "name": "Atomic Second"}, "geometry": {"type": "Point", "coordinates": [-0.2388474, 5.6685261]}}, {"type": "Feature", "properties": {"stop_id": "4990251214", "name": "Stores"}, "geometry": {"type": "Point", "coordinates": [-0.240374, 5.6729747]}}, {"type": "Feature", "properties": {"stop_id": "5022942958", "name": "Plaza"}, "geometry": {"type": "Point", "coordinates": [-0.2354874, 5.5342777]}}, {"type": "Feature", "properties": {"stop_id": "4990251216", "name": "Atomic First"}, "geometry": {"type": "Point", "coordinates": [-0.2387718, 5.6672489]}}, {"type": "Feature", "properties": {"stop_id": "5113124904", "name": "1st Curve"}, "geometry": {"type": "Point", "coordinates": [-0.2105739, 5.6420465]}}, {"type": "Feature", "properties": {"stop_id": "4990251210", "name": "White House"}, "geometry": {"type": "Point", "coordinates": [-0.2431931, 5.6812955]}}, {"type": "Feature", "properties": {"stop_id": "4990251213", "name": "Point 1"}, "geometry": {"type": "Point", "coordinates": [-0.2412945, 5.6762328]}}, {"type": "Feature", "properties": {"stop_id": "SA5043051320", "name": "Rescue point"}, "geometry": {"type": "Point", "coordinates": [-0.2755888, 5.6137034]}}, {"type": "Feature", "properties": {"stop_id": "5022942952", "name": "Abodoo Bridge"}, "geometry": {"type": "Point", "coordinates": [-0.2515806, 5.5400326]}}, {"type": "Feature", "properties": {"stop_id": "5024610772", "name": "Circle Station"}, "geometry": {"type": "Point", "coordinates": [-0.252216, 5.590927]}}, {"type": "Feature", "properties": {"stop_id": "5022942950", "name": "Borla"}, "geometry": {"type": "Point", "coordinates": [-0.254174, 5.5441207]}}, {"type": "Feature", "properties": {"stop_id": "5022942951", "name": "Banana Inn"}, "geometry": {"type": "Point", "coordinates": [-0.2547988, 5.5418314]}}, {"type": "Feature", "properties": {"stop_id": "5022942956", "name": "Rainbow"}, "geometry": {"type": "Point", "coordinates": [-0.2408351, 5.534254]}}, {"type": "Feature", "properties": {"stop_id": "4990251218", "name": "Born again"}, "geometry": {"type": "Point", "coordinates": [-0.2373291, 5.6579628]}}, {"type": "Feature", "properties": {"stop_id": "5022942954", "name": "Akoshi Junction Mamprobi"}, "geometry": {"type": "Point", "coordinates": [-0.2462557, 5.5356312]}}, {"type": "Feature", "properties": {"stop_id": "5037648958", "name": "Atico"}, "geometry": {"type": "Point", "coordinates": [-0.2485788, 5.5756907]}}, {"type": "Feature", "properties": {"stop_id": "SA5064991470", "name": "Adjiringanor"}, "geometry": {"type": "Point", "coordinates": [-0.1250987, 5.6771612]}}, {"type": "Feature", "properties": {"stop_id": "SA5030249502", "name": "Nima Market"}, "geometry": {"type": "Point", "coordinates": [-0.199501, 5.5801218]}}, {"type": "Feature", "properties": {"stop_id": "SA5023802909", "name": "Bubuashie"}, "geometry": {"type": "Point", "coordinates": [-0.2398851, 5.5802895]}}, {"type": "Feature", "properties": {"stop_id": "SA5030249500", "name": "Second Gate"}, "geometry": {"type": "Point", "coordinates": [-0.2021079, 5.5648661]}}, {"type": "Feature", "properties": {"stop_id": "5051112440", "name": "Second Yellow"}, "geometry": {"type": "Point", "coordinates": [-0.2980679, 5.6265568]}}, {"type": "Feature", "properties": {"stop_id": "5023072581", "name": "Lighthouse"}, "geometry": {"type": "Point", "coordinates": [-0.2117042, 5.5335867]}}, {"type": "Feature", "properties": {"stop_id": "5051364314", "name": "Fan milk junction"}, "geometry": {"type": "Point", "coordinates": [-0.2981971, 5.6229631]}}, {"type": "Feature", "properties": {"stop_id": "5051364315", "name": "First Yellow"}, "geometry": {"type": "Point", "coordinates": [-0.298139, 5.624852]}}, {"type": "Feature", "properties": {"stop_id": "5051364316", "name": "Second Yellow"}, "geometry": {"type": "Point", "coordinates": [-0.2981828, 5.6270973]}}, {"type": "Feature", "properties": {"stop_id": "5051364317", "name": "Blue Kiosk"}, "geometry": {"type": "Point", "coordinates": [-0.2981816, 5.6279941]}}, {"type": "Feature", "properties": {"stop_id": "5051364310", "name": "Mallam"}, "geometry": {"type": "Point", "coordinates": [-0.277084, 5.5855914]}}, {"type": "Feature", "properties": {"stop_id": "5051364311", "name": "Anyaa Market (Awoshie)"}, "geometry": {"type": "Point", "coordinates": [-0.2911004, 5.5990706]}}, {"type": "Feature", "properties": {"stop_id": "5040372058", "name": "Lapaz Masalaashie"}, "geometry": {"type": "Point", "coordinates": [-0.2526918, 5.6098074]}}, {"type": "Feature", "properties": {"stop_id": "5040372059", "name": "Abrantie"}, "geometry": {"type": "Point", "coordinates": [-0.2549116, 5.6066991]}}, {"type": "Feature", "properties": {"stop_id": "5010303805", "name": "Income Tax"}, "geometry": {"type": "Point", "coordinates": [-0.2611788, 5.6545791]}}, {"type": "Feature", "properties": {"stop_id": "4995054808", "name": "SNNIT"}, "geometry": {"type": "Point", "coordinates": [-0.1816047, 5.5627714]}}, {"type": "Feature", "properties": {"stop_id": "5023072583", "name": "Plaza"}, "geometry": {"type": "Point", "coordinates": [-0.2361789, 5.5340333]}}, {"type": "Feature", "properties": {"stop_id": "5051364318", "name": "Aba ase"}, "geometry": {"type": "Point", "coordinates": [-0.2981648, 5.6297367]}}, {"type": "Feature", "properties": {"stop_id": "5051364319", "name": "VRA Junction"}, "geometry": {"type": "Point", "coordinates": [-0.2981178, 5.6306909]}}, {"type": "Feature", "properties": {"stop_id": "5045353357", "name": "Adonteng"}, "geometry": {"type": "Point", "coordinates": [-0.2467559, 5.5429552]}}, {"type": "Feature", "properties": {"stop_id": "5024136429", "name": "Arko Adjei"}, "geometry": {"type": "Point", "coordinates": [-0.1718619, 5.5547508]}}, {"type": "Feature", "properties": {"stop_id": "5024136428", "name": "Rigal Bus stop"}, "geometry": {"type": "Point", "coordinates": [-0.1749579, 5.5535776]}}, {"type": "Feature", "properties": {"stop_id": "5024136427", "name": "Rigal Bus stop 2"}, "geometry": {"type": "Point", "coordinates": [-0.1761098, 5.5531387]}}, {"type": "Feature", "properties": {"stop_id": "5024136426", "name": "Shell"}, "geometry": {"type": "Point", "coordinates": [-0.1789361, 5.5520707]}}, {"type": "Feature", "properties": {"stop_id": "5024136425", "name": "Anoorhor"}, "geometry": {"type": "Point", "coordinates": [-0.1826001, 5.5508107]}}, {"type": "Feature", "properties": {"stop_id": "5024136424", "name": "Second Stop/Ataa Adjettey"}, "geometry": {"type": "Point", "coordinates": [-0.1855936, 5.5504446]}}, {"type": "Feature", "properties": {"stop_id": "5024136423", "name": "Castle Junction"}, "geometry": {"type": "Point", "coordinates": [-0.1896006, 5.5496516]}}, {"type": "Feature", "properties": {"stop_id": "5024136422", "name": "Ministries"}, "geometry": {"type": "Point", "coordinates": [-0.1946039, 5.5487527]}}, {"type": "Feature", "properties": {"stop_id": "5024136421", "name": "Agric"}, "geometry": {"type": "Point", "coordinates": [-0.1985794, 5.5478404]}}, {"type": "Feature", "properties": {"stop_id": "4995054804", "name": "Osu"}, "geometry": {"type": "Point", "coordinates": [-0.1835933, 5.554076]}}, {"type": "Feature", "properties": {"stop_id": "5037808481", "name": "Equip"}, "geometry": {"type": "Point", "coordinates": [-0.210878, 5.5705834]}}, {"type": "Feature", "properties": {"stop_id": "SA5000996589", "name": "Wesley Grammar"}, "geometry": {"type": "Point", "coordinates": [-0.2585125, 5.5665916]}}, {"type": "Feature", "properties": {"stop_id": "SA4400503912", "name": "Community 9"}, "geometry": {"type": "Point", "coordinates": [-0.0122552, 5.6789812]}}, {"type": "Feature", "properties": {"stop_id": "5036784356", "name": "Abofu Overhead"}, "geometry": {"type": "Point", "coordinates": [-0.2251567, 5.6137127]}}, {"type": "Feature", "properties": {"stop_id": "SA4990251220", "name": "Dome Mobil"}, "geometry": {"type": "Point", "coordinates": [-0.2373266, 5.6537977]}}, {"type": "Feature", "properties": {"stop_id": "5036784355", "name": "Abofu Market"}, "geometry": {"type": "Point", "coordinates": [-0.2251228, 5.6160622]}}, {"type": "Feature", "properties": {"stop_id": "5058537032", "name": "Circle"}, "geometry": {"type": "Point", "coordinates": [-0.2173568, 5.5697217]}}, {"type": "Feature", "properties": {"stop_id": "5036784354", "name": "Presby School"}, "geometry": {"type": "Point", "coordinates": [-0.2244774, 5.6177376]}}, {"type": "Feature", "properties": {"stop_id": "5024322028", "name": "Pokuase Old Station"}, "geometry": {"type": "Point", "coordinates": [-0.2830946, 5.6908021]}}, {"type": "Feature", "properties": {"stop_id": "SA5064078024", "name": "Sampahman"}, "geometry": {"type": "Point", "coordinates": [-0.3655827, 5.720015]}}, {"type": "Feature", "properties": {"stop_id": "5084819820", "name": "Video Junction"}, "geometry": {"type": "Point", "coordinates": [-0.273802, 5.6013856]}}, {"type": "Feature", "properties": {"stop_id": "5092671642", "name": "Manhia Afuaman"}, "geometry": {"type": "Point", "coordinates": [-0.3523835, 5.6379388]}}, {"type": "Feature", "properties": {"stop_id": "5092671643", "name": "Baajoo"}, "geometry": {"type": "Point", "coordinates": [-0.3493207, 5.6401947]}}, {"type": "Feature", "properties": {"stop_id": "5092671644", "name": "Israel"}, "geometry": {"type": "Point", "coordinates": [-0.3221449, 5.6307841]}}, {"type": "Feature", "properties": {"stop_id": "SA5000996583", "name": "Emmanuel Presby"}, "geometry": {"type": "Point", "coordinates": [-0.2646296, 5.5484033]}}, {"type": "Feature", "properties": {"stop_id": "SA5113124879", "name": "Abidjan Junction"}, "geometry": {"type": "Point", "coordinates": [-0.2058082, 5.6992328]}}, {"type": "Feature", "properties": {"stop_id": "4996770212", "name": "Kaneshie"}, "geometry": {"type": "Point", "coordinates": [-0.2349515, 5.5645675]}}, {"type": "Feature", "properties": {"stop_id": "SA5000996591", "name": "Dansoman Asoredanho"}, "geometry": {"type": "Point", "coordinates": [-0.2553578, 5.5703992]}}, {"type": "Feature", "properties": {"stop_id": "SA5102717949", "name": "1st stop"}, "geometry": {"type": "Point", "coordinates": [-0.2270166, 5.5294972]}}, {"type": "Feature", "properties": {"stop_id": "SA5000996592", "name": "Hansonic Taxi Rank"}, "geometry": {"type": "Point", "coordinates": [-0.2526072, 5.5747317]}}, {"type": "Feature", "properties": {"stop_id": "4989366228", "name": "Circle Neoplan Station"}, "geometry": {"type": "Point", "coordinates": [-0.2182021, 5.5690587]}}, {"type": "Feature", "properties": {"stop_id": "SA5030747560", "name": "SGS"}, "geometry": {"type": "Point", "coordinates": [-0.1919126, 5.6022405]}}, {"type": "Feature", "properties": {"stop_id": "SA5030747563", "name": "Bostal"}, "geometry": {"type": "Point", "coordinates": [-0.1887972, 5.6064145]}}, {"type": "Feature", "properties": {"stop_id": "SA5030747562", "name": "Sign Board"}, "geometry": {"type": "Point", "coordinates": [-0.1882673, 5.601947]}}, {"type": "Feature", "properties": {"stop_id": "5025335723", "name": "Mangoase"}, "geometry": {"type": "Point", "coordinates": [-0.2529188, 5.5356756]}}, {"type": "Feature", "properties": {"stop_id": "SA5030747564", "name": "Bostal Second"}, "geometry": {"type": "Point", "coordinates": [-0.1882234, 5.6072741]}}, {"type": "Feature", "properties": {"stop_id": "SA5030747567", "name": "Chinese Curve"}, "geometry": {"type": "Point", "coordinates": [-0.1857613, 5.6110061]}}, {"type": "Feature", "properties": {"stop_id": "5064806874", "name": "Perpetual"}, "geometry": {"type": "Point", "coordinates": [-0.2503596, 5.6200836]}}, {"type": "Feature", "properties": {"stop_id": "SA5030747569", "name": "T Junction"}, "geometry": {"type": "Point", "coordinates": [-0.1875397, 5.6133414]}}, {"type": "Feature", "properties": {"stop_id": "SA5030747568", "name": "Chinese"}, "geometry": {"type": "Point", "coordinates": [-0.1866637, 5.6119828]}}, {"type": "Feature", "properties": {"stop_id": "5028327330", "name": "Circle Last Stop"}, "geometry": {"type": "Point", "coordinates": [-0.2171286, 5.5690985]}}, {"type": "Feature", "properties": {"stop_id": "5027298821", "name": "Official Town"}, "geometry": {"type": "Point", "coordinates": [-0.2594675, 5.5955406]}}, {"type": "Feature", "properties": {"stop_id": "5035697845", "name": "18"}, "geometry": {"type": "Point", "coordinates": [-0.1951143, 5.6408729]}}, {"type": "Feature", "properties": {"stop_id": "5035697844", "name": "Legon police station"}, "geometry": {"type": "Point", "coordinates": [-0.1796585, 5.6512919]}}, {"type": "Feature", "properties": {"stop_id": "SA5022982312", "name": "Add a name to the stop with JungleBus app"}, "geometry": {"type": "Point", "coordinates": [-0.2756026, 5.6058022]}}, {"type": "Feature", "properties": {"stop_id": "SA5022982313", "name": "Goil"}, "geometry": {"type": "Point", "coordinates": [-0.2689553, 5.5935897]}}, {"type": "Feature", "properties": {"stop_id": "5087376299", "name": "Darkuman"}, "geometry": {"type": "Point", "coordinates": [-0.2512109, 5.5887569]}}, {"type": "Feature", "properties": {"stop_id": "SA5022982311", "name": "Junction"}, "geometry": {"type": "Point", "coordinates": [-0.2832786, 5.6117364]}}, {"type": "Feature", "properties": {"stop_id": "SA5049594489", "name": "Traffic Light"}, "geometry": {"type": "Point", "coordinates": [-0.2174918, 5.5794951]}}, {"type": "Feature", "properties": {"stop_id": "SA4995054810", "name": "Koala"}, "geometry": {"type": "Point", "coordinates": [-0.1811262, 5.5661404]}}, {"type": "Feature", "properties": {"stop_id": "4740602036", "name": "Odorkor"}, "geometry": {"type": "Point", "coordinates": [-0.2648468, 5.5796764]}}, {"type": "Feature", "properties": {"stop_id": "4740602037", "name": "Legon Second"}, "geometry": {"type": "Point", "coordinates": [-0.1799915, 5.6518837]}}, {"type": "Feature", "properties": {"stop_id": "5031266300", "name": "Demod"}, "geometry": {"type": "Point", "coordinates": [-0.2406325, 5.588813]}}, {"type": "Feature", "properties": {"stop_id": "SA5030747572", "name": "Second Container"}, "geometry": {"type": "Point", "coordinates": [-0.1828252, 5.6163772]}}, {"type": "Feature", "properties": {"stop_id": "SA2026403681", "name": "Dansoman Last Stop"}, "geometry": {"type": "Point", "coordinates": [-0.2653038, 5.5300359]}}, {"type": "Feature", "properties": {"stop_id": "5054364794", "name": "Last Chance"}, "geometry": {"type": "Point", "coordinates": [-0.1981811, 5.6118448]}}, {"type": "Feature", "properties": {"stop_id": "4997810037", "name": "Methodist"}, "geometry": {"type": "Point", "coordinates": [-0.2444205, 5.5348583]}}, {"type": "Feature", "properties": {"stop_id": "5026603975", "name": "Council"}, "geometry": {"type": "Point", "coordinates": [-0.2363652, 5.5761723]}}, {"type": "Feature", "properties": {"stop_id": "5030747559", "name": "Frensho"}, "geometry": {"type": "Point", "coordinates": [-0.1933949, 5.6018069]}}, {"type": "Feature", "properties": {"stop_id": "5113398163", "name": "National Theatre"}, "geometry": {"type": "Point", "coordinates": [-0.1997983, 5.5538539]}}, {"type": "Feature", "properties": {"stop_id": "5113398162", "name": "Ministries"}, "geometry": {"type": "Point", "coordinates": [-0.1989184, 5.5516431]}}, {"type": "Feature", "properties": {"stop_id": "5031328607", "name": "Museum"}, "geometry": {"type": "Point", "coordinates": [-0.2061224, 5.5611891]}}, {"type": "Feature", "properties": {"stop_id": "5113398166", "name": "Ashaiman Market"}, "geometry": {"type": "Point", "coordinates": [-0.0301026, 5.6878209]}}, {"type": "Feature", "properties": {"stop_id": "5113398165", "name": "Washing Bay"}, "geometry": {"type": "Point", "coordinates": [-0.0285948, 5.6857651]}}, {"type": "Feature", "properties": {"stop_id": "5035473851", "name": "Quarters"}, "geometry": {"type": "Point", "coordinates": [-0.2499908, 5.5862553]}}, {"type": "Feature", "properties": {"stop_id": "5025335721", "name": "Nku Kpotoi"}, "geometry": {"type": "Point", "coordinates": [-0.2494062, 5.535594]}}, {"type": "Feature", "properties": {"stop_id": "SA5120661648", "name": "Police Station Kanda"}, "geometry": {"type": "Point", "coordinates": [-0.1986692, 5.5752531]}}, {"type": "Feature", "properties": {"stop_id": "5030924914", "name": "Nima Station (Gutter Station)"}, "geometry": {"type": "Point", "coordinates": [-0.1966627, 5.5882723]}}, {"type": "Feature", "properties": {"stop_id": "5054364798", "name": "Top Radio"}, "geometry": {"type": "Point", "coordinates": [-0.2101658, 5.5770384]}}, {"type": "Feature", "properties": {"stop_id": "4997810033", "name": "205"}, "geometry": {"type": "Point", "coordinates": [-0.2540035, 5.5319607]}}, {"type": "Feature", "properties": {"stop_id": "5000972537", "name": "Dansoman Control"}, "geometry": {"type": "Point", "coordinates": [-0.2646542, 5.5462927]}}, {"type": "Feature", "properties": {"stop_id": "5082613245", "name": "Arena"}, "geometry": {"type": "Point", "coordinates": [-0.215753, 5.5457735]}}, {"type": "Feature", "properties": {"stop_id": "5000972536", "name": "Dansoman Police Station"}, "geometry": {"type": "Point", "coordinates": [-0.2646992, 5.5440301]}}, {"type": "Feature", "properties": {"stop_id": "4150793105", "name": "Spanner"}, "geometry": {"type": "Point", "coordinates": [-0.1764853, 5.620506]}}, {"type": "Feature", "properties": {"stop_id": "5037881463", "name": "Transformer"}, "geometry": {"type": "Point", "coordinates": [-0.2285898, 5.6476277]}}, {"type": "Feature", "properties": {"stop_id": "SA5110119206", "name": "Mataheko"}, "geometry": {"type": "Point", "coordinates": [-0.2439524, 5.5629792]}}, {"type": "Feature", "properties": {"stop_id": "5111784807", "name": "Peace Clinic"}, "geometry": {"type": "Point", "coordinates": [-0.2477508, 5.5660553]}}, {"type": "Feature", "properties": {"stop_id": "SA5020282543", "name": "Adjringanor/Otanor"}, "geometry": {"type": "Point", "coordinates": [-0.1345249, 5.6467064]}}, {"type": "Feature", "properties": {"stop_id": "SA5020282544", "name": "American House"}, "geometry": {"type": "Point", "coordinates": [-0.1500724, 5.6475723]}}, {"type": "Feature", "properties": {"stop_id": "5000996588", "name": "Akukofoto"}, "geometry": {"type": "Point", "coordinates": [-0.2600097, 5.5643918]}}, {"type": "Feature", "properties": {"stop_id": "SA5020282546", "name": "Accra End of the Motorway"}, "geometry": {"type": "Point", "coordinates": [-0.176012, 5.6273481]}}, {"type": "Feature", "properties": {"stop_id": "SA4996742720", "name": "JT"}, "geometry": {"type": "Point", "coordinates": [-0.2454452, 5.5626042]}}, {"type": "Feature", "properties": {"stop_id": "5036505669", "name": "Ebenezer"}, "geometry": {"type": "Point", "coordinates": [-0.1926581, 5.6673302]}}, {"type": "Feature", "properties": {"stop_id": "SA5014899349", "name": "Offtown"}, "geometry": {"type": "Point", "coordinates": [-0.3104681, 5.6178314]}}, {"type": "Feature", "properties": {"stop_id": "SA5014899348", "name": "Tarrazzo"}, "geometry": {"type": "Point", "coordinates": [-0.3120117, 5.6159829]}}, {"type": "Feature", "properties": {"stop_id": "5026151269", "name": "Pentecost"}, "geometry": {"type": "Point", "coordinates": [-0.2290969, 5.580235]}}, {"type": "Feature", "properties": {"stop_id": "SA4980841300", "name": "37"}, "geometry": {"type": "Point", "coordinates": [-0.179598, 5.5888594]}}, {"type": "Feature", "properties": {"stop_id": "SA5014899347", "name": "Waakye"}, "geometry": {"type": "Point", "coordinates": [-0.327984, 5.6091768]}}, {"type": "Feature", "properties": {"stop_id": "5037350646", "name": "Alajo Market"}, "geometry": {"type": "Point", "coordinates": [-0.2173704, 5.5907303]}}, {"type": "Feature", "properties": {"stop_id": "4971250982", "name": "Tetteh Quarshie / Roundabout"}, "geometry": {"type": "Point", "coordinates": [-0.1738463, 5.6240242]}}, {"type": "Feature", "properties": {"stop_id": "SA5036738891", "name": "Accra New Town (37 Station)"}, "geometry": {"type": "Point", "coordinates": [-0.2077006, 5.5867746]}}, {"type": "Feature", "properties": {"stop_id": "SA5036738890", "name": "Newtown Total"}, "geometry": {"type": "Point", "coordinates": [-0.2079115, 5.5857666]}}, {"type": "Feature", "properties": {"stop_id": "SA5036738893", "name": "Master Chef"}, "geometry": {"type": "Point", "coordinates": [-0.2074167, 5.588822]}}, {"type": "Feature", "properties": {"stop_id": "SA5036738892", "name": "Agbadinar"}, "geometry": {"type": "Point", "coordinates": [-0.2074913, 5.5882485]}}, {"type": "Feature", "properties": {"stop_id": "4984741723", "name": "Airport Second"}, "geometry": {"type": "Point", "coordinates": [-0.1765847, 5.6098268]}}, {"type": "Feature", "properties": {"stop_id": "SA5036738894", "name": "Five five"}, "geometry": {"type": "Point", "coordinates": [-0.2072625, 5.5897724]}}, {"type": "Feature", "properties": {"stop_id": "SA5036738897", "name": "Kotobabi Police Station"}, "geometry": {"type": "Point", "coordinates": [-0.204254, 5.5923915]}}, {"type": "Feature", "properties": {"stop_id": "SA5036738899", "name": "Club 1000"}, "geometry": {"type": "Point", "coordinates": [-0.200338, 5.596089]}}, {"type": "Feature", "properties": {"stop_id": "SA5036738898", "name": "Abavana"}, "geometry": {"type": "Point", "coordinates": [-0.2024678, 5.5944284]}}, {"type": "Feature", "properties": {"stop_id": "5000972539", "name": "Beecham"}, "geometry": {"type": "Point", "coordinates": [-0.2646241, 5.5520958]}}, {"type": "Feature", "properties": {"stop_id": "SA5024320815", "name": "Adusah Quarters"}, "geometry": {"type": "Point", "coordinates": [-0.2726838, 5.7325085]}}, {"type": "Feature", "properties": {"stop_id": "5000972538", "name": "Sahara"}, "geometry": {"type": "Point", "coordinates": [-0.2646495, 5.5498053]}}, {"type": "Feature", "properties": {"stop_id": "SA4983245621", "name": "Race Course"}, "geometry": {"type": "Point", "coordinates": [-0.2714308, 5.6141046]}}, {"type": "Feature", "properties": {"stop_id": "SA4982950480", "name": "Abeka Lapaz (Nii Boi)"}, "geometry": {"type": "Point", "coordinates": [-0.245237, 5.6077389]}}, {"type": "Feature", "properties": {"stop_id": "5036505667", "name": "Madina Zongo Junction"}, "geometry": {"type": "Point", "coordinates": [-0.1740525, 5.6784386]}}, {"type": "Feature", "properties": {"stop_id": "SA5038728621", "name": "SDA"}, "geometry": {"type": "Point", "coordinates": [-0.2521579, 5.6564006]}}, {"type": "Feature", "properties": {"stop_id": "5041513176", "name": "Christ Mission"}, "geometry": {"type": "Point", "coordinates": [-0.269609, 5.5944223]}}, {"type": "Feature", "properties": {"stop_id": "SA5038728623", "name": "Taifa Post Office"}, "geometry": {"type": "Point", "coordinates": [-0.2509083, 5.6511867]}}, {"type": "Feature", "properties": {"stop_id": "5041513174", "name": "Santa Maria Blue Kiosk"}, "geometry": {"type": "Point", "coordinates": [-0.272076, 5.5985939]}}, {"type": "Feature", "properties": {"stop_id": "5064890132", "name": "Action Chapel"}, "geometry": {"type": "Point", "coordinates": [-0.1657708, 5.6263623]}}, {"type": "Feature", "properties": {"stop_id": "5041513172", "name": "Drug Store"}, "geometry": {"type": "Point", "coordinates": [-0.2747723, 5.6029718]}}, {"type": "Feature", "properties": {"stop_id": "5041513171", "name": "Santa Maria"}, "geometry": {"type": "Point", "coordinates": [-0.2756832, 5.6057714]}}, {"type": "Feature", "properties": {"stop_id": "5064890131", "name": "Manet"}, "geometry": {"type": "Point", "coordinates": [-0.1281196, 5.6409092]}}, {"type": "Feature", "properties": {"stop_id": "SA5024322026", "name": "Quarters Junction"}, "geometry": {"type": "Point", "coordinates": [-0.2855397, 5.6982578]}}, {"type": "Feature", "properties": {"stop_id": "SA5024322027", "name": "Pokuase Agric"}, "geometry": {"type": "Point", "coordinates": [-0.2864658, 5.6962488]}}, {"type": "Feature", "properties": {"stop_id": "SA5024322024", "name": "Afiaman Pamprom"}, "geometry": {"type": "Point", "coordinates": [-0.2864823, 5.7099642]}}, {"type": "Feature", "properties": {"stop_id": "SA5024322025", "name": "Thank You Jesus"}, "geometry": {"type": "Point", "coordinates": [-0.2868885, 5.70851]}}, {"type": "Feature", "properties": {"stop_id": "SA5024322022", "name": "Alosa"}, "geometry": {"type": "Point", "coordinates": [-0.2830991, 5.7160821]}}, {"type": "Feature", "properties": {"stop_id": "SA5024322023", "name": "White House"}, "geometry": {"type": "Point", "coordinates": [-0.2836777, 5.7147037]}}, {"type": "Feature", "properties": {"stop_id": "SA5024785672", "name": "Pokuase-Amasaman Station"}, "geometry": {"type": "Point", "coordinates": [-0.2471755, 5.609563]}}, {"type": "Feature", "properties": {"stop_id": "SA5024322021", "name": "Agbodji"}, "geometry": {"type": "Point", "coordinates": [-0.281594, 5.7180034]}}, {"type": "Feature", "properties": {"stop_id": "5020021369", "name": "ABC Junction"}, "geometry": {"type": "Point", "coordinates": [-0.2362948, 5.6291763]}}, {"type": "Feature", "properties": {"stop_id": "5020021368", "name": "Mile 7"}, "geometry": {"type": "Point", "coordinates": [-0.2396654, 5.6344511]}}, {"type": "Feature", "properties": {"stop_id": "SA5024320817", "name": "Mayera Market"}, "geometry": {"type": "Point", "coordinates": [-0.2765037, 5.7262195]}}, {"type": "Feature", "properties": {"stop_id": "SA5039970964", "name": "Vulcanizer"}, "geometry": {"type": "Point", "coordinates": [-0.2033918, 5.5932618]}}, {"type": "Feature", "properties": {"stop_id": "5043353516", "name": "Darkuman junction"}, "geometry": {"type": "Point", "coordinates": [-0.2550811, 5.5770094]}}, {"type": "Feature", "properties": {"stop_id": "5020021367", "name": "Add a name to the stop with JungleBus app"}, "geometry": {"type": "Point", "coordinates": [-0.3103452, 5.7231592]}}, {"type": "Feature", "properties": {"stop_id": "5020021366", "name": "Pobiman"}, "geometry": {"type": "Point", "coordinates": [-0.3138179, 5.7352477]}}, {"type": "Feature", "properties": {"stop_id": "SA5024320819", "name": "Osofo Ama"}, "geometry": {"type": "Point", "coordinates": [-0.2782642, 5.7226657]}}, {"type": "Feature", "properties": {"stop_id": "1200964747", "name": "Under Bridge"}, "geometry": {"type": "Point", "coordinates": [-0.0435957, 5.6747917]}}, {"type": "Feature", "properties": {"stop_id": "4990070172", "name": "Fadama Junction"}, "geometry": {"type": "Point", "coordinates": [-0.2427124, 5.6031976]}}, {"type": "Feature", "properties": {"stop_id": "SA5028998323", "name": "Agblezaa"}, "geometry": {"type": "Point", "coordinates": [-0.1246237, 5.6169173]}}, {"type": "Feature", "properties": {"stop_id": "5084325672", "name": "Nii Bortey"}, "geometry": {"type": "Point", "coordinates": [-0.2896446, 5.596397]}}, {"type": "Feature", "properties": {"stop_id": "5084325673", "name": "Calvary"}, "geometry": {"type": "Point", "coordinates": [-0.2885705, 5.5935559]}}, {"type": "Feature", "properties": {"stop_id": "5084325670", "name": "Academy"}, "geometry": {"type": "Point", "coordinates": [-0.2951326, 5.6059551]}}, {"type": "Feature", "properties": {"stop_id": "5008726861", "name": "McCarthy"}, "geometry": {"type": "Point", "coordinates": [-0.2879177, 5.5670112]}}, {"type": "Feature", "properties": {"stop_id": "5051364306", "name": "Maingate"}, "geometry": {"type": "Point", "coordinates": [-0.2146793, 5.5530563]}}, {"type": "Feature", "properties": {"stop_id": "5084325674", "name": "Rana motors"}, "geometry": {"type": "Point", "coordinates": [-0.2244496, 5.5585234]}}, {"type": "Feature", "properties": {"stop_id": "SA5025315252", "name": "Market"}, "geometry": {"type": "Point", "coordinates": [-0.2067987, 5.5446021]}}, {"type": "Feature", "properties": {"stop_id": "SA5025315253", "name": "Melcom"}, "geometry": {"type": "Point", "coordinates": [-0.2070333, 5.5431965]}}, {"type": "Feature", "properties": {"stop_id": "SA5025315250", "name": "Kaneshie Foot Bridge"}, "geometry": {"type": "Point", "coordinates": [-0.2359506, 5.5651668]}}, {"type": "Feature", "properties": {"stop_id": "SA5025315251", "name": "Makola Tudu"}, "geometry": {"type": "Point", "coordinates": [-0.2070851, 5.5476549]}}, {"type": "Feature", "properties": {"stop_id": "SA5025315256", "name": "Boxing Arena"}, "geometry": {"type": "Point", "coordinates": [-0.2206202, 5.5373444]}}, {"type": "Feature", "properties": {"stop_id": "SA5025315254", "name": "Methodist Church of Ghana"}, "geometry": {"type": "Point", "coordinates": [-0.2121381, 5.536337]}}, {"type": "Feature", "properties": {"stop_id": "SA5079586572", "name": "Curve"}, "geometry": {"type": "Point", "coordinates": [-0.2258668, 5.6196832]}}, {"type": "Feature", "properties": {"stop_id": "SA5079586573", "name": "Vulcanizer"}, "geometry": {"type": "Point", "coordinates": [-0.2250184, 5.6196274]}}, {"type": "Feature", "properties": {"stop_id": "SA5079586576", "name": "Library"}, "geometry": {"type": "Point", "coordinates": [-0.1918205, 5.5885563]}}, {"type": "Feature", "properties": {"stop_id": "SA5079586577", "name": "441"}, "geometry": {"type": "Point", "coordinates": [-0.1924785, 5.5868755]}}, {"type": "Feature", "properties": {"stop_id": "5022354485", "name": "Mt Olivet"}, "geometry": {"type": "Point", "coordinates": [-0.2679526, 5.5606572]}}, {"type": "Feature", "properties": {"stop_id": "SA5022509205", "name": "Mamprobi Post Office"}, "geometry": {"type": "Point", "coordinates": [-0.2370463, 5.5338358]}}, {"type": "Feature", "properties": {"stop_id": "5022354487", "name": "Old School"}, "geometry": {"type": "Point", "coordinates": [-0.2725079, 5.560424]}}, {"type": "Feature", "properties": {"stop_id": "5022354486", "name": "Abam Kofi"}, "geometry": {"type": "Point", "coordinates": [-0.270854, 5.5616542]}}, {"type": "Feature", "properties": {"stop_id": "5022354481", "name": "Mataheko Quarters"}, "geometry": {"type": "Point", "coordinates": [-0.2475403, 5.5719739]}}, {"type": "Feature", "properties": {"stop_id": "5022354480", "name": "Accra Academy"}, "geometry": {"type": "Point", "coordinates": [-0.2455052, 5.5707697]}}, {"type": "Feature", "properties": {"stop_id": "5022354483", "name": "Hansonic"}, "geometry": {"type": "Point", "coordinates": [-0.2529415, 5.5740151]}}, {"type": "Feature", "properties": {"stop_id": "5022354482", "name": "Atico"}, "geometry": {"type": "Point", "coordinates": [-0.2511787, 5.5741643]}}, {"type": "Feature", "properties": {"stop_id": "5022354488", "name": "SSNIT Flats"}, "geometry": {"type": "Point", "coordinates": [-0.2729045, 5.5618809]}}, {"type": "Feature", "properties": {"stop_id": "5040597423", "name": "Masalaashi Israel"}, "geometry": {"type": "Point", "coordinates": [-0.2666686, 5.6309433]}}, {"type": "Feature", "properties": {"stop_id": "SA5022509201", "name": "UTC"}, "geometry": {"type": "Point", "coordinates": [-0.2172129, 5.5380858]}}, {"type": "Feature", "properties": {"stop_id": "SA5045353364", "name": "First Junction"}, "geometry": {"type": "Point", "coordinates": [-0.2438623, 5.5531498]}}, {"type": "Feature", "properties": {"stop_id": "SA5045353362", "name": "Transformer"}, "geometry": {"type": "Point", "coordinates": [-0.2438382, 5.5489919]}}, {"type": "Feature", "properties": {"stop_id": "5026151288", "name": "North Last Stop"}, "geometry": {"type": "Point", "coordinates": [-0.2425362, 5.5948638]}}, {"type": "Feature", "properties": {"stop_id": "SA5045353360", "name": "Video City"}, "geometry": {"type": "Point", "coordinates": [-0.2439343, 5.5467781]}}, {"type": "Feature", "properties": {"stop_id": "SA5045353361", "name": "Lotto Kiosk"}, "geometry": {"type": "Point", "coordinates": [-0.2438196, 5.5479323]}}, {"type": "Feature", "properties": {"stop_id": "4981090366", "name": "Achimota Club House"}, "geometry": {"type": "Point", "coordinates": [-0.2192451, 5.6220881]}}, {"type": "Feature", "properties": {"stop_id": "4981090367", "name": "Forestry Commission"}, "geometry": {"type": "Point", "coordinates": [-0.2088308, 5.6390987]}}, {"type": "Feature", "properties": {"stop_id": "4981090364", "name": "Legon Barrier"}, "geometry": {"type": "Point", "coordinates": [-0.1979135, 5.6415839]}}, {"type": "Feature", "properties": {"stop_id": "4981090365", "name": "Christian Village"}, "geometry": {"type": "Point", "coordinates": [-0.214652, 5.6353879]}}, {"type": "Feature", "properties": {"stop_id": "5030249500", "name": "Second Gate"}, "geometry": {"type": "Point", "coordinates": [-0.2021079, 5.5648661]}}, {"type": "Feature", "properties": {"stop_id": "4981090363", "name": "Ayido"}, "geometry": {"type": "Point", "coordinates": [-0.193736, 5.6407052]}}, {"type": "Feature", "properties": {"stop_id": "5030249502", "name": "Nima Market"}, "geometry": {"type": "Point", "coordinates": [-0.199501, 5.5801218]}}, {"type": "Feature", "properties": {"stop_id": "4981090361", "name": "Achimota Hospital"}, "geometry": {"type": "Point", "coordinates": [-0.2191415, 5.6275004]}}, {"type": "Feature", "properties": {"stop_id": "SA5064519466", "name": "Prince of peace"}, "geometry": {"type": "Point", "coordinates": [-0.2317989, 5.5795709]}}, {"type": "Feature", "properties": {"stop_id": "4740682127", "name": "Weija Barrier"}, "geometry": {"type": "Point", "coordinates": [-0.3292343, 5.5511501]}}, {"type": "Feature", "properties": {"stop_id": "SA5064519465", "name": "Mama Lizzy"}, "geometry": {"type": "Point", "coordinates": [-0.2318464, 5.5850717]}}, {"type": "Feature", "properties": {"stop_id": "4981090368", "name": "GIMPA"}, "geometry": {"type": "Point", "coordinates": [-0.2052399, 5.6413781]}}, {"type": "Feature", "properties": {"stop_id": "4981090369", "name": "Golf Park"}, "geometry": {"type": "Point", "coordinates": [-0.2194433, 5.6301744]}}, {"type": "Feature", "properties": {"stop_id": "SA5024785673", "name": "Total"}, "geometry": {"type": "Point", "coordinates": [-0.2266461, 5.6090094]}}, {"type": "Feature", "properties": {"stop_id": "SA5000176420", "name": "Dansoman Roundabout"}, "geometry": {"type": "Point", "coordinates": [-0.2646243, 5.5567255]}}, {"type": "Feature", "properties": {"stop_id": "5064974042", "name": "Block Factory"}, "geometry": {"type": "Point", "coordinates": [-0.1392511, 5.645716]}}, {"type": "Feature", "properties": {"stop_id": "5023802914", "name": "Abeka Lapaz"}, "geometry": {"type": "Point", "coordinates": [-0.2494132, 5.605819]}}, {"type": "Feature", "properties": {"stop_id": "SA4990251219", "name": "Gym"}, "geometry": {"type": "Point", "coordinates": [-0.2372998, 5.6560279]}}, {"type": "Feature", "properties": {"stop_id": "SA4990251218", "name": "Born again"}, "geometry": {"type": "Point", "coordinates": [-0.2373291, 5.6579628]}}, {"type": "Feature", "properties": {"stop_id": "5023802910", "name": "Pharmacy"}, "geometry": {"type": "Point", "coordinates": [-0.2408937, 5.5809688]}}, {"type": "Feature", "properties": {"stop_id": "5023802911", "name": "Atico"}, "geometry": {"type": "Point", "coordinates": [-0.2460569, 5.5807929]}}, {"type": "Feature", "properties": {"stop_id": "5023802913", "name": "Fadama Junction"}, "geometry": {"type": "Point", "coordinates": [-0.2541305, 5.5975737]}}, {"type": "Feature", "properties": {"stop_id": "SA4990251213", "name": "Point 1"}, "geometry": {"type": "Point", "coordinates": [-0.2412945, 5.6762328]}}, {"type": "Feature", "properties": {"stop_id": "SA4990251212", "name": "Point 2"}, "geometry": {"type": "Point", "coordinates": [-0.2419295, 5.6778555]}}, {"type": "Feature", "properties": {"stop_id": "SA4990251211", "name": "Mosuku Junction"}, "geometry": {"type": "Point", "coordinates": [-0.2427425, 5.6802783]}}, {"type": "Feature", "properties": {"stop_id": "SA4990251210", "name": "White House"}, "geometry": {"type": "Point", "coordinates": [-0.2431931, 5.6812955]}}, {"type": "Feature", "properties": {"stop_id": "SA4990251217", "name": "Dome New Station"}, "geometry": {"type": "Point", "coordinates": [-0.2373407, 5.6605076]}}, {"type": "Feature", "properties": {"stop_id": "SA4990251216", "name": "Atomic First"}, "geometry": {"type": "Point", "coordinates": [-0.2387718, 5.6672489]}}, {"type": "Feature", "properties": {"stop_id": "SA4990251215", "name": "Atomic Second"}, "geometry": {"type": "Point", "coordinates": [-0.2388474, 5.6685261]}}, {"type": "Feature", "properties": {"stop_id": "SA4990251214", "name": "Stores"}, "geometry": {"type": "Point", "coordinates": [-0.240374, 5.6729747]}}, {"type": "Feature", "properties": {"stop_id": "SA5028671591", "name": "Total"}, "geometry": {"type": "Point", "coordinates": [-0.14122, 5.5641225]}}, {"type": "Feature", "properties": {"stop_id": "5008553424", "name": "CP"}, "geometry": {"type": "Point", "coordinates": [-0.2118865, 5.6157442]}}, {"type": "Feature", "properties": {"stop_id": "SA5028671593", "name": "Junction"}, "geometry": {"type": "Point", "coordinates": [-0.1323806, 5.5669273]}}, {"type": "Feature", "properties": {"stop_id": "SA5028671592", "name": "Telephone"}, "geometry": {"type": "Point", "coordinates": [-0.1391877, 5.5645376]}}, {"type": "Feature", "properties": {"stop_id": "SA5028671595", "name": "Hotel"}, "geometry": {"type": "Point", "coordinates": [-0.1311575, 5.5920728]}}, {"type": "Feature", "properties": {"stop_id": "SA5043308479", "name": "Water"}, "geometry": {"type": "Point", "coordinates": [-0.2635662, 5.5811142]}}, {"type": "Feature", "properties": {"stop_id": "SA5064189137", "name": "Bridge"}, "geometry": {"type": "Point", "coordinates": [-0.331826, 5.7570227]}}, {"type": "Feature", "properties": {"stop_id": "SA5064189136", "name": "Voltic"}, "geometry": {"type": "Point", "coordinates": [-0.3295392, 5.7586082]}}, {"type": "Feature", "properties": {"stop_id": "SA5064189139", "name": "Rush"}, "geometry": {"type": "Point", "coordinates": [-0.3452904, 5.7479435]}}, {"type": "Feature", "properties": {"stop_id": "SA5064189138", "name": "Akotoshi No 2"}, "geometry": {"type": "Point", "coordinates": [-0.3419747, 5.7500941]}}, {"type": "Feature", "properties": {"stop_id": "SA5047542823", "name": "Yellow House"}, "geometry": {"type": "Point", "coordinates": [-0.271889, 5.5243274]}}, {"type": "Feature", "properties": {"stop_id": "5001014673", "name": "Emmanuel Presby"}, "geometry": {"type": "Point", "coordinates": [-0.2645108, 5.548345]}}, {"type": "Feature", "properties": {"stop_id": "5001014670", "name": "Dansoman Polyclinic"}, "geometry": {"type": "Point", "coordinates": [-0.2601857, 5.5611411]}}, {"type": "Feature", "properties": {"stop_id": "5001014671", "name": "Dansoman First Stop"}, "geometry": {"type": "Point", "coordinates": [-0.2601891, 5.5599771]}}, {"type": "Feature", "properties": {"stop_id": "5109596752", "name": "Christian Centre"}, "geometry": {"type": "Point", "coordinates": [-0.1502392, 5.6384138]}}, {"type": "Feature", "properties": {"stop_id": "5001014674", "name": "Wesley Grammar"}, "geometry": {"type": "Point", "coordinates": [-0.2582445, 5.5668523]}}, {"type": "Feature", "properties": {"stop_id": "5001014675", "name": "Abomatte"}, "geometry": {"type": "Point", "coordinates": [-0.2601868, 5.5626814]}}, {"type": "Feature", "properties": {"stop_id": "SA5023989064", "name": "Kpogas"}, "geometry": {"type": "Point", "coordinates": [-0.1646957, 5.5571281]}}, {"type": "Feature", "properties": {"stop_id": "SA3210498662", "name": "Villas"}, "geometry": {"type": "Point", "coordinates": [-0.155464, 5.5791002]}}, {"type": "Feature", "properties": {"stop_id": "5124553578", "name": "Sukura (Kwahu Store)"}, "geometry": {"type": "Point", "coordinates": [-0.25222, 5.5521816]}}, {"type": "Feature", "properties": {"stop_id": "SA5051364312", "name": "Awoshie Junction"}, "geometry": {"type": "Point", "coordinates": [-0.2958537, 5.6062098]}}, {"type": "Feature", "properties": {"stop_id": "5026070129", "name": "Adodo"}, "geometry": {"type": "Point", "coordinates": [-0.2361093, 5.5886825]}}, {"type": "Feature", "properties": {"stop_id": "5026070128", "name": "CMB Flats"}, "geometry": {"type": "Point", "coordinates": [-0.2373856, 5.5896031]}}, {"type": "Feature", "properties": {"stop_id": "5026070127", "name": "Amankwah"}, "geometry": {"type": "Point", "coordinates": [-0.2384434, 5.5890583]}}, {"type": "Feature", "properties": {"stop_id": "5026070126", "name": "Agya Paye"}, "geometry": {"type": "Point", "coordinates": [-0.2403142, 5.5947054]}}, {"type": "Feature", "properties": {"stop_id": "5026070123", "name": "Social Welfare"}, "geometry": {"type": "Point", "coordinates": [-0.2342641, 5.5687881]}}, {"type": "Feature", "properties": {"stop_id": "5113124878", "name": "Down Town"}, "geometry": {"type": "Point", "coordinates": [-0.208143, 5.7014683]}}, {"type": "Feature", "properties": {"stop_id": "5113124879", "name": "Abidjan Junction"}, "geometry": {"type": "Point", "coordinates": [-0.2058082, 5.6992328]}}, {"type": "Feature", "properties": {"stop_id": "5022509204", "name": "Awots\u025b Kojo"}, "geometry": {"type": "Point", "coordinates": [-0.2327288, 5.5347944]}}, {"type": "Feature", "properties": {"stop_id": "4983245621", "name": "Race Course"}, "geometry": {"type": "Point", "coordinates": [-0.2714308, 5.6141046]}}, {"type": "Feature", "properties": {"stop_id": "5113124877", "name": "Ashongman"}, "geometry": {"type": "Point", "coordinates": [-0.2103426, 5.7035478]}}, {"type": "Feature", "properties": {"stop_id": "4990423839", "name": "Mile 7 T-Junction Top"}, "geometry": {"type": "Point", "coordinates": [-0.2505813, 5.6263015]}}, {"type": "Feature", "properties": {"stop_id": "5041783463", "name": "Borlaso"}, "geometry": {"type": "Point", "coordinates": [-0.2609076, 5.6091429]}}, {"type": "Feature", "properties": {"stop_id": "5041783466", "name": "Lomnava Junction"}, "geometry": {"type": "Point", "coordinates": [-0.2790803, 5.6311397]}}, {"type": "Feature", "properties": {"stop_id": "5041783467", "name": "Mambo"}, "geometry": {"type": "Point", "coordinates": [-0.2851109, 5.6310791]}}, {"type": "Feature", "properties": {"stop_id": "5041783464", "name": "Israel Station"}, "geometry": {"type": "Point", "coordinates": [-0.2691131, 5.6314315]}}, {"type": "Feature", "properties": {"stop_id": "5041783465", "name": "Kyeiwaa Junction"}, "geometry": {"type": "Point", "coordinates": [-0.2748051, 5.6311641]}}, {"type": "Feature", "properties": {"stop_id": "5102845904", "name": "Shiabu"}, "geometry": {"type": "Point", "coordinates": [-0.2566779, 5.5253011]}}, {"type": "Feature", "properties": {"stop_id": "5041783468", "name": "Mensah Addo"}, "geometry": {"type": "Point", "coordinates": [-0.2840878, 5.6333345]}}, {"type": "Feature", "properties": {"stop_id": "5041783469", "name": "Presby"}, "geometry": {"type": "Point", "coordinates": [-0.2891894, 5.6344043]}}, {"type": "Feature", "properties": {"stop_id": "5023989057", "name": "New Life"}, "geometry": {"type": "Point", "coordinates": [-0.1499365, 5.5663621]}}, {"type": "Feature", "properties": {"stop_id": "5023989056", "name": "Akrowa House"}, "geometry": {"type": "Point", "coordinates": [-0.1490874, 5.5677204]}}, {"type": "Feature", "properties": {"stop_id": "5023989055", "name": "Trade Fair (La)"}, "geometry": {"type": "Point", "coordinates": [-0.1483209, 5.5689028]}}, {"type": "Feature", "properties": {"stop_id": "SA5084819922", "name": "Odorkor Market"}, "geometry": {"type": "Point", "coordinates": [-0.2641332, 5.5829571]}}, {"type": "Feature", "properties": {"stop_id": "SA5027264674", "name": "Extra O"}, "geometry": {"type": "Point", "coordinates": [-0.2423556, 5.5290841]}}, {"type": "Feature", "properties": {"stop_id": "SA5084819921", "name": "Kwashieman School Junction"}, "geometry": {"type": "Point", "coordinates": [-0.2670071, 5.5896671]}}, {"type": "Feature", "properties": {"stop_id": "5116094288", "name": "Aquettey"}, "geometry": {"type": "Point", "coordinates": [-0.2159321, 5.6077479]}}, {"type": "Feature", "properties": {"stop_id": "5023989059", "name": "Agus"}, "geometry": {"type": "Point", "coordinates": [-0.1522827, 5.5633682]}}, {"type": "Feature", "properties": {"stop_id": "5023989058", "name": "Auntie Otsoo"}, "geometry": {"type": "Point", "coordinates": [-0.1514542, 5.5640919]}}, {"type": "Feature", "properties": {"stop_id": "SA5008528043", "name": "Site 7"}, "geometry": {"type": "Point", "coordinates": [-0.0008416, 5.652834]}}, {"type": "Feature", "properties": {"stop_id": "5116094289", "name": "White House"}, "geometry": {"type": "Point", "coordinates": [-0.216987, 5.6096616]}}, {"type": "Feature", "properties": {"stop_id": "5041226371", "name": "Awoshie"}, "geometry": {"type": "Point", "coordinates": [-0.2794811, 5.5869789]}}, {"type": "Feature", "properties": {"stop_id": "SA5024569734", "name": "Pokuase Junction main Road"}, "geometry": {"type": "Point", "coordinates": [-0.280649, 5.6864094]}}, {"type": "Feature", "properties": {"stop_id": "4990251220", "name": "Dome Mobil"}, "geometry": {"type": "Point", "coordinates": [-0.2373266, 5.6537977]}}, {"type": "Feature", "properties": {"stop_id": "SA5111681609", "name": "Darkuman junction"}, "geometry": {"type": "Point", "coordinates": [-0.2526922, 5.5915404]}}, {"type": "Feature", "properties": {"stop_id": "SA5111681608", "name": "Sun Flower Junction"}, "geometry": {"type": "Point", "coordinates": [-0.2432211, 5.5897151]}}, {"type": "Feature", "properties": {"stop_id": "5022942949", "name": "Masalatsi"}, "geometry": {"type": "Point", "coordinates": [-0.2540688, 5.5456878]}}, {"type": "Feature", "properties": {"stop_id": "5022942948", "name": "Five Five"}, "geometry": {"type": "Point", "coordinates": [-0.2540345, 5.5469124]}}, {"type": "Feature", "properties": {"stop_id": "4994875969", "name": "Roxy Cinema"}, "geometry": {"type": "Point", "coordinates": [-0.2124429, 5.5577685]}}, {"type": "Feature", "properties": {"stop_id": "SA5043051318", "name": "Printing press"}, "geometry": {"type": "Point", "coordinates": [-0.279609, 5.62363]}}, {"type": "Feature", "properties": {"stop_id": "SA5043051319", "name": "Dega"}, "geometry": {"type": "Point", "coordinates": [-0.2759022, 5.61532]}}, {"type": "Feature", "properties": {"stop_id": "5040742581", "name": "Lomnava First Curve"}, "geometry": {"type": "Point", "coordinates": [-0.2716413, 5.6314904]}}, {"type": "Feature", "properties": {"stop_id": "5022942947", "name": "Station"}, "geometry": {"type": "Point", "coordinates": [-0.2552394, 5.5470054]}}, {"type": "Feature", "properties": {"stop_id": "5022942946", "name": "Zambrama Line"}, "geometry": {"type": "Point", "coordinates": [-0.2573485, 5.5496889]}}, {"type": "Feature", "properties": {"stop_id": "5051364309", "name": "Awoshie Vineyard"}, "geometry": {"type": "Point", "coordinates": [-0.2748911, 5.5833641]}}, {"type": "Feature", "properties": {"stop_id": "5051364308", "name": "Dansoman Junction"}, "geometry": {"type": "Point", "coordinates": [-0.2525564, 5.5749979]}}, {"type": "Feature", "properties": {"stop_id": "5041737427", "name": "Junction"}, "geometry": {"type": "Point", "coordinates": [-0.2906157, 5.6359516]}}, {"type": "Feature", "properties": {"stop_id": "5039908066", "name": "Circle Lido"}, "geometry": {"type": "Point", "coordinates": [-0.2145516, 5.5733002]}}, {"type": "Feature", "properties": {"stop_id": "5039908067", "name": "Roman Junction"}, "geometry": {"type": "Point", "coordinates": [-0.2130668, 5.5852509]}}, {"type": "Feature", "properties": {"stop_id": "5096135458", "name": "Accra Rawlings Park"}, "geometry": {"type": "Point", "coordinates": [-0.2076333, 5.5457443]}}, {"type": "Feature", "properties": {"stop_id": "5039908069", "name": "Bakery"}, "geometry": {"type": "Point", "coordinates": [-0.2091599, 5.5884041]}}, {"type": "Feature", "properties": {"stop_id": "5039976074", "name": "Asantewaa"}, "geometry": {"type": "Point", "coordinates": [-0.2105004, 5.5796924]}}, {"type": "Feature", "properties": {"stop_id": "5039976075", "name": "Mallam Atta"}, "geometry": {"type": "Point", "coordinates": [-0.2090541, 5.5816598]}}, {"type": "Feature", "properties": {"stop_id": "5039976072", "name": "Express"}, "geometry": {"type": "Point", "coordinates": [-0.2126757, 5.5767693]}}, {"type": "Feature", "properties": {"stop_id": "5039976073", "name": "Fidelity"}, "geometry": {"type": "Point", "coordinates": [-0.2120326, 5.5776349]}}, {"type": "Feature", "properties": {"stop_id": "5039976070", "name": "City Lights"}, "geometry": {"type": "Point", "coordinates": [-0.2144748, 5.5743607]}}, {"type": "Feature", "properties": {"stop_id": "5039976071", "name": "Quarters"}, "geometry": {"type": "Point", "coordinates": [-0.2140476, 5.5749693]}}, {"type": "Feature", "properties": {"stop_id": "5010303806", "name": "Agya Herbal"}, "geometry": {"type": "Point", "coordinates": [-0.2719572, 5.6723741]}}, {"type": "Feature", "properties": {"stop_id": "5112822915", "name": "Club 1000"}, "geometry": {"type": "Point", "coordinates": [-0.200693, 5.5957947]}}, {"type": "Feature", "properties": {"stop_id": "5079446426", "name": "Akotoshi No 2"}, "geometry": {"type": "Point", "coordinates": [-0.3421443, 5.7500896]}}, {"type": "Feature", "properties": {"stop_id": "5112822913", "name": "Kanda Overhead"}, "geometry": {"type": "Point", "coordinates": [-0.1983432, 5.5747177]}}, {"type": "Feature", "properties": {"stop_id": "5112822912", "name": "Novotel"}, "geometry": {"type": "Point", "coordinates": [-0.2047964, 5.5539658]}}, {"type": "Feature", "properties": {"stop_id": "SA4996770215", "name": "Seventh Day Adventist"}, "geometry": {"type": "Point", "coordinates": [-0.246258, 5.5591138]}}, {"type": "Feature", "properties": {"stop_id": "5010303807", "name": "Links Garden"}, "geometry": {"type": "Point", "coordinates": [-0.2466654, 5.6148022]}}, {"type": "Feature", "properties": {"stop_id": "5058536217", "name": "Mallam Attah"}, "geometry": {"type": "Point", "coordinates": [-0.2097192, 5.5794835]}}, {"type": "Feature", "properties": {"stop_id": "5051364307", "name": "Kaneshie"}, "geometry": {"type": "Point", "coordinates": [-0.2394929, 5.5673347]}}, {"type": "Feature", "properties": {"stop_id": "SA5025314720", "name": "Tudu"}, "geometry": {"type": "Point", "coordinates": [-0.2079041, 5.5512188]}}, {"type": "Feature", "properties": {"stop_id": "SA5043131242", "name": "Polo"}, "geometry": {"type": "Point", "coordinates": [-0.2750455, 5.6101006]}}, {"type": "Feature", "properties": {"stop_id": "5035642557", "name": "Bridge"}, "geometry": {"type": "Point", "coordinates": [-0.2311246, 5.6836872]}}, {"type": "Feature", "properties": {"stop_id": "5035642556", "name": "2nd Lotto kiosk"}, "geometry": {"type": "Point", "coordinates": [-0.2347146, 5.681497]}}, {"type": "Feature", "properties": {"stop_id": "5035642555", "name": "Emmanuel"}, "geometry": {"type": "Point", "coordinates": [-0.2403812, 5.6809851]}}, {"type": "Feature", "properties": {"stop_id": "5035642554", "name": "Achimota Overhead"}, "geometry": {"type": "Point", "coordinates": [-0.2314396, 5.6210766]}}, {"type": "Feature", "properties": {"stop_id": "4990644982", "name": "Shell"}, "geometry": {"type": "Point", "coordinates": [-0.1075882, 5.6402526]}}, {"type": "Feature", "properties": {"stop_id": "5035642559", "name": "Melcom"}, "geometry": {"type": "Point", "coordinates": [-0.2321053, 5.6889122]}}, {"type": "Feature", "properties": {"stop_id": "5035642558", "name": "Hospital"}, "geometry": {"type": "Point", "coordinates": [-0.2314287, 5.6852712]}}, {"type": "Feature", "properties": {"stop_id": "SA5027216643", "name": "Mr Mensah"}, "geometry": {"type": "Point", "coordinates": [-0.2614854, 5.539017]}}, {"type": "Feature", "properties": {"stop_id": "SA5027216642", "name": "Exhibition"}, "geometry": {"type": "Point", "coordinates": [-0.2642468, 5.5373987]}}, {"type": "Feature", "properties": {"stop_id": "5093104322", "name": "Flamingo"}, "geometry": {"type": "Point", "coordinates": [-0.2445081, 5.5645406]}}, {"type": "Feature", "properties": {"stop_id": "5093104321", "name": "Atico"}, "geometry": {"type": "Point", "coordinates": [-0.2507167, 5.5743722]}}, {"type": "Feature", "properties": {"stop_id": "3109289830", "name": "Odorna"}, "geometry": {"type": "Point", "coordinates": [-0.2173233, 5.5673255]}}, {"type": "Feature", "properties": {"stop_id": "4979349924", "name": "Korle Bu"}, "geometry": {"type": "Point", "coordinates": [-0.2264147, 5.5361606]}}, {"type": "Feature", "properties": {"stop_id": "SA5015015400", "name": "Masalaashi"}, "geometry": {"type": "Point", "coordinates": [-0.3134528, 5.6141756]}}, {"type": "Feature", "properties": {"stop_id": "4752766522", "name": "Been To"}, "geometry": {"type": "Point", "coordinates": [-0.2717172, 5.5873886]}}, {"type": "Feature", "properties": {"stop_id": "5084834968", "name": "Junction"}, "geometry": {"type": "Point", "coordinates": [-0.2906406, 5.6358869]}}, {"type": "Feature", "properties": {"stop_id": "SA5083501065", "name": "Tei Abaa"}, "geometry": {"type": "Point", "coordinates": [-0.2380777, 5.5273041]}}, {"type": "Feature", "properties": {"stop_id": "5024785671", "name": "Mental"}, "geometry": {"type": "Point", "coordinates": [-0.2045165, 5.5624636]}}, {"type": "Feature", "properties": {"stop_id": "5064268100", "name": "Souvenir 2nd"}, "geometry": {"type": "Point", "coordinates": [-0.2329906, 5.5938677]}}, {"type": "Feature", "properties": {"stop_id": "SA2917277220", "name": "Abofu"}, "geometry": {"type": "Point", "coordinates": [-0.2229509, 5.6139906]}}, {"type": "Feature", "properties": {"stop_id": "5022509210", "name": "Banana Inn"}, "geometry": {"type": "Point", "coordinates": [-0.255041, 5.5418646]}}, {"type": "Feature", "properties": {"stop_id": "5022509211", "name": "Mango Down"}, "geometry": {"type": "Point", "coordinates": [-0.2565153, 5.5428385]}}, {"type": "Feature", "properties": {"stop_id": "5022509212", "name": "Akoo Store"}, "geometry": {"type": "Point", "coordinates": [-0.2552249, 5.5497411]}}, {"type": "Feature", "properties": {"stop_id": "5022509213", "name": "Zambrama Line"}, "geometry": {"type": "Point", "coordinates": [-0.2570439, 5.5496153]}}, {"type": "Feature", "properties": {"stop_id": "4982950478", "name": "CP"}, "geometry": {"type": "Point", "coordinates": [-0.2164891, 5.6145417]}}, {"type": "Feature", "properties": {"stop_id": "SA5010303807", "name": "Links Garden"}, "geometry": {"type": "Point", "coordinates": [-0.2466654, 5.6148022]}}, {"type": "Feature", "properties": {"stop_id": "SA5051112438", "name": "Azorka Junction"}, "geometry": {"type": "Point", "coordinates": [-0.298078, 5.633223]}}, {"type": "Feature", "properties": {"stop_id": "SA5051112439", "name": "Aba ase"}, "geometry": {"type": "Point", "coordinates": [-0.2980646, 5.6291992]}}, {"type": "Feature", "properties": {"stop_id": "5005192353", "name": "Commercial Bank"}, "geometry": {"type": "Point", "coordinates": [-0.2152924, 5.5683543]}}, {"type": "Feature", "properties": {"stop_id": "SA5001014676", "name": "MTN"}, "geometry": {"type": "Point", "coordinates": [-0.2613127, 5.5586785]}}, {"type": "Feature", "properties": {"stop_id": "SA5051112436", "name": "Fan-Milk"}, "geometry": {"type": "Point", "coordinates": [-0.2980227, 5.6361894]}}, {"type": "Feature", "properties": {"stop_id": "SA5051112437", "name": "Junction"}, "geometry": {"type": "Point", "coordinates": [-0.2980638, 5.6348528]}}, {"type": "Feature", "properties": {"stop_id": "5027216643", "name": "Mr Mensah"}, "geometry": {"type": "Point", "coordinates": [-0.2614854, 5.539017]}}, {"type": "Feature", "properties": {"stop_id": "4990644977", "name": "Rainbow"}, "geometry": {"type": "Point", "coordinates": [-0.09572, 5.6325]}}, {"type": "Feature", "properties": {"stop_id": "4990644974", "name": "Total"}, "geometry": {"type": "Point", "coordinates": [-0.087111, 5.6276574]}}, {"type": "Feature", "properties": {"stop_id": "4990644975", "name": "Kotobaabi"}, "geometry": {"type": "Point", "coordinates": [-0.0897778, 5.6286941]}}, {"type": "Feature", "properties": {"stop_id": "4990644972", "name": "Victory Signboard"}, "geometry": {"type": "Point", "coordinates": [-0.0826056, 5.6260024]}}, {"type": "Feature", "properties": {"stop_id": "4990644973", "name": "White House"}, "geometry": {"type": "Point", "coordinates": [-0.0855121, 5.6270038]}}, {"type": "Feature", "properties": {"stop_id": "4990644970", "name": "18 Junction"}, "geometry": {"type": "Point", "coordinates": [-0.0759337, 5.6248519]}}, {"type": "Feature", "properties": {"stop_id": "5027216644", "name": "Banana Inn"}, "geometry": {"type": "Point", "coordinates": [-0.2548831, 5.541648]}}, {"type": "Feature", "properties": {"stop_id": "SA4981090380", "name": "Legon First"}, "geometry": {"type": "Point", "coordinates": [-0.1795016, 5.6489286]}}, {"type": "Feature", "properties": {"stop_id": "SA4981090381", "name": "18"}, "geometry": {"type": "Point", "coordinates": [-0.1953423, 5.6409982]}}, {"type": "Feature", "properties": {"stop_id": "4990644978", "name": "First Choice"}, "geometry": {"type": "Point", "coordinates": [-0.0970358, 5.6332704]}}, {"type": "Feature", "properties": {"stop_id": "SA5102717950", "name": "Nzunzu"}, "geometry": {"type": "Point", "coordinates": [-0.2241098, 5.5301095]}}, {"type": "Feature", "properties": {"stop_id": "4982950479", "name": "Achimota Overhead"}, "geometry": {"type": "Point", "coordinates": [-0.2263945, 5.6126652]}}, {"type": "Feature", "properties": {"stop_id": "5023802908", "name": "Alafia"}, "geometry": {"type": "Point", "coordinates": [-0.2524053, 5.592935]}}, {"type": "Feature", "properties": {"stop_id": "SA5050667456", "name": "Phobia Junction"}, "geometry": {"type": "Point", "coordinates": [-0.2696814, 5.6133366]}}, {"type": "Feature", "properties": {"stop_id": "SA5095915262", "name": "Duase"}, "geometry": {"type": "Point", "coordinates": [-0.2909531, 5.6310749]}}, {"type": "Feature", "properties": {"stop_id": "4990423837", "name": "Fishpond"}, "geometry": {"type": "Point", "coordinates": [-0.2499632, 5.6185775]}}, {"type": "Feature", "properties": {"stop_id": "SA5022716843", "name": "Children's Park Second"}, "geometry": {"type": "Point", "coordinates": [-0.1988221, 5.5572402]}}, {"type": "Feature", "properties": {"stop_id": "5113124903", "name": "2nd Curve"}, "geometry": {"type": "Point", "coordinates": [-0.2098088, 5.642975]}}, {"type": "Feature", "properties": {"stop_id": "SA5025015473", "name": "Great Lamptey"}, "geometry": {"type": "Point", "coordinates": [-0.2372041, 5.5567781]}}, {"type": "Feature", "properties": {"stop_id": "SA5049594496", "name": "Factory"}, "geometry": {"type": "Point", "coordinates": [-0.2457197, 5.5807693]}}, {"type": "Feature", "properties": {"stop_id": "4990423835", "name": "Nii Boi Station"}, "geometry": {"type": "Point", "coordinates": [-0.2452452, 5.6137295]}}, {"type": "Feature", "properties": {"stop_id": "SA5049594493", "name": "Grade 4"}, "geometry": {"type": "Point", "coordinates": [-0.2294594, 5.5861756]}}, {"type": "Feature", "properties": {"stop_id": "SA5049594492", "name": "Railway"}, "geometry": {"type": "Point", "coordinates": [-0.2226898, 5.5870939]}}, {"type": "Feature", "properties": {"stop_id": "SA5049594491", "name": "M-Plaza"}, "geometry": {"type": "Point", "coordinates": [-0.2204852, 5.5802513]}}, {"type": "Feature", "properties": {"stop_id": "SA5049594490", "name": "Aveno"}, "geometry": {"type": "Point", "coordinates": [-0.2196165, 5.5801584]}}, {"type": "Feature", "properties": {"stop_id": "5110119204", "name": "Tipper"}, "geometry": {"type": "Point", "coordinates": [-0.2699125, 5.5785025]}}, {"type": "Feature", "properties": {"stop_id": "5024234904", "name": "La bay"}, "geometry": {"type": "Point", "coordinates": [-0.2468583, 5.5556787]}}, {"type": "Feature", "properties": {"stop_id": "5025249683", "name": "Soko Junction"}, "geometry": {"type": "Point", "coordinates": [-0.2486091, 5.5453241]}}, {"type": "Feature", "properties": {"stop_id": "5110119200", "name": "Abase Mallam"}, "geometry": {"type": "Point", "coordinates": [-0.2874568, 5.5743755]}}, {"type": "Feature", "properties": {"stop_id": "5025249684", "name": "Premier"}, "geometry": {"type": "Point", "coordinates": [-0.2448359, 5.5429921]}}, {"type": "Feature", "properties": {"stop_id": "5110119202", "name": "Chabaar"}, "geometry": {"type": "Point", "coordinates": [-0.2750105, 5.5760642]}}, {"type": "Feature", "properties": {"stop_id": "5110119203", "name": "Sakaman"}, "geometry": {"type": "Point", "coordinates": [-0.2739904, 5.5766642]}}, {"type": "Feature", "properties": {"stop_id": "SA5111681606", "name": "Makola Market"}, "geometry": {"type": "Point", "coordinates": [-0.2049086, 5.5477344]}}, {"type": "Feature", "properties": {"stop_id": "SA5113124880", "name": "Market"}, "geometry": {"type": "Point", "coordinates": [-0.2044867, 5.6978708]}}, {"type": "Feature", "properties": {"stop_id": "4990163123", "name": "Circle Asoredanho"}, "geometry": {"type": "Point", "coordinates": [-0.2165312, 5.5754508]}}, {"type": "Feature", "properties": {"stop_id": "5122910516", "name": "Fatale"}, "geometry": {"type": "Point", "coordinates": [-0.2237364, 5.5578234]}}, {"type": "Feature", "properties": {"stop_id": "SA5102716808", "name": "Boodi"}, "geometry": {"type": "Point", "coordinates": [-0.2147105, 5.5327395]}}, {"type": "Feature", "properties": {"stop_id": "SA5084325671", "name": "Anyaa"}, "geometry": {"type": "Point", "coordinates": [-0.2945155, 5.6050824]}}, {"type": "Feature", "properties": {"stop_id": "SA5087268449", "name": "Opoku Ware"}, "geometry": {"type": "Point", "coordinates": [-0.2732572, 5.5642066]}}, {"type": "Feature", "properties": {"stop_id": "5010154455", "name": "Water Works"}, "geometry": {"type": "Point", "coordinates": [-0.2778165, 5.5795476]}}, {"type": "Feature", "properties": {"stop_id": "5040110846", "name": "Nima Junction"}, "geometry": {"type": "Point", "coordinates": [-0.2085784, 5.5823679]}}, {"type": "Feature", "properties": {"stop_id": "5128705675", "name": "Odorna Market"}, "geometry": {"type": "Point", "coordinates": [-0.2162133, 5.5667626]}}, {"type": "Feature", "properties": {"stop_id": "SA5027303266", "name": "Central University"}, "geometry": {"type": "Point", "coordinates": [-0.2425567, 5.565345]}}, {"type": "Feature", "properties": {"stop_id": "SA5027303267", "name": "Kateco"}, "geometry": {"type": "Point", "coordinates": [-0.2439167, 5.5657429]}}, {"type": "Feature", "properties": {"stop_id": "SA5027303264", "name": "Ashley's"}, "geometry": {"type": "Point", "coordinates": [-0.2388382, 5.5638148]}}, {"type": "Feature", "properties": {"stop_id": "SA5027303265", "name": "Kant"}, "geometry": {"type": "Point", "coordinates": [-0.2405406, 5.564836]}}, {"type": "Feature", "properties": {"stop_id": "SA5021041011", "name": "Ofankor Taxi Rank"}, "geometry": {"type": "Point", "coordinates": [-0.2672245, 5.6578716]}}, {"type": "Feature", "properties": {"stop_id": "SA5020021372", "name": "Achimota Old Station"}, "geometry": {"type": "Point", "coordinates": [-0.2289824, 5.6151636]}}, {"type": "Feature", "properties": {"stop_id": "SA5020021370", "name": "Neoplan"}, "geometry": {"type": "Point", "coordinates": [-0.2329536, 5.6240908]}}, {"type": "Feature", "properties": {"stop_id": "SA5020021371", "name": "Achimota Overhead"}, "geometry": {"type": "Point", "coordinates": [-0.2303119, 5.6199311]}}, {"type": "Feature", "properties": {"stop_id": "SA5027303268", "name": "Kembs Hotel"}, "geometry": {"type": "Point", "coordinates": [-0.2457711, 5.5608413]}}, {"type": "Feature", "properties": {"stop_id": "SA5115477023", "name": "Madina Station"}, "geometry": {"type": "Point", "coordinates": [-0.1712618, 5.6760292]}}, {"type": "Feature", "properties": {"stop_id": "SA5038307548", "name": "Coca Cola"}, "geometry": {"type": "Point", "coordinates": [-0.2302732, 5.6484932]}}, {"type": "Feature", "properties": {"stop_id": "SA5038307543", "name": "Damresco"}, "geometry": {"type": "Point", "coordinates": [-0.2183392, 5.6384216]}}, {"type": "Feature", "properties": {"stop_id": "SA5038307542", "name": "Colf store"}, "geometry": {"type": "Point", "coordinates": [-0.2169849, 5.6371407]}}, {"type": "Feature", "properties": {"stop_id": "SA5038307541", "name": "Legon"}, "geometry": {"type": "Point", "coordinates": [-0.1790068, 5.6512471]}}, {"type": "Feature", "properties": {"stop_id": "5128705674", "name": "Go Slow"}, "geometry": {"type": "Point", "coordinates": [-0.1352284, 5.5653367]}}, {"type": "Feature", "properties": {"stop_id": "SA5030924914", "name": "Nima Station (Gutter Station)"}, "geometry": {"type": "Point", "coordinates": [-0.1966627, 5.5882723]}}, {"type": "Feature", "properties": {"stop_id": "SA5038307545", "name": "Koforidua House"}, "geometry": {"type": "Point", "coordinates": [-0.224883, 5.6444862]}}, {"type": "Feature", "properties": {"stop_id": "5040742580", "name": "Ayigbe Junction"}, "geometry": {"type": "Point", "coordinates": [-0.2655117, 5.6309159]}}, {"type": "Feature", "properties": {"stop_id": "5033542213", "name": "Cathedral"}, "geometry": {"type": "Point", "coordinates": [-0.2062407, 5.563355]}}, {"type": "Feature", "properties": {"stop_id": "4994958928", "name": "Accra UTC"}, "geometry": {"type": "Point", "coordinates": [-0.2099938, 5.54688]}}, {"type": "Feature", "properties": {"stop_id": "SA5052380389", "name": "Achimota Police Station"}, "geometry": {"type": "Point", "coordinates": [-0.2184337, 5.6209087]}}, {"type": "Feature", "properties": {"stop_id": "4994958925", "name": "Champion"}, "geometry": {"type": "Point", "coordinates": [-0.209378, 5.5572353]}}, {"type": "Feature", "properties": {"stop_id": "4994958924", "name": "Adabraka Market"}, "geometry": {"type": "Point", "coordinates": [-0.2110657, 5.5637]}}, {"type": "Feature", "properties": {"stop_id": "4994958927", "name": "Accra Poly"}, "geometry": {"type": "Point", "coordinates": [-0.20843, 5.5534864]}}, {"type": "Feature", "properties": {"stop_id": "4994958926", "name": "Starlite"}, "geometry": {"type": "Point", "coordinates": [-0.2090847, 5.5559622]}}, {"type": "Feature", "properties": {"stop_id": "4994958921", "name": "Fitting Shop"}, "geometry": {"type": "Point", "coordinates": [-0.2261722, 5.599276]}}, {"type": "Feature", "properties": {"stop_id": "SA4752773021", "name": "Mendskrom"}, "geometry": {"type": "Point", "coordinates": [-0.2971831, 5.5583351]}}, {"type": "Feature", "properties": {"stop_id": "4994958922", "name": "Alajo"}, "geometry": {"type": "Point", "coordinates": [-0.2179553, 5.5887674]}}, {"type": "Feature", "properties": {"stop_id": "SA5031643334", "name": "Total"}, "geometry": {"type": "Point", "coordinates": [-0.2077946, 5.5652032]}}, {"type": "Feature", "properties": {"stop_id": "5040089800", "name": "Roman junction"}, "geometry": {"type": "Point", "coordinates": [-0.215747, 5.5849824]}}, {"type": "Feature", "properties": {"stop_id": "SA5047423635", "name": "Salaga Junction"}, "geometry": {"type": "Point", "coordinates": [-0.2091873, 5.5415778]}}, {"type": "Feature", "properties": {"stop_id": "SA5047423636", "name": "Fire Service"}, "geometry": {"type": "Point", "coordinates": [-0.2155341, 5.5323681]}}, {"type": "Feature", "properties": {"stop_id": "5036565836", "name": "Gimpa Junction"}, "geometry": {"type": "Point", "coordinates": [-0.2094225, 5.6389743]}}, {"type": "Feature", "properties": {"stop_id": "5038307546", "name": "Lebo"}, "geometry": {"type": "Point", "coordinates": [-0.2263295, 5.645769]}}, {"type": "Feature", "properties": {"stop_id": "SA5028483806", "name": "Block Factory"}, "geometry": {"type": "Point", "coordinates": [-0.1308474, 5.5826056]}}, {"type": "Feature", "properties": {"stop_id": "SA4982950474", "name": "Pig Farm Junction"}, "geometry": {"type": "Point", "coordinates": [-0.1959488, 5.5998915]}}, {"type": "Feature", "properties": {"stop_id": "SA5043308480", "name": "Odorkor"}, "geometry": {"type": "Point", "coordinates": [-0.2646775, 5.5843584]}}, {"type": "Feature", "properties": {"stop_id": "SA4982950470", "name": "37 First Gate"}, "geometry": {"type": "Point", "coordinates": [-0.1828992, 5.5902669]}}, {"type": "Feature", "properties": {"stop_id": "SA4982950472", "name": "Kankudi"}, "geometry": {"type": "Point", "coordinates": [-0.1885244, 5.5947696]}}, {"type": "Feature", "properties": {"stop_id": "5028998323", "name": "Agblezaa"}, "geometry": {"type": "Point", "coordinates": [-0.1246237, 5.6169173]}}, {"type": "Feature", "properties": {"stop_id": "SA4982950478", "name": "CP"}, "geometry": {"type": "Point", "coordinates": [-0.2164891, 5.6145417]}}, {"type": "Feature", "properties": {"stop_id": "5054183496", "name": "Abossey-Okai"}, "geometry": {"type": "Point", "coordinates": [-0.2365707, 5.5651612]}}, {"type": "Feature", "properties": {"stop_id": "5036738887", "name": "Mallam Attah"}, "geometry": {"type": "Point", "coordinates": [-0.2097888, 5.5793931]}}, {"type": "Feature", "properties": {"stop_id": "SA5064078028", "name": "Bridge"}, "geometry": {"type": "Point", "coordinates": [-0.339341, 5.752047]}}, {"type": "Feature", "properties": {"stop_id": "SA5064078029", "name": "Gaogao"}, "geometry": {"type": "Point", "coordinates": [-0.3239047, 5.7577776]}}, {"type": "Feature", "properties": {"stop_id": "5014716656", "name": "Ashfoam Junction"}, "geometry": {"type": "Point", "coordinates": [-0.2241143, 5.582849]}}, {"type": "Feature", "properties": {"stop_id": "SA5024322030", "name": "T-Junction"}, "geometry": {"type": "Point", "coordinates": [-0.2516221, 5.6269287]}}, {"type": "Feature", "properties": {"stop_id": "SA5064078023", "name": "Adeyman"}, "geometry": {"type": "Point", "coordinates": [-0.3718211, 5.7171517]}}, {"type": "Feature", "properties": {"stop_id": "5064890129", "name": "Biscuit Factory"}, "geometry": {"type": "Point", "coordinates": [-0.066885, 5.6640865]}}, {"type": "Feature", "properties": {"stop_id": "SA5064078025", "name": "Sampahman police station"}, "geometry": {"type": "Point", "coordinates": [-0.3657226, 5.7222488]}}, {"type": "Feature", "properties": {"stop_id": "SA5064078026", "name": "Real Plan estate gate"}, "geometry": {"type": "Point", "coordinates": [-0.3644745, 5.7275931]}}, {"type": "Feature", "properties": {"stop_id": "SA5064078027", "name": "Kotokou market"}, "geometry": {"type": "Point", "coordinates": [-0.3613331, 5.7351676]}}, {"type": "Feature", "properties": {"stop_id": "4184924289", "name": "Paloma"}, "geometry": {"type": "Point", "coordinates": [-0.2058868, 5.5720606]}}, {"type": "Feature", "properties": {"stop_id": "5045353349", "name": "Appiah Danquah/Soko"}, "geometry": {"type": "Point", "coordinates": [-0.252404, 5.5452374]}}, {"type": "Feature", "properties": {"stop_id": "5035473850", "name": "Mangoase"}, "geometry": {"type": "Point", "coordinates": [-0.248217, 5.5862569]}}, {"type": "Feature", "properties": {"stop_id": "5037031763", "name": "Manet"}, "geometry": {"type": "Point", "coordinates": [-0.1290755, 5.640831]}}, {"type": "Feature", "properties": {"stop_id": "SA5040173329", "name": "PTC"}, "geometry": {"type": "Point", "coordinates": [-0.2151494, 5.567761]}}, {"type": "Feature", "properties": {"stop_id": "5084325669", "name": "Anyah Last Stop"}, "geometry": {"type": "Point", "coordinates": [-0.296444, 5.6078144]}}, {"type": "Feature", "properties": {"stop_id": "5084325668", "name": "Nsunfa"}, "geometry": {"type": "Point", "coordinates": [-0.2942715, 5.6164455]}}, {"type": "Feature", "properties": {"stop_id": "5000972535", "name": "Dansoman Market"}, "geometry": {"type": "Point", "coordinates": [-0.2647488, 5.5415133]}}, {"type": "Feature", "properties": {"stop_id": "5000972534", "name": "Exhibition (Dansoman)"}, "geometry": {"type": "Point", "coordinates": [-0.2648883, 5.5379947]}}, {"type": "Feature", "properties": {"stop_id": "5000972533", "name": "Seven Great"}, "geometry": {"type": "Point", "coordinates": [-0.2651739, 5.5356714]}}, {"type": "Feature", "properties": {"stop_id": "5000972532", "name": "Kofi ne Ama"}, "geometry": {"type": "Point", "coordinates": [-0.2653134, 5.5330451]}}, {"type": "Feature", "properties": {"stop_id": "5084325661", "name": "Bokorbokor"}, "geometry": {"type": "Point", "coordinates": [-0.3201353, 5.6290685]}}, {"type": "Feature", "properties": {"stop_id": "5084325660", "name": "Ablekuma CP"}, "geometry": {"type": "Point", "coordinates": [-0.3235555, 5.6316851]}}, {"type": "Feature", "properties": {"stop_id": "5084325663", "name": "Ablekuma Junction"}, "geometry": {"type": "Point", "coordinates": [-0.3087365, 5.6269624]}}, {"type": "Feature", "properties": {"stop_id": "5084325662", "name": "Ablekuma Park"}, "geometry": {"type": "Point", "coordinates": [-0.313538, 5.6273138]}}, {"type": "Feature", "properties": {"stop_id": "5084325665", "name": "Galilee"}, "geometry": {"type": "Point", "coordinates": [-0.3022059, 5.6234872]}}, {"type": "Feature", "properties": {"stop_id": "5084325664", "name": "Pentecost Junction"}, "geometry": {"type": "Point", "coordinates": [-0.3067395, 5.625876]}}, {"type": "Feature", "properties": {"stop_id": "5084325667", "name": "CP"}, "geometry": {"type": "Point", "coordinates": [-0.2945457, 5.6187165]}}, {"type": "Feature", "properties": {"stop_id": "5095971779", "name": "Sukura Market"}, "geometry": {"type": "Point", "coordinates": [-0.2512097, 5.5524034]}}, {"type": "Feature", "properties": {"stop_id": "SA5082556334", "name": "Social"}, "geometry": {"type": "Point", "coordinates": [-0.2082218, 5.5951637]}}, {"type": "Feature", "properties": {"stop_id": "4997071032", "name": "Old Stop"}, "geometry": {"type": "Point", "coordinates": [-0.2327239, 5.5875218]}}, {"type": "Feature", "properties": {"stop_id": "5029644471", "name": "Nima"}, "geometry": {"type": "Point", "coordinates": [-0.1983761, 5.5805666]}}, {"type": "Feature", "properties": {"stop_id": "5029644473", "name": "Frankies Hotel Junction"}, "geometry": {"type": "Point", "coordinates": [-0.1986836, 5.5776692]}}, {"type": "Feature", "properties": {"stop_id": "5029644472", "name": "Nima Mamobi"}, "geometry": {"type": "Point", "coordinates": [-0.1977842, 5.5800754]}}, {"type": "Feature", "properties": {"stop_id": "5029644475", "name": "Accra High School"}, "geometry": {"type": "Point", "coordinates": [-0.200385, 5.5693914]}}, {"type": "Feature", "properties": {"stop_id": "5029644474", "name": "Kanda Roundabout Junction"}, "geometry": {"type": "Point", "coordinates": [-0.1966583, 5.5760993]}}, {"type": "Feature", "properties": {"stop_id": "5029644476", "name": "National Theatre"}, "geometry": {"type": "Point", "coordinates": [-0.201016, 5.5542962]}}, {"type": "Feature", "properties": {"stop_id": "5026151282", "name": "Adodo"}, "geometry": {"type": "Point", "coordinates": [-0.2363464, 5.5890672]}}, {"type": "Feature", "properties": {"stop_id": "5026151283", "name": "Amankwah"}, "geometry": {"type": "Point", "coordinates": [-0.2382594, 5.5891114]}}, {"type": "Feature", "properties": {"stop_id": "5026151280", "name": "CPP"}, "geometry": {"type": "Point", "coordinates": [-0.230776, 5.582718]}}, {"type": "Feature", "properties": {"stop_id": "5026151281", "name": "Swanlake"}, "geometry": {"type": "Point", "coordinates": [-0.2320659, 5.585988]}}, {"type": "Feature", "properties": {"stop_id": "5026151286", "name": "Ziggy"}, "geometry": {"type": "Point", "coordinates": [-0.2416064, 5.5906803]}}, {"type": "Feature", "properties": {"stop_id": "5026151287", "name": "Point 4"}, "geometry": {"type": "Point", "coordinates": [-0.242188, 5.5923419]}}, {"type": "Feature", "properties": {"stop_id": "5026151284", "name": "Assemblies of God"}, "geometry": {"type": "Point", "coordinates": [-0.240162, 5.5881403]}}, {"type": "Feature", "properties": {"stop_id": "5026151285", "name": "Demod"}, "geometry": {"type": "Point", "coordinates": [-0.2408005, 5.5890142]}}, {"type": "Feature", "properties": {"stop_id": "5116094286", "name": "Accra Girls"}, "geometry": {"type": "Point", "coordinates": [-0.1943149, 5.5977479]}}, {"type": "Feature", "properties": {"stop_id": "5116094287", "name": "Pig Farm Junction"}, "geometry": {"type": "Point", "coordinates": [-0.196243, 5.5990653]}}, {"type": "Feature", "properties": {"stop_id": "5116094284", "name": "Nima Station"}, "geometry": {"type": "Point", "coordinates": [-0.1986518, 5.5814723]}}, {"type": "Feature", "properties": {"stop_id": "5116094285", "name": "Bridge"}, "geometry": {"type": "Point", "coordinates": [-0.2036133, 5.5827055]}}, {"type": "Feature", "properties": {"stop_id": "5008220724", "name": "Daavi"}, "geometry": {"type": "Point", "coordinates": [-0.2524653, 5.6551228]}}, {"type": "Feature", "properties": {"stop_id": "5008220725", "name": "Airport"}, "geometry": {"type": "Point", "coordinates": [-0.2527234, 5.6533152]}}, {"type": "Feature", "properties": {"stop_id": "5008220726", "name": "Taifa Junction"}, "geometry": {"type": "Point", "coordinates": [-0.2516116, 5.6493606]}}, {"type": "Feature", "properties": {"stop_id": "5008220727", "name": "St. Anthony School"}, "geometry": {"type": "Point", "coordinates": [-0.2500769, 5.6194047]}}, {"type": "Feature", "properties": {"stop_id": "5008220722", "name": "Nii Ayi Kushie Street"}, "geometry": {"type": "Point", "coordinates": [-0.2498049, 5.6422381]}}, {"type": "Feature", "properties": {"stop_id": "5008220723", "name": "Taifa"}, "geometry": {"type": "Point", "coordinates": [-0.252853, 5.6583888]}}, {"type": "Feature", "properties": {"stop_id": "4981090375", "name": "PWD"}, "geometry": {"type": "Point", "coordinates": [-0.2188871, 5.6240003]}}, {"type": "Feature", "properties": {"stop_id": "5031022751", "name": "Roundabout"}, "geometry": {"type": "Point", "coordinates": [-0.2285804, 5.562593]}}, {"type": "Feature", "properties": {"stop_id": "4981090377", "name": "Airways Junction"}, "geometry": {"type": "Point", "coordinates": [-0.2108582, 5.6381796]}}, {"type": "Feature", "properties": {"stop_id": "4981090376", "name": "Legon Primary School"}, "geometry": {"type": "Point", "coordinates": [-0.1899442, 5.642692]}}, {"type": "Feature", "properties": {"stop_id": "4981090370", "name": "Kisseman Junction"}, "geometry": {"type": "Point", "coordinates": [-0.2132336, 5.637254]}}, {"type": "Feature", "properties": {"stop_id": "5038307541", "name": "Legon"}, "geometry": {"type": "Point", "coordinates": [-0.1790068, 5.6512471]}}, {"type": "Feature", "properties": {"stop_id": "4981090372", "name": "Legon Traffic Light"}, "geometry": {"type": "Point", "coordinates": [-0.1792475, 5.6405525]}}, {"type": "Feature", "properties": {"stop_id": "4981090379", "name": "Pure Fire"}, "geometry": {"type": "Point", "coordinates": [-0.2118914, 5.6378831]}}, {"type": "Feature", "properties": {"stop_id": "SA5014899352", "name": "Block Factory"}, "geometry": {"type": "Point", "coordinates": [-0.3058457, 5.6221945]}}, {"type": "Feature", "properties": {"stop_id": "5023802909", "name": "Bubuashie"}, "geometry": {"type": "Point", "coordinates": [-0.2398851, 5.5802895]}}, {"type": "Feature", "properties": {"stop_id": "SA5104165252", "name": "Kaadzano Junction"}, "geometry": {"type": "Point", "coordinates": [-0.1744149, 5.5536535]}}, {"type": "Feature", "properties": {"stop_id": "SA5014899353", "name": "Pentecost Junction"}, "geometry": {"type": "Point", "coordinates": [-0.3069008, 5.6255115]}}, {"type": "Feature", "properties": {"stop_id": "SA5104165255", "name": "Stadium Junction"}, "geometry": {"type": "Point", "coordinates": [-0.1909015, 5.5502461]}}, {"type": "Feature", "properties": {"stop_id": "5023802907", "name": "Circle Station"}, "geometry": {"type": "Point", "coordinates": [-0.251954, 5.5902909]}}, {"type": "Feature", "properties": {"stop_id": "5023802906", "name": "Quarters"}, "geometry": {"type": "Point", "coordinates": [-0.2516824, 5.5856454]}}, {"type": "Feature", "properties": {"stop_id": "5023802905", "name": "Add a name to the stop with JungleBus app"}, "geometry": {"type": "Point", "coordinates": [-0.2517039, 5.5834631]}}, {"type": "Feature", "properties": {"stop_id": "4980974766", "name": "White House"}, "geometry": {"type": "Point", "coordinates": [-0.2361356, 5.5276285]}}, {"type": "Feature", "properties": {"stop_id": "4980974767", "name": "Ejas"}, "geometry": {"type": "Point", "coordinates": [-0.2317564, 5.528899]}}, {"type": "Feature", "properties": {"stop_id": "4980974764", "name": "Sempe Second"}, "geometry": {"type": "Point", "coordinates": [-0.2383511, 5.5367807]}}, {"type": "Feature", "properties": {"stop_id": "4980974765", "name": "Black Smith"}, "geometry": {"type": "Point", "coordinates": [-0.2402081, 5.5508347]}}, {"type": "Feature", "properties": {"stop_id": "4980974762", "name": "Duanase"}, "geometry": {"type": "Point", "coordinates": [-0.2367828, 5.5295993]}}, {"type": "Feature", "properties": {"stop_id": "4980974763", "name": "Hotel Junction"}, "geometry": {"type": "Point", "coordinates": [-0.2342577, 5.5280014]}}, {"type": "Feature", "properties": {"stop_id": "4980974760", "name": "Salvation Army"}, "geometry": {"type": "Point", "coordinates": [-0.2395311, 5.5416466]}}, {"type": "Feature", "properties": {"stop_id": "5001014668", "name": "Asoredanho Curve"}, "geometry": {"type": "Point", "coordinates": [-0.2565312, 5.5680446]}}, {"type": "Feature", "properties": {"stop_id": "4982950474", "name": "Pig Farm Junction"}, "geometry": {"type": "Point", "coordinates": [-0.1959488, 5.5998915]}}, {"type": "Feature", "properties": {"stop_id": "SA5102890841", "name": "Curve Shiabu"}, "geometry": {"type": "Point", "coordinates": [-0.25466, 5.5258184]}}, {"type": "Feature", "properties": {"stop_id": "4980974768", "name": "Mamprobi Shell"}, "geometry": {"type": "Point", "coordinates": [-0.2375607, 5.5335068]}}, {"type": "Feature", "properties": {"stop_id": "5083501065", "name": "Tei Abaa"}, "geometry": {"type": "Point", "coordinates": [-0.2380777, 5.5273041]}}, {"type": "Feature", "properties": {"stop_id": "5083501066", "name": "Korle gonno shell"}, "geometry": {"type": "Point", "coordinates": [-0.2249076, 5.5299358]}}, {"type": "Feature", "properties": {"stop_id": "5030747568", "name": "Chinese"}, "geometry": {"type": "Point", "coordinates": [-0.1866637, 5.6119828]}}, {"type": "Feature", "properties": {"stop_id": "SA5028866872", "name": "Mawarko"}, "geometry": {"type": "Point", "coordinates": [-0.1957807, 5.5909155]}}, {"type": "Feature", "properties": {"stop_id": "SA5082556331", "name": "Merciful Hotel"}, "geometry": {"type": "Point", "coordinates": [-0.2135911, 5.5985535]}}, {"type": "Feature", "properties": {"stop_id": "SA4989366228", "name": "Circle Neoplan Station"}, "geometry": {"type": "Point", "coordinates": [-0.2182021, 5.5690587]}}, {"type": "Feature", "properties": {"stop_id": "5092747239", "name": "Manhia Afuaman"}, "geometry": {"type": "Point", "coordinates": [-0.3515719, 5.6383197]}}, {"type": "Feature", "properties": {"stop_id": "SA4150793105", "name": "Spanner"}, "geometry": {"type": "Point", "coordinates": [-0.1764853, 5.620506]}}, {"type": "Feature", "properties": {"stop_id": "5001014667", "name": "Dansoman Asoredanho"}, "geometry": {"type": "Point", "coordinates": [-0.2554026, 5.5702303]}}, {"type": "Feature", "properties": {"stop_id": "5011901717", "name": "Pharmacy"}, "geometry": {"type": "Point", "coordinates": [-0.2490255, 5.6239171]}}, {"type": "Feature", "properties": {"stop_id": "5011901716", "name": "Dome"}, "geometry": {"type": "Point", "coordinates": [-0.2372213, 5.6451553]}}]}